[{"model": "mainpage.teacher", "pk": 0, "fields": {"teacher_name": "admin", "school": "admin", "email": "admin@gmail.com", "password": "test1234", "approve": 1}}, {"model": "mainpage.teacher", "pk": 1, "fields": {"teacher_name": "test-teacher", "school": "\u3131\ucd08\ub4f1\ud559\uad50", "email": "test-teacher@gmail.com", "password": "test1234", "approve": 1}}, {"model": "mainpage.teacher", "pk": 2, "fields": {"teacher_name": "\ud64d\uae38\ub3d92", "school": "\u3134\ucd08\ub4f1\ud559\uad50", "email": "hong2@naver.com", "password": "2143123423", "approve": 0}}, {"model": "mainpage.teacher", "pk": 3, "fields": {"teacher_name": "\ud64d\uae38\ub3d93", "school": "\u3137\uc911\ud559\uad50", "email": "hong3@naver.com", "password": "1324243", "approve": 1}}, {"model": "mainpage.teacher", "pk": 4, "fields": {"teacher_name": "\ud64d\uae38\ub3d94", "school": "\u3139\uace0\ub4f1\ud559\uad50", "email": "hong4@naver.com", "password": "13423", "approve": 1}}, {"model": "mainpage.teacher", "pk": 5, "fields": {"teacher_name": "\ud64d\uae38\ub3d95", "school": "\u3142\uc911\ud559\uad50", "email": "hong5@naver.com", "password": "24144", "approve": 0}}, {"model": "mainpage.teacher", "pk": 6, "fields": {"teacher_name": "\ud64d\uae38\ub3d96", "school": "\u3131\ucd08\ub4f1\ud559\uad50", "email": "hong6@naver.com", "password": "1431", "approve": 1}}, {"model": "mainpage.teacher", "pk": 7, "fields": {"teacher_name": "\ud64d\uae38\ub3d97", "school": "\u3134\ucd08\ub4f1\ud559\uad50", "email": "hong7@naver.com", "password": "2143123423", "approve": 0}}, {"model": "mainpage.teacher", "pk": 8, "fields": {"teacher_name": "\ud64d\uae38\ub3d98", "school": "\u3137\uc911\ud559\uad50", "email": "hong8@naver.com", "password": "1324243", "approve": 1}}, {"model": "mainpage.teacher", "pk": 9, "fields": {"teacher_name": "\ud64d\uae38\ub3d99", "school": "\u3139\uace0\ub4f1\ud559\uad50", "email": "hong9@naver.com", "password": "13423", "approve": 1}}, {"model": "mainpage.teacher", "pk": 10, "fields": {"teacher_name": "\ud64d\uae38\ub3d910", "school": "\u3142\uc911\ud559\uad50", "email": "hong10@naver.com", "password": "24144", "approve": 0}}, {"model": "mainpage.assignment", "pk": "24FE7OES", "fields": {"teacher": 1, "assignment_title": "\uacfc\ud559 4\uc8fc\ucc28 \ud3c9\uac00", "type": "\ud559\uc2b5\ud3c9\uac00", "start_date": "2020-04-21", "end_date": "2020-04-22", "made_date": "2020-04-21", "grade": 1, "school_class": 7}}, {"model": "mainpage.assignment", "pk": "354VK3LK", "fields": {"teacher": 3, "assignment_title": "\uacfc\ud559 4\uc8fc\ucc28 \uc219\uc81c", "type": "\uc219\uc81c\ud558\uae30", "start_date": "2020-05-03", "end_date": "2020-05-11", "made_date": "2020-05-01", "grade": 1, "school_class": 4}}, {"model": "mainpage.assignment", "pk": "37ASJKE3", "fields": {"teacher": 2, "assignment_title": "\uc601\uc5b4 3\uc8fc\ucc28 \ud3c9\uac00", "type": "\ud559\uc2b5\ud3c9\uac00", "start_date": "2020-04-26", "end_date": "2020-05-01", "made_date": "2020-04-29", "grade": 2, "school_class": 4}}, {"model": "mainpage.assignment", "pk": "3SD533J2", "fields": {"teacher": 1, "assignment_title": "\uacfc\ud559 3\uc8fc\ucc28 \ud3c9\uac00", "type": "\ud559\uc2b5\ud3c9\uac00", "start_date": "2020-04-13", "end_date": "2020-04-16", "made_date": "2020-04-12", "grade": 1, "school_class": 3}}, {"model": "mainpage.assignment", "pk": "4SADCVS2", "fields": {"teacher": 1, "assignment_title": "\uc0ac\ud68c 3\uc8fc\ucc28 \uc219\uc81c", "type": "\uc219\uc81c\ud558\uae30", "start_date": "2020-04-15", "end_date": "2020-04-18", "made_date": "2020-04-14", "grade": 2, "school_class": 1}}, {"model": "mainpage.assignment", "pk": "518KPZ67", "fields": {"teacher": 2, "assignment_title": "\uc218\ud559 2\uc8fc\ucc28 \ud3c9\uac00", "type": "\ud559\uc2b5\ud3c9\uac00", "start_date": "2020-04-22", "end_date": "2020-04-25", "made_date": "2020-04-22", "grade": 2, "school_class": 5}}, {"model": "mainpage.assignment", "pk": "546A5N3Q", "fields": {"teacher": 1, "assignment_title": "\uacfc\ud559 3\uc8fc\ucc28 \uc219\uc81c", "type": "\uc219\uc81c\ud558\uae30", "start_date": "2020-04-12", "end_date": "2020-04-15", "made_date": "2020-04-11", "grade": 1, "school_class": 3}}, {"model": "mainpage.assignment", "pk": "83SADK9D", "fields": {"teacher": 2, "assignment_title": "\uad6d\uc5b4 1\uc8fc\ucc28 \ud3c9\uac00", "type": "\uc219\uc81c\ud558\uae30", "start_date": "2020-04-24", "end_date": "2020-05-07", "made_date": "2020-04-24", "grade": 2, "school_class": 1}}, {"model": "mainpage.assignment", "pk": "SAD34WD2", "fields": {"teacher": 1, "assignment_title": "\uacfc\ud559 3\uc8fc\ucc28 \uc219\uc81c", "type": "\uc219\uc81c\ud558\uae30", "start_date": "2020-04-15", "end_date": "2020-04-17", "made_date": "2020-04-14", "grade": 1, "school_class": 7}}, {"model": "mainpage.makequestion", "pk": 1, "fields": {"teacher": 1, "question_name": "\ud06c\ub9ac\uc2a4\ub9c8\uc2a4 \uc804\uad6c \uc5f0\uacb0\ud558\uae30", "discription": "\ube68\uac04\uc0c9\uacfc \ud30c\ub780\uc0c9\uc73c\ub85c \uad6c\uc131\ub41c \ud06c\ub9ac\uc2a4\ub9c8\uc2a4 \uc804\uad6c\ub97c \ud06c\ub9ac\uc2a4\ub9c8\uc2a4\ud2b8\ub9ac\uc5d0 \uc124\uce58\ud558\ub2e4\uac00 \ud30c\ub780\uc0c9 \uc804\uad6c \ud55c \uac1c\uac00 \ube60\uc838\ubc84\ub838\uc2b5\ub2c8\ub2e4. \ud06c\ub9ac\uc2a4\ub9c8\uc2a4 \uc804\uad6c\ub97c \uc791\ub3d9\uc2dc\ucf1c\ubcf4\ub2c8, \ud30c\ub780\uc0c9 \uc804\uad6c\ub294 \ubaa8\ub450 \ubd88\uc774 \ub4e4\uc5b4\uc624\uc9c0 \uc54a\uc558\uc9c0\ub9cc, \ube68\uac04\uc0c9 \uc804\uad6c\ub294 \ubd88\uc774 \ub4e4\uc5b4\uc654\uc2b5\ub2c8\ub2e4. \ud06c\ub9ac\uc2a4\ub9c8\uc2a4 \uc804\uad6c\uac00 \ubaa8\ub450 \uace0\uc7a5 \ub098\uc9c0 \uc54a\uace0 \ube68\uac04\uc0c9 \uc804\uad6c\uc5d0\ub294 \ubd88\uc774 \ub4e4\uc5b4\uc628 \uc774\uc720\ub97c \uc804\uae30\uc758 \uc791\uc6a9\uacfc \uc804\uad6c\uc758 \uc5f0\uacb0 \ubc29\ubc95\uc5d0 \uad00\ud55c \uc9c0\uc2dd\uc744 \ud65c\uc6a9\ud558\uc5ec \uc790\uc138\ud558\uac8c \uc124\uba85\ud574 \ubd05\uc2dc\ub2e4.", "answer": "\ud30c\ub780\uc0c9 \uc804\uad6c\ub4e4\uacfc \ube68\uac04\uc0c9 \uc804\uad6c\ub4e4\uc740 \ubcd1\ub82c\ub85c \uc5f0\uacb0\ub418\uc5b4 \ud30c\ub780\uc0c9 \uc804\uad6c \ud558\ub098\uac00 \uace0\uc7a5\ub098\ub354\ub77c\ub3c4 \ubcd1\ub82c\ub85c \uc5f0\uacb0\ub41c \ub2e4\ub978 \uc904\uc758 \ube68\uac04\uc0c9 \uc804\uad6c\ub4e4\uc5d0\ub294 \uc804\ub958\uac00 \ud750\ub97c \uc218 \uc788\uc5c8\uae30 \ub54c\ubb38\uc774\ub2e4.", "image": "makequestion/image/make_question_1.png", "hint": "\ud30c\ub780\uc0c9 \uc804\uad6c \ud558\ub098 \ub54c\ubb38\uc5d0 \ud30c\ub780\uc0c9 \uc804\uad6c\ub4e4\uc774 \ubaa8\ub450 \ubd88\uc774 \ub4e4\uc5b4\uc9c0 \uc54a\ub294 \uc774\uc720\ub294 \ud30c\ub780\uc0c9 \uc804\uad6c\ub07c\ub9ac\ub294 \ud558\ub098\uc758 \uae38\ub85c \uc5f0\uacb0\ub418\uc5c8\uae30 \ub54c\ubb38\uc774\uaca0\uc8e0. \uadf8\ub807\ub2e4\uba74, \ud30c\ub780\uc0c9 \uc804\uad6c\ub4e4\uacfc \ube68\uac04\uc0c9 \uc804\uad6c\ub4e4\uc740 \uc5b4\ub5bb\uac8c \uc5f0\uacb0\ub418\uc5c8\uc744\uc9c0 \uacfc\ud559\uc801 \uc6a9\uc5b4\ub97c \ub5a0\uc62c\ub9ac\uba70 \uc870\uae08 \ub354 \uc0dd\uac01\uc744 \ubc1c\uc804\uc2dc\ucf1c \ubcfc\uae4c\uc694?", "made_date": "2020-04-11", "upload_check": 0}}, {"model": "mainpage.makequestion", "pk": 2, "fields": {"teacher": 2, "question_name": "\ubaa9\uc695\ubb3c \uc628\ub3c4 \ud655\uc778\ud558\uae30", "discription": "\ud604\uc9c4\uc774\ub294 \ubaa9\uc695\uc744 \ud558\uae30 \uc704\ud574 \uba3c\uc800 \ucc28\uac00\uc6b4 \ubb3c\uc744 \ud2c0\uace0, \ub728\uac70\uc6b4 \ubb3c\uc5c8\uc2b5\ub2c8\ub2e4. \ubb3c \ud45c\uba74\uc5d0 \uc190\uc744 \uc0b4\uc9dd \ub123\uc5b4\ubcf4\ub2c8 \ubb3c\uc774 \ub530\ub73b\ud558\uc5ec \ub4e4\uc5b4\uac00\ub2c8 \ubb3c\uc774 \uc5ec\uc804\ud788 \ucc28\uac00\uc6e0\uc2b5\ub2c8\ub2e4. \uadf8\ub7ec\uc790 \uc774\ub97c \ubcf8 \uc5b4\uba38\ub2c8\uaed8\uc11c \ubaa9\uc695\ubb3c\uc774 \uace8\uace0\ub8e8 \ub530\ub73b\ud574\uc9c0\uae30 \uc704\ud574\uc11c\ub294 \uba3c\uc800 \ub728\uac70\uc6b4 \ubb3c\uc744 \ud2c0\uace0 \ucc28\uac00\uc6b4 \ubb3c\uc744 \ud2c0\uc5b4\uc57c \ud55c\ub2e4\uace0 \ub9d0\uc500 \ud558\uc600\uc2b5\ub2c8\ub2e4. \uc65c \ub728\uac70\uc6b4 \ubb3c\uacfc \ucc28\uac00\uc6b4 \ubb3c\uc774 \uace8\uace0\ub8e8 \uc11e\uc774\uae30 \uc704\ud574\uc11c \ub728\uac70\uc6b4 \ubb3c\uc744 \uba3c\uc800 \ud2c0\uc5b4\uc57c \ud558\ub294\uc9c0 \uc5f4\uc758 \uc774\ub3d9\uc5d0 \uad00\ud55c \uc9c0\uc2dd\uc744 \ud65c\uc6a9\ud558\uc5ec \uc790\uc138\ud558\uac8c \uc124\uba85\ud574 \ubd05\uc2dc\ub2e4.", "answer": "\uc561\uccb4\uc5d0\uc11c\ub294 \ub530\ub73b\ud55c \uc561\uccb4\uac00 \uc704\ub85c \uc62c\ub77c\uac00\uace0, \ucc28\uac00\uc6b4 \uc561\uccb4\uac00 \uc544\ub798\ub85c \ub0b4\ub824\uac00\uba70 \uc5f4\uc774 \uc804\ub2ec\ub41c\ub2e4. \uadf8\ub7ec\ubbc0\ub85c \ub728\uac70\uc6b4 \ubb3c\uc744 \uba3c\uc800 \ud2b9\uace0 \ub098\uc911\uc5d0 \ucc28\uac00\uc6b4 \ubb3c\uc744 \ud2c0\uc5b4\uc57c \uc544\ub798\uc5d0 \uc788\ub294 \ub728\uac70\uc6b4 \ubb3c\uc774 \uc704\ub85c \uc62c\ub77c\uac00\uba74\uc11c \ub728\uac70\uc6b4 \ubb3c\uacfc \ucc28\uac00\uc6b4 \ubb3c\uc774 \uace8\uace0\ub8e8 \uc11e\uc77c \uc218 \uc788\uac8c \ub41c\ub2e4.", "image": "makequestion/image/make_question_2.png", "hint": "\ub530\ub73b\ud55c \ubb3c\uacfc \ucc28\uac00\uc6b4 \ubb3c\uc774 \uc5b4\ub514\ub85c \uc774\ub3d9\ud560\uae4c\uc694? \uc870\uae08 \ub354 \uc0dd\uac01\uc744 \ubc1c\uc804\uc2dc\ucf1c \ubcfc\uae4c\uc694?", "made_date": "2020-04-12", "upload_check": 1}}, {"model": "mainpage.makequestion", "pk": 3, "fields": {"teacher": 3, "question_name": "\ud5e4\uc5b4 \uc2a4\ud504\ub808\uc774\uac00 \ucc30\ub791\uac70\ub9ac\ub294 \uc774\uc720", "discription": "\uba4b\uc9c4 \ud5e4\uc5b4\uc2a4\ud0c0\uc77c\uc744 \ub9cc\ub4e4\uae30 \uc704\ud574\uc11c\ub294 \ud5e4\uc5b4 \uc2a4\ud504\ub808\uc774\ub97c \uc0ac\uc6a9\ud558\uace4 \ud569\ub2c8\ub2e4. \ud5e4\uc5b4 \uc2a4\ud504\ub808\uc774\ub294 \ud1b5 \uc548\uc5d0\uc11c\ub294 \uc561\uccb4 \uc0c1\ud0dc\ub85c \uc874\uc7ac\ud558\uc5ec \ud754\ub4e4\uba74 \uc18c\ub9ac\uac00 \ub098\uc9c0\ub9cc, \uba38\ub9ac\uc5d0 \ubfcc\ub9b4 \ub54c\ub294 \ubc16\uc73c\ub85c \ub098\uc624\uba74\uc11c \uae30\uccb4\uac00 \ub429\ub2c8\ub2e4. \uc774\ucc98\ub7fc \uae30\uccb4\ub85c \uc0ac\uc6a9\ud558\ub294 \ubb3c\uc9c8\uc744 \uc561\uccb4 \uc0c1\ud0dc\ub85c \ubcf4\uad00\ud558\ub294 \uc774\uc720\ub294 \ubb34\uc5c7\uc77c\uae4c\uc694? \uacfc\ud559\uc801\uc73c\ub85c \uc124\uba85\ud574\ubd05\uc2dc\ub2e4.", "answer": "\ubb3c\uc9c8\uc758 \uc0c1\ud0dc\uac00 \ubcc0\ud560 \ub54c \ubb3c\uc9c8\uc744 \uc774\ub8e8\ub294 \uc785\uc790\uc758 \uc885\ub958\uc640 \uac1c\uc218\ub294 \ubcc0\ud558\uc9c0 \uc54a\uace0 \uc785\uc790\uc758 \ubc30\uc5f4\ub9cc \ub2ec\ub77c\uc9d1\ub2c8\ub2e4. \ud5e4\uc5b4 \uc2a4\ud504\ub808\uc774\uac00 \uc561\ud654\ud558\uba74 \uc785\uc790 \uc0ac\uc774\uc758 \uac70\ub9ac\uac00 \uac00\uae4c\uc6cc\uc838 \ubd80\ud53c\uac00 \ud06c\uac8c \uc904\uc5b4\ub4ed\ub2c8\ub2e4. \uadf8\ub807\uae30 \ub54c\ubb38\uc5d0 \ubcf4\uad00\uc774 \uc6a9\uc774\ud574\uc9d1\ub2c8\ub2e4.", "image": "makequestion/image/make_question_3.png", "hint": "\uae30\uccb4 \uc0c1\ud0dc\uc640 \uc561\uccb4 \uc0c1\ud0dc\uc5d0\ub294 \uc5b4\ub5a0\ud55c \ucc28\uc774\uac00 \uc788\uc744\uae4c\uc694?", "made_date": "2020-04-14", "upload_check": 1}}, {"model": "mainpage.makequestion", "pk": 4, "fields": {"teacher": 4, "question_name": "\ubb34\uc5ed\uc744 \ud558\ub294 \uc774\uc720", "discription": "\uc6b0\ub9ac\ub098\ub77c\ub294 \ud574\uc678\ub85c \uae40, \uc778\uc0bc, \uc2a4\ub9c8\ud2b8\ud3f0 \ub4f1\uc744 \ub9ce\uc774 \uc218\ucd9c\ud558\uace0 \ucee4\ud53c, \ubc14\ub098\ub098, \uc6d0\uc720 \ub4f1\uc740 \ub2e4\ub978 \ub098\ub77c\ub85c\ubd80\ud130 \uc218\uc785\uc744 \ud569\ub2c8\ub2e4. \uc774\ucc98\ub7fc \uc11c\ub85c \ub2e4\ub978 \ub098\ub77c\ub07c\ub9ac \ub2e4\uc591\ud55c \ubb3c\uac74\uc744 \uc0ac\uace0\ud30c\ub294 \uc774\uc720\ub294 \ubb34\uc5c7\uc77c\uae4c\uc694?", "answer": "\ub098\ub77c\ub9c8\ub2e4 \uac00\uc9c4 \uc790\uc6d0\uc774 \ub2e4\ub974\uae30 \ub54c\ubb38\uc785\ub2c8\ub2e4.\n\ub098\ub77c\ub9c8\ub2e4 \uac00\uc9c4 \uae30\uc220\uc774 \ub2e4\ub974\uae30 \ub54c\ubb38\uc785\ub2c8\ub2e4.\n\ub098\ub77c\ub9c8\ub2e4 \ud544\uc694\ub85c \ud558\ub294 \ubb3c\uac74\uc774 \ub2e4\ub974\uae30 \ub54c\ubb38\uc785\ub2c8\ub2e4.\n\ubb34\uc5ed\uc744 \ud1b5\ud574 \uac01 \ub098\ub77c\uac00 \ud544\uc694\ub85c \ud558\ub294 \uac83\uc744 \uc5bb\uc744 \uc218 \uc788\uae30 \ub54c\ubb38\uc785\ub2c8\ub2e4. \n\ubb34\uc5ed\uc744 \ud1b5\ud574 \uac01 \ub098\ub77c\uac00 \ub3c8\uc744 \ubc8c \uc218 \uc788\uae30 \ub54c\ubb38\uc785\ub2c8\ub2e4.", "image": "makequestion/image/make_question_4.png", "hint": "\uc6b0\ub9ac\ub098\ub77c\uc5d0\uc11c \ub9ce\uc774 \uc0dd\uc0b0\ud558\ub294 \uac83\uc5d0\ub294 \uc5b4\ub5a4 \uac83\uc774 \uc788\ub098\uc694?\n\uc6b0\ub9ac\ub098\ub77c\uc5d0\uc11c \uc804\ud600 \uc0dd\uc0b0\ub418\uc9c0 \uc54a\ub294 \uac83\uc5d0\ub294 \uc5b4\ub5a4 \uac83\uc774 \uc788\ub098\uc694?", "made_date": "2020-04-14", "upload_check": 0}}, {"model": "mainpage.makequestion", "pk": 5, "fields": {"teacher": 5, "question_name": "\uc2dd\ubb3c \ubfcc\ub9ac\uc758 \uae30\ub2a5", "discription": "\uc2dd\ubaa9\uc77c\uc744 \ub9de\uc544 \ud0dc\ud6c8\uc774\uc640 \ud0dc\ud638\ub294 \uc544\ube60\uc640 \ud568\uaed8 \ub9c8\uc744 \ub4b7\uc0b0\uc5d0 \ub098\ubb34\ub97c \ud558\ub098 \uc2ec\uc73c\ub7ec \uac00\uae30\ub85c \ud588\uc2b5\ub2c8\ub2e4. \uc2dd\ubb3c\uc744 \ud759 \uc704\uc5d0 \uc0b4\uc9dd \uc62c\ub824\ub9cc \ub193\uc73c\ub824\uace0\ud558\ub294 \ud0dc\ud638\uc5d0\uac8c \uc544\ube60\ub294 \ub208\uc5d0\ub294 \uc548\ubcf4\uc5ec\ub3c4 \ubfcc\ub9ac\uac00 \uc2dd\ubb3c\uc774 \uc790\ub77c\ub294\ub370 \uc544\uc8fc \uc911\uc694\ud55c \uc5ed\ud560\uc744 \ud558\ub2c8 \uae4a\uac8c \uc798 \uc2ec\uc5b4\uc8fc\uc5b4\uc57c \ud55c\ub2e4\uace0 \ud558\uc168\uc2b5\ub2c8\ub2e4. \uad73\uc774 \uadf8\ub807\uac8c \ubfcc\ub9ac\uae4c\uc9c0 \uc2e0\uacbd \uc4f0\uba70 \uc2ec\uc5b4\uc57c \ud558\ub294\uc9c0 \uadc0\ucc2e\uc544\uc9c0\uae30 \uc2dc\uc791\ud55c \ud0dc\ud638\ub294 \ubd88\ub9cc\uc774 \ub9ce\uc2b5\ub2c8\ub2e4. \uc774 \ubaa8\uc2b5\uc744 \uc9c0\ucf1c\ubcf4\ub358 \ud0dc\ud6c8\uc774\ub294 \ub3d9\uc0dd\uc778 \ud0dc\ud638\uc5d0\uac8c \uc544\ube60\ub294 \uc65c \ubfcc\ub9ac\uae4c\uc9c0 \uc2e0\uacbd\uc744 \uc4f0\uc2dc\uba70 \uc798 \uc2ec\uc73c\ub824\uace0 \ud558\uc2e0 \uac83\uc77c\uc9c0 \uc54c\ub824\uc8fc\ub824\uace0 \ud569\ub2c8\ub2e4. \uc5ec\ub7ec\ubd84\uc774 \ud0dc\ud6c8\uc774\uac00 \ub418\uc5b4\uc11c \ub2e4\uc591\ud55c \uc2dd\ubb3c\uc5d0\uc11c \ubfcc\ub9ac\uac00 \ud558\ub294 \uc77c\ub4e4\uc5d0 \ub300\ud574\uc11c \uc124\uba85\ud574\ubcf4\uc138\uc694.    ", "answer": "\uc2dd\ubb3c\uc758 \ubfcc\ub9ac\ub294 \uc2dd\ubb3c\uccb4\ub97c \uc9c0\uc9c0 \ubc0f \uace0\uc815\ud574\uc8fc\ub294 \uc5ed\ud560, \uc591\ubd84\uc744 \uc800\uc7a5\ud558\ub294 \uc5ed\ud560, \ud1a0\uc591\uc18d\uc758 \ubb3c\uacfc \ubb34\uae30\uc5fc\ub958\ub97c \uc2dd\ubb3c\uccb4\ub85c \uc774\ub3d9\uc2dc\ud0a4\ub294 \uc5ed\ud560\uc744 \ud55c\ub2e4. ", "image": "makequestion/image/make_question_5.png", "hint": "\ubfcc\ub9ac\uac00 \uae4a\uc740 \ub098\ubb34\ub294 \ud0dc\ud48d\uc774 \ubd88\uc5b4\uc640\ub3c4 \uafcb\uafcb\ud558\uac8c \ubc84\ud2f0\ub294 \uacbd\uc6b0\uac00 \ub9ce\uc740\ub370 \uc65c \uadf8\ub7f4\uae4c\uc694?\n\ud654\ubd84 \uc2dd\ubb3c\uc744 \uc2ec\uace0 \ub098\uc11c \uc2a4\ud504\ub808\uc774\ub85c \uc78e\uc5d0\ub9cc \ubb3c\uc744 \uc8fc\uac8c \ub418\uba74 \uc2dd\ubb3c\uc774 \uc798 \ud06c\uc9c0 \ubabb\ud574\uc11c \ubfcc\ub9ac\uae4c\uc9c0 \uc816\ub3c4\ub85d \ubb3c\uc744 \uc8fc\ub77c\uace0 \ud558\ub294 \uc774\uc720\ub294 \ubb34\uc5c7\uc77c\uae4c\uc694?\n\ubb34\uc640 \uace0\uad6c\ub9c8\ub294 \uc720\uba85\ud55c \ubfcc\ub9ac\uc2dd\ubb3c\ub85c \uc54c\ub824\uc838 \uc788\uc2b5\ub2c8\ub2e4. \ubb34\uc640 \uace0\uad6c\ub9c8\uc640 \uac19\uc740 \uc2dd\ubb3c\uc758 \ubfcc\ub9ac\ub294 \uc65c \ub2e4\ub978 \uc2dd\ubb3c\uc758 \ubfcc\ub9ac\ubcf4\ub2e4 \ud074\uae4c\uc694?", "made_date": "2020-04-21", "upload_check": 1}}, {"model": "mainpage.makequestion", "pk": 6, "fields": {"teacher": 6, "question_name": "\ud06c\ub9ac\uc2a4\ub9c8\uc2a4 \uc804\uad6c \uc5f0\uacb0\ud558\uae30", "discription": "\ube68\uac04\uc0c9\uacfc \ud30c\ub780\uc0c9\uc73c\ub85c \uad6c\uc131\ub41c \ud06c\ub9ac\uc2a4\ub9c8\uc2a4 \uc804\uad6c\ub97c \ud06c\ub9ac\uc2a4\ub9c8\uc2a4\ud2b8\ub9ac\uc5d0 \uc124\uce58\ud558\ub2e4\uac00 \ud30c\ub780\uc0c9 \uc804\uad6c \ud55c \uac1c\uac00 \ube60\uc838\ubc84\ub838\uc2b5\ub2c8\ub2e4. \ud06c\ub9ac\uc2a4\ub9c8\uc2a4 \uc804\uad6c\ub97c \uc791\ub3d9\uc2dc\ucf1c\ubcf4\ub2c8, \ud30c\ub780\uc0c9 \uc804\uad6c\ub294 \ubaa8\ub450 \ubd88\uc774 \ub4e4\uc5b4\uc624\uc9c0 \uc54a\uc558\uc9c0\ub9cc, \ube68\uac04\uc0c9 \uc804\uad6c\ub294 \ubd88\uc774 \ub4e4\uc5b4\uc654\uc2b5\ub2c8\ub2e4. \ud06c\ub9ac\uc2a4\ub9c8\uc2a4 \uc804\uad6c\uac00 \ubaa8\ub450 \uace0\uc7a5 \ub098\uc9c0 \uc54a\uace0 \ube68\uac04\uc0c9 \uc804\uad6c\uc5d0\ub294 \ubd88\uc774 \ub4e4\uc5b4\uc628 \uc774\uc720\ub97c \uc804\uae30\uc758 \uc791\uc6a9\uacfc \uc804\uad6c\uc758 \uc5f0\uacb0 \ubc29\ubc95\uc5d0 \uad00\ud55c \uc9c0\uc2dd\uc744 \ud65c\uc6a9\ud558\uc5ec \uc790\uc138\ud558\uac8c \uc124\uba85\ud574 \ubd05\uc2dc\ub2e4.", "answer": "\ud30c\ub780\uc0c9 \uc804\uad6c\ub4e4\uacfc \ube68\uac04\uc0c9 \uc804\uad6c\ub4e4\uc740 \ubcd1\ub82c\ub85c \uc5f0\uacb0\ub418\uc5b4 \ud30c\ub780\uc0c9 \uc804\uad6c \ud558\ub098\uac00 \uace0\uc7a5\ub098\ub354\ub77c\ub3c4 \ubcd1\ub82c\ub85c \uc5f0\uacb0\ub41c \ub2e4\ub978 \uc904\uc758 \ube68\uac04\uc0c9 \uc804\uad6c\ub4e4\uc5d0\ub294 \uc804\ub958\uac00 \ud750\ub97c \uc218 \uc788\uc5c8\uae30 \ub54c\ubb38\uc774\ub2e4.", "image": "makequestion/image/make_question_1.png", "hint": "\ud30c\ub780\uc0c9 \uc804\uad6c \ud558\ub098 \ub54c\ubb38\uc5d0 \ud30c\ub780\uc0c9 \uc804\uad6c\ub4e4\uc774 \ubaa8\ub450 \ubd88\uc774 \ub4e4\uc5b4\uc9c0 \uc54a\ub294 \uc774\uc720\ub294 \ud30c\ub780\uc0c9 \uc804\uad6c\ub07c\ub9ac\ub294 \ud558\ub098\uc758 \uae38\ub85c \uc5f0\uacb0\ub418\uc5c8\uae30 \ub54c\ubb38\uc774\uaca0\uc8e0. \uadf8\ub807\ub2e4\uba74, \ud30c\ub780\uc0c9 \uc804\uad6c\ub4e4\uacfc \ube68\uac04\uc0c9 \uc804\uad6c\ub4e4\uc740 \uc5b4\ub5bb\uac8c \uc5f0\uacb0\ub418\uc5c8\uc744\uc9c0 \uacfc\ud559\uc801 \uc6a9\uc5b4\ub97c \ub5a0\uc62c\ub9ac\uba70 \uc870\uae08 \ub354 \uc0dd\uac01\uc744 \ubc1c\uc804\uc2dc\ucf1c \ubcfc\uae4c\uc694?", "made_date": "2020-05-21", "upload_check": 1}}, {"model": "mainpage.makequestion", "pk": 7, "fields": {"teacher": 7, "question_name": "\ubaa9\uc695\ubb3c \uc628\ub3c4 \ud655\uc778\ud558\uae30", "discription": "\ud604\uc9c4\uc774\ub294 \ubaa9\uc695\uc744 \ud558\uae30 \uc704\ud574 \uba3c\uc800 \ucc28\uac00\uc6b4 \ubb3c\uc744 \ud2c0\uace0, \ub728\uac70\uc6b4 \ubb3c\uc5c8\uc2b5\ub2c8\ub2e4. \ubb3c \ud45c\uba74\uc5d0 \uc190\uc744 \uc0b4\uc9dd \ub123\uc5b4\ubcf4\ub2c8 \ubb3c\uc774 \ub530\ub73b\ud558\uc5ec \ub4e4\uc5b4\uac00\ub2c8 \ubb3c\uc774 \uc5ec\uc804\ud788 \ucc28\uac00\uc6e0\uc2b5\ub2c8\ub2e4. \uadf8\ub7ec\uc790 \uc774\ub97c \ubcf8 \uc5b4\uba38\ub2c8\uaed8\uc11c \ubaa9\uc695\ubb3c\uc774 \uace8\uace0\ub8e8 \ub530\ub73b\ud574\uc9c0\uae30 \uc704\ud574\uc11c\ub294 \uba3c\uc800 \ub728\uac70\uc6b4 \ubb3c\uc744 \ud2c0\uace0 \ucc28\uac00\uc6b4 \ubb3c\uc744 \ud2c0\uc5b4\uc57c \ud55c\ub2e4\uace0 \ub9d0\uc500 \ud558\uc600\uc2b5\ub2c8\ub2e4. \uc65c \ub728\uac70\uc6b4 \ubb3c\uacfc \ucc28\uac00\uc6b4 \ubb3c\uc774 \uace8\uace0\ub8e8 \uc11e\uc774\uae30 \uc704\ud574\uc11c \ub728\uac70\uc6b4 \ubb3c\uc744 \uba3c\uc800 \ud2c0\uc5b4\uc57c \ud558\ub294\uc9c0 \uc5f4\uc758 \uc774\ub3d9\uc5d0 \uad00\ud55c \uc9c0\uc2dd\uc744 \ud65c\uc6a9\ud558\uc5ec \uc790\uc138\ud558\uac8c \uc124\uba85\ud574 \ubd05\uc2dc\ub2e4.", "answer": "\uc561\uccb4\uc5d0\uc11c\ub294 \ub530\ub73b\ud55c \uc561\uccb4\uac00 \uc704\ub85c \uc62c\ub77c\uac00\uace0, \ucc28\uac00\uc6b4 \uc561\uccb4\uac00 \uc544\ub798\ub85c \ub0b4\ub824\uac00\uba70 \uc5f4\uc774 \uc804\ub2ec\ub41c\ub2e4. \uadf8\ub7ec\ubbc0\ub85c \ub728\uac70\uc6b4 \ubb3c\uc744 \uba3c\uc800 \ud2b9\uace0 \ub098\uc911\uc5d0 \ucc28\uac00\uc6b4 \ubb3c\uc744 \ud2c0\uc5b4\uc57c \uc544\ub798\uc5d0 \uc788\ub294 \ub728\uac70\uc6b4 \ubb3c\uc774 \uc704\ub85c \uc62c\ub77c\uac00\uba74\uc11c \ub728\uac70\uc6b4 \ubb3c\uacfc \ucc28\uac00\uc6b4 \ubb3c\uc774 \uace8\uace0\ub8e8 \uc11e\uc77c \uc218 \uc788\uac8c \ub41c\ub2e4.", "image": "makequestion/image/make_question_6.png", "hint": "\ub530\ub73b\ud55c \ubb3c\uacfc \ucc28\uac00\uc6b4 \ubb3c\uc774 \uc5b4\ub514\ub85c \uc774\ub3d9\ud560\uae4c\uc694? \uc870\uae08 \ub354 \uc0dd\uac01\uc744 \ubc1c\uc804\uc2dc\ucf1c \ubcfc\uae4c\uc694?", "made_date": "2020-04-12", "upload_check": 0}}, {"model": "mainpage.makequestion", "pk": 8, "fields": {"teacher": 8, "question_name": "\ud5e4\uc5b4 \uc2a4\ud504\ub808\uc774\uac00 \ucc30\ub791\uac70\ub9ac\ub294 \uc774\uc720", "discription": "\uba4b\uc9c4 \ud5e4\uc5b4\uc2a4\ud0c0\uc77c\uc744 \ub9cc\ub4e4\uae30 \uc704\ud574\uc11c\ub294 \ud5e4\uc5b4 \uc2a4\ud504\ub808\uc774\ub97c \uc0ac\uc6a9\ud558\uace4 \ud569\ub2c8\ub2e4. \ud5e4\uc5b4 \uc2a4\ud504\ub808\uc774\ub294 \ud1b5 \uc548\uc5d0\uc11c\ub294 \uc561\uccb4 \uc0c1\ud0dc\ub85c \uc874\uc7ac\ud558\uc5ec \ud754\ub4e4\uba74 \uc18c\ub9ac\uac00 \ub098\uc9c0\ub9cc, \uba38\ub9ac\uc5d0 \ubfcc\ub9b4 \ub54c\ub294 \ubc16\uc73c\ub85c \ub098\uc624\uba74\uc11c \uae30\uccb4\uac00 \ub429\ub2c8\ub2e4. \uc774\ucc98\ub7fc \uae30\uccb4\ub85c \uc0ac\uc6a9\ud558\ub294 \ubb3c\uc9c8\uc744 \uc561\uccb4 \uc0c1\ud0dc\ub85c \ubcf4\uad00\ud558\ub294 \uc774\uc720\ub294 \ubb34\uc5c7\uc77c\uae4c\uc694? \uacfc\ud559\uc801\uc73c\ub85c \uc124\uba85\ud574\ubd05\uc2dc\ub2e4.", "answer": "\ubb3c\uc9c8\uc758 \uc0c1\ud0dc\uac00 \ubcc0\ud560 \ub54c \ubb3c\uc9c8\uc744 \uc774\ub8e8\ub294 \uc785\uc790\uc758 \uc885\ub958\uc640 \uac1c\uc218\ub294 \ubcc0\ud558\uc9c0 \uc54a\uace0 \uc785\uc790\uc758 \ubc30\uc5f4\ub9cc \ub2ec\ub77c\uc9d1\ub2c8\ub2e4. \ud5e4\uc5b4 \uc2a4\ud504\ub808\uc774\uac00 \uc561\ud654\ud558\uba74 \uc785\uc790 \uc0ac\uc774\uc758 \uac70\ub9ac\uac00 \uac00\uae4c\uc6cc\uc838 \ubd80\ud53c\uac00 \ud06c\uac8c \uc904\uc5b4\ub4ed\ub2c8\ub2e4. \uadf8\ub807\uae30 \ub54c\ubb38\uc5d0 \ubcf4\uad00\uc774 \uc6a9\uc774\ud574\uc9d1\ub2c8\ub2e4.", "image": "makequestion/image/make_question_3.png", "hint": "\uae30\uccb4 \uc0c1\ud0dc\uc640 \uc561\uccb4 \uc0c1\ud0dc\uc5d0\ub294 \uc5b4\ub5a0\ud55c \ucc28\uc774\uac00 \uc788\uc744\uae4c\uc694?", "made_date": "2020-04-13", "upload_check": 0}}, {"model": "mainpage.makequestion", "pk": 9, "fields": {"teacher": 9, "question_name": "\ubb34\uc5ed\uc744 \ud558\ub294 \uc774\uc720", "discription": "\uc6b0\ub9ac\ub098\ub77c\ub294 \ud574\uc678\ub85c \uae40, \uc778\uc0bc, \uc2a4\ub9c8\ud2b8\ud3f0 \ub4f1\uc744 \ub9ce\uc774 \uc218\ucd9c\ud558\uace0 \ucee4\ud53c, \ubc14\ub098\ub098, \uc6d0\uc720 \ub4f1\uc740 \ub2e4\ub978 \ub098\ub77c\ub85c\ubd80\ud130 \uc218\uc785\uc744 \ud569\ub2c8\ub2e4. \uc774\ucc98\ub7fc \uc11c\ub85c \ub2e4\ub978 \ub098\ub77c\ub07c\ub9ac \ub2e4\uc591\ud55c \ubb3c\uac74\uc744 \uc0ac\uace0\ud30c\ub294 \uc774\uc720\ub294 \ubb34\uc5c7\uc77c\uae4c\uc694?", "answer": "\ub098\ub77c\ub9c8\ub2e4 \uac00\uc9c4 \uc790\uc6d0\uc774 \ub2e4\ub974\uae30 \ub54c\ubb38\uc785\ub2c8\ub2e4.\n\ub098\ub77c\ub9c8\ub2e4 \uac00\uc9c4 \uae30\uc220\uc774 \ub2e4\ub974\uae30 \ub54c\ubb38\uc785\ub2c8\ub2e4.\n\ub098\ub77c\ub9c8\ub2e4 \ud544\uc694\ub85c \ud558\ub294 \ubb3c\uac74\uc774 \ub2e4\ub974\uae30 \ub54c\ubb38\uc785\ub2c8\ub2e4.\n\ubb34\uc5ed\uc744 \ud1b5\ud574 \uac01 \ub098\ub77c\uac00 \ud544\uc694\ub85c \ud558\ub294 \uac83\uc744 \uc5bb\uc744 \uc218 \uc788\uae30 \ub54c\ubb38\uc785\ub2c8\ub2e4. \n\ubb34\uc5ed\uc744 \ud1b5\ud574 \uac01 \ub098\ub77c\uac00 \ub3c8\uc744 \ubc8c \uc218 \uc788\uae30 \ub54c\ubb38\uc785\ub2c8\ub2e4.", "image": "makequestion/image/make_question_4.png", "hint": "\uc6b0\ub9ac\ub098\ub77c\uc5d0\uc11c \ub9ce\uc774 \uc0dd\uc0b0\ud558\ub294 \uac83\uc5d0\ub294 \uc5b4\ub5a4 \uac83\uc774 \uc788\ub098\uc694?\n\uc6b0\ub9ac\ub098\ub77c\uc5d0\uc11c \uc804\ud600 \uc0dd\uc0b0\ub418\uc9c0 \uc54a\ub294 \uac83\uc5d0\ub294 \uc5b4\ub5a4 \uac83\uc774 \uc788\ub098\uc694?", "made_date": "2020-04-14", "upload_check": 1}}, {"model": "mainpage.makequestion", "pk": 10, "fields": {"teacher": 10, "question_name": "\uc2dd\ubb3c \ubfcc\ub9ac\uc758 \uae30\ub2a5", "discription": "\uc2dd\ubaa9\uc77c\uc744 \ub9de\uc544 \ud0dc\ud6c8\uc774\uc640 \ud0dc\ud638\ub294 \uc544\ube60\uc640 \ud568\uaed8 \ub9c8\uc744 \ub4b7\uc0b0\uc5d0 \ub098\ubb34\ub97c \ud558\ub098 \uc2ec\uc73c\ub7ec \uac00\uae30\ub85c \ud588\uc2b5\ub2c8\ub2e4. \uc2dd\ubb3c\uc744 \ud759 \uc704\uc5d0 \uc0b4\uc9dd \uc62c\ub824\ub9cc \ub193\uc73c\ub824\uace0\ud558\ub294 \ud0dc\ud638\uc5d0\uac8c \uc544\ube60\ub294 \ub208\uc5d0\ub294 \uc548\ubcf4\uc5ec\ub3c4 \ubfcc\ub9ac\uac00 \uc2dd\ubb3c\uc774 \uc790\ub77c\ub294\ub370 \uc544\uc8fc \uc911\uc694\ud55c \uc5ed\ud560\uc744 \ud558\ub2c8 \uae4a\uac8c \uc798 \uc2ec\uc5b4\uc8fc\uc5b4\uc57c \ud55c\ub2e4\uace0 \ud558\uc168\uc2b5\ub2c8\ub2e4. \uad73\uc774 \uadf8\ub807\uac8c \ubfcc\ub9ac\uae4c\uc9c0 \uc2e0\uacbd \uc4f0\uba70 \uc2ec\uc5b4\uc57c \ud558\ub294\uc9c0 \uadc0\ucc2e\uc544\uc9c0\uae30 \uc2dc\uc791\ud55c \ud0dc\ud638\ub294 \ubd88\ub9cc\uc774 \ub9ce\uc2b5\ub2c8\ub2e4. \uc774 \ubaa8\uc2b5\uc744 \uc9c0\ucf1c\ubcf4\ub358 \ud0dc\ud6c8\uc774\ub294 \ub3d9\uc0dd\uc778 \ud0dc\ud638\uc5d0\uac8c \uc544\ube60\ub294 \uc65c \ubfcc\ub9ac\uae4c\uc9c0 \uc2e0\uacbd\uc744 \uc4f0\uc2dc\uba70 \uc798 \uc2ec\uc73c\ub824\uace0 \ud558\uc2e0 \uac83\uc77c\uc9c0 \uc54c\ub824\uc8fc\ub824\uace0 \ud569\ub2c8\ub2e4. \uc5ec\ub7ec\ubd84\uc774 \ud0dc\ud6c8\uc774\uac00 \ub418\uc5b4\uc11c \ub2e4\uc591\ud55c \uc2dd\ubb3c\uc5d0\uc11c \ubfcc\ub9ac\uac00 \ud558\ub294 \uc77c\ub4e4\uc5d0 \ub300\ud574\uc11c \uc124\uba85\ud574\ubcf4\uc138\uc694.    ", "answer": "\uc2dd\ubb3c\uc758 \ubfcc\ub9ac\ub294 \uc2dd\ubb3c\uccb4\ub97c \uc9c0\uc9c0 \ubc0f \uace0\uc815\ud574\uc8fc\ub294 \uc5ed\ud560, \uc591\ubd84\uc744 \uc800\uc7a5\ud558\ub294 \uc5ed\ud560, \ud1a0\uc591\uc18d\uc758 \ubb3c\uacfc \ubb34\uae30\uc5fc\ub958\ub97c \uc2dd\ubb3c\uccb4\ub85c \uc774\ub3d9\uc2dc\ud0a4\ub294 \uc5ed\ud560\uc744 \ud55c\ub2e4. ", "image": "makequestion/image/make_question_5.png", "hint": "\ubfcc\ub9ac\uac00 \uae4a\uc740 \ub098\ubb34\ub294 \ud0dc\ud48d\uc774 \ubd88\uc5b4\uc640\ub3c4 \uafcb\uafcb\ud558\uac8c \ubc84\ud2f0\ub294 \uacbd\uc6b0\uac00 \ub9ce\uc740\ub370 \uc65c \uadf8\ub7f4\uae4c\uc694?\n\ud654\ubd84 \uc2dd\ubb3c\uc744 \uc2ec\uace0 \ub098\uc11c \uc2a4\ud504\ub808\uc774\ub85c \uc78e\uc5d0\ub9cc \ubb3c\uc744 \uc8fc\uac8c \ub418\uba74 \uc2dd\ubb3c\uc774 \uc798 \ud06c\uc9c0 \ubabb\ud574\uc11c \ubfcc\ub9ac\uae4c\uc9c0 \uc816\ub3c4\ub85d \ubb3c\uc744 \uc8fc\ub77c\uace0 \ud558\ub294 \uc774\uc720\ub294 \ubb34\uc5c7\uc77c\uae4c\uc694?\n\ubb34\uc640 \uace0\uad6c\ub9c8\ub294 \uc720\uba85\ud55c \ubfcc\ub9ac\uc2dd\ubb3c\ub85c \uc54c\ub824\uc838 \uc788\uc2b5\ub2c8\ub2e4. \ubb34\uc640 \uace0\uad6c\ub9c8\uc640 \uac19\uc740 \uc2dd\ubb3c\uc758 \ubfcc\ub9ac\ub294 \uc65c \ub2e4\ub978 \uc2dd\ubb3c\uc758 \ubfcc\ub9ac\ubcf4\ub2e4 \ud074\uae4c\uc694?", "made_date": "2020-04-15", "upload_check": 1}}, {"model": "mainpage.selfsolvedata", "pk": 1, "fields": {"make_question": 1, "response": "\ud06c\ub9ac\uc2a4\ub9c8\uc2a4 \uc804\uad6c\uc5d0 \ub300\ud55c \ub2f5\ubcc0\uc785\ub2c8\ub2e4.", "score": "0.00", "submit_date": "2020-04-15"}}, {"model": "mainpage.selfsolvedata", "pk": 2, "fields": {"make_question": 1, "response": "\ud30c\ub780\uc0c9 \uc804\uad6c\ub4e4\uacfc \ube68\uac04\uc0c9 \uc804\uad6c\ub4e4\uc740 \ubcd1\ub82c\ub85c \uc5f0\uacb0\ub418\uc5b4 \ud30c\ub780\uc0c9 \uc804\uad6c \ud558\ub098\uac00 \uace0\uc7a5\ub098\ub354\ub77c\ub3c4 \ubcd1\ub82c\ub85c \uc5f0\uacb0\ub41c \ub2e4\ub978 \uc904\uc758 \ube68\uac04\uc0c9 \uc804\uad6c\ub4e4\uc5d0\ub294 \uc804\ub958\uac00 \ud750\ub97c \uc218 \uc788\uc5c8\uae30 \ub54c\ubb38\uc774\ub2e4.", "score": "3.00", "submit_date": "2020-04-16"}}, {"model": "mainpage.selfsolvedata", "pk": 3, "fields": {"make_question": 2, "response": "\uc561\uccb4\uc5d0\uc11c\ub294 \ub530\ub73b\ud55c \uc561\uccb4\uac00 \uc704\ub85c \uc62c\ub77c\uac00\uace0, \ucc28\uac00\uc6b4 \uc561\uccb4\uac00 \uc544\ub798\ub85c \ub0b4\ub824\uac00\uba70 \uc5f4\uc774 \uc804\ub2ec\ub41c\ub2e4. \uadf8\ub7ec\ubbc0\ub85c \ub728\uac70\uc6b4 \ubb3c\uc744 \uba3c\uc800 \ud2b9\uace0 \ub098\uc911\uc5d0 \ucc28\uac00\uc6b4 \ubb3c\uc744 \ud2c0\uc5b4\uc57c \uc544\ub798\uc5d0 \uc788\ub294 \ub728\uac70\uc6b4 \ubb3c\uc774 \uc704\ub85c \uc62c\ub77c\uac00\uba74\uc11c \ub728\uac70\uc6b4 \ubb3c\uacfc \ucc28\uac00\uc6b4 \ubb3c\uc774 \uace8\uace0\ub8e8 \uc11e\uc77c \uc218 \uc788\uac8c \ub41c\ub2e4.", "score": "2.00", "submit_date": "2020-04-17"}}, {"model": "mainpage.selfsolvedata", "pk": 4, "fields": {"make_question": 3, "response": "\ubb3c\uc9c8\uc758 \uc0c1\ud0dc\uac00...", "score": "0.00", "submit_date": "2020-04-18"}}, {"model": "mainpage.selfsolvedata", "pk": 5, "fields": {"make_question": 3, "response": "\ubb3c\uc9c8\uc758 \uc0c1\ud0dc\uac00 \ubcc0\ud560 \ub54c \ubb3c\uc9c8\uc744 \uc774\ub8e8\ub294 \uc785\uc790\uc758 \uc885\ub958\uc640 \uac1c\uc218\ub294 \ubcc0\ud558\uc9c0 \uc54a\uace0 \uc785\uc790\uc758 \ubc30\uc5f4\ub9cc \ub2ec\ub77c\uc9d1\ub2c8\ub2e4. \ud5e4\uc5b4 \uc2a4\ud504\ub808\uc774\uac00 \uc561\ud654\ud558\uba74 \uc785\uc790 \uc0ac\uc774\uc758 \uac70\ub9ac\uac00 \uac00\uae4c\uc6cc\uc838 \ubd80\ud53c\uac00 \ud06c\uac8c \uc904\uc5b4\ub4ed\ub2c8\ub2e4. \uadf8\ub807\uae30 \ub54c\ubb38\uc5d0 \ubcf4\uad00\uc774 \uc6a9\uc774\ud574\uc9d1\ub2c8\ub2e4.", "score": "3.00", "submit_date": "2020-04-22"}}, {"model": "mainpage.selfsolvedata", "pk": 6, "fields": {"make_question": 2, "response": "\uc561\uccb4\uc5d0\uc11c\ub294 \ub530\ub73b\ud55c \uc561\uccb4\uac00 \uc704\ub85c \uc62c\ub77c\uac00\uace0, \ucc28\uac00\uc6b4 \uc561\uccb4\uac00 \uc544\ub798\ub85c \ub0b4\ub824\uac00\uba70 \uc5f4\uc774 \uc804\ub2ec\ub41c\ub2e4. \uadf8\ub7ec\ubbc0\ub85c \ub728\uac70\uc6b4 \ubb3c\uc744 \uba3c\uc800 \ud2b9\uace0 \ub098\uc911\uc5d0 \ucc28\uac00\uc6b4 \ubb3c\uc744 \ud2c0\uc5b4\uc57c \uc544\ub798\uc5d0 \uc788\ub294 \ub728\uac70\uc6b4 \ubb3c\uc774 \uc704\ub85c \uc62c\ub77c\uac00\uba74\uc11c \ub728\uac70\uc6b4 \ubb3c\uacfc \ucc28\uac00\uc6b4 \ubb3c\uc774 \uace8\uace0\ub8e8 \uc11e\uc77c \uc218 \uc788\uac8c \ub41c\ub2e4.", "score": "2.00", "submit_date": "2020-04-20"}}, {"model": "mainpage.selfsolvedata", "pk": 7, "fields": {"make_question": 3, "response": "\ubb3c\uc9c8\uc758 \uc0c1\ud0dc\uac00...", "score": "0.00", "submit_date": "2020-04-21"}}, {"model": "mainpage.selfsolvedata", "pk": 8, "fields": {"make_question": 3, "response": "\ubb3c\uc9c8\uc758 \uc0c1\ud0dc\uac00 \ubcc0\ud560 \ub54c \ubb3c\uc9c8\uc744 \uc774\ub8e8\ub294 \uc785\uc790\uc758 \uc885\ub958\uc640 \uac1c\uc218\ub294 \ubcc0\ud558\uc9c0 \uc54a\uace0 \uc785\uc790\uc758 \ubc30\uc5f4\ub9cc \ub2ec\ub77c\uc9d1\ub2c8\ub2e4. \ud5e4\uc5b4 \uc2a4\ud504\ub808\uc774\uac00 \uc561\ud654\ud558\uba74 \uc785\uc790 \uc0ac\uc774\uc758 \uac70\ub9ac\uac00 \uac00\uae4c\uc6cc\uc838 \ubd80\ud53c\uac00 \ud06c\uac8c \uc904\uc5b4\ub4ed\ub2c8\ub2e4. \uadf8\ub807\uae30 \ub54c\ubb38\uc5d0 \ubcf4\uad00\uc774 \uc6a9\uc774\ud574\uc9d1\ub2c8\ub2e4.", "score": "3.00", "submit_date": "2020-04-22"}}, {"model": "mainpage.mark", "pk": 1, "fields": {"make_question": 1, "mark_text": "\ud06c\ub9ac\uc2a4\ub9c8\uc2a4_\uc804\uad6c_\ucc44\uc810\uc900\uac701"}}, {"model": "mainpage.mark", "pk": 2, "fields": {"make_question": 1, "mark_text": "\ud06c\ub9ac\uc2a4\ub9c8\uc2a4_\uc804\uad6c_\ucc44\uc810\uc900\uac702"}}, {"model": "mainpage.mark", "pk": 3, "fields": {"make_question": 1, "mark_text": "\ud06c\ub9ac\uc2a4\ub9c8\uc2a4_\uc804\uad6c_\ucc44\uc810\uc900\uac703"}}, {"model": "mainpage.mark", "pk": 4, "fields": {"make_question": 2, "mark_text": "\ubaa9\uc695\ubb3c_\uc628\ub3c4_\ucc44\uc810\uc900\uac701"}}, {"model": "mainpage.mark", "pk": 5, "fields": {"make_question": 2, "mark_text": "\ubaa9\uc695\ubb3c_\uc628\ub3c4_\ucc44\uc810\uc900\uac702"}}, {"model": "mainpage.mark", "pk": 6, "fields": {"make_question": 2, "mark_text": "\ubaa9\uc695\ubb3c_\uc628\ub3c4_\ucc44\uc810\uc900\uac703"}}, {"model": "mainpage.mark", "pk": 7, "fields": {"make_question": 3, "mark_text": "\ud5e4\uc5b4_\uc2a4\ud504\ub808\uc774_\ucc44\uc810\uc900\uac70_1"}}, {"model": "mainpage.mark", "pk": 8, "fields": {"make_question": 3, "mark_text": "\ud5e4\uc5b4_\uc2a4\ud504\ub808\uc774_\ucc44\uc810\uc900\uac70_2"}}, {"model": "mainpage.mark", "pk": 9, "fields": {"make_question": 4, "mark_text": "\ubb34\uc5ed_\uc774\uc720_\ucc44\uc810\uc900\uac70_1"}}, {"model": "mainpage.mark", "pk": 10, "fields": {"make_question": 4, "mark_text": "\ubb34\uc5ed_\uc774\uc720_\ucc44\uc810\uc900\uac70_2"}}, {"model": "mainpage.mark", "pk": 11, "fields": {"make_question": 5, "mark_text": "\uc2dd\ubb3c_\ucc44\uc810\uc900\uac70_1"}}, {"model": "mainpage.mark", "pk": 12, "fields": {"make_question": 5, "mark_text": "\uc2dd\ubb3c_\ucc44\uc810\uc900\uac70_2"}}, {"model": "mainpage.mark", "pk": 13, "fields": {"make_question": 5, "mark_text": "\uc2dd\ubb3c_\ucc44\uc810\uc900\uac70_3"}}, {"model": "mainpage.mark", "pk": 14, "fields": {"make_question": 6, "mark_text": "\ud06c\ub9ac\uc2a4\ub9c8\uc2a4\uc804\uad6c_\ucc44\uc810\uc900\uac701"}}, {"model": "mainpage.mark", "pk": 15, "fields": {"make_question": 6, "mark_text": "\ud06c\ub9ac\uc2a4\ub9c8\uc2a4\uc804\uad6c_\ucc44\uc810\uc900\uac702"}}, {"model": "mainpage.mark", "pk": 16, "fields": {"make_question": 6, "mark_text": "\ud06c\ub9ac\uc2a4\ub9c8\uc2a4\uc804\uad6c_\ucc44\uc810\uc900\uac703"}}, {"model": "mainpage.mark", "pk": 17, "fields": {"make_question": 7, "mark_text": "\ubaa9\uc695\ubb3c_\ucc44\uc810\uc900\uac70_1"}}, {"model": "mainpage.mark", "pk": 18, "fields": {"make_question": 7, "mark_text": "\ubaa9\uc695\ubb3c_\ucc44\uc810\uc900\uac70_2"}}, {"model": "mainpage.mark", "pk": 19, "fields": {"make_question": 7, "mark_text": "\ubaa9\uc695\ubb3c_\ucc44\uc810\uc900\uac70_3"}}, {"model": "mainpage.mark", "pk": 20, "fields": {"make_question": 8, "mark_text": "\ud5e4\uc5b4\uc2a4\ud504\ub808\uc774_\ucc44\uc810\uc900\uac70_1"}}, {"model": "mainpage.mark", "pk": 21, "fields": {"make_question": 8, "mark_text": "\ud5e4\uc5b4\uc2a4\ud504\ub808\uc774_\ucc44\uc810\uc900\uac70_2"}}, {"model": "mainpage.mark", "pk": 22, "fields": {"make_question": 9, "mark_text": "\ubb34\uc5ed_\ucc44\uc810\uc900\uac70_1"}}, {"model": "mainpage.mark", "pk": 23, "fields": {"make_question": 9, "mark_text": "\ubb34\uc5ed_\ucc44\uc810\uc900\uac70_2"}}, {"model": "mainpage.mark", "pk": 24, "fields": {"make_question": 9, "mark_text": "\ubb34\uc5ed_\ucc44\uc810\uc900\uac70_3"}}, {"model": "mainpage.mark", "pk": 25, "fields": {"make_question": 10, "mark_text": "\uc2dd\ubb3c_\ucc44\uc810\uc900\uac70_1"}}, {"model": "mainpage.mark", "pk": 26, "fields": {"make_question": 10, "mark_text": "\uc2dd\ubb3c_\ucc44\uc810\uc900\uac70_2"}}, {"model": "mainpage.mark", "pk": 27, "fields": {"make_question": 10, "mark_text": "\uc2dd\ubb3c_\ucc44\uc810\uc900\uac70_3"}}, {"model": "mainpage.category", "pk": 1, "fields": {"category_name": "\uad6d\uc5b4"}}, {"model": "mainpage.category", "pk": 2, "fields": {"category_name": "\uc218\ud559"}}, {"model": "mainpage.category", "pk": 3, "fields": {"category_name": "\uc0ac\ud68c"}}, {"model": "mainpage.category", "pk": 4, "fields": {"category_name": "\uacfc\ud559"}}, {"model": "mainpage.category", "pk": 5, "fields": {"category_name": "\uc601\uc5b4"}}, {"model": "mainpage.category", "pk": 6, "fields": {"category_name": "\uc5ed\uc0ac"}}, {"model": "mainpage.category", "pk": 7, "fields": {"category_name": "\uc815\ubcf4"}}, {"model": "mainpage.category", "pk": 8, "fields": {"category_name": "\ub3c4\ub355"}}, {"model": "mainpage.question", "pk": 1, "fields": {"category": 4, "question_name": "\ud06c\ub9ac\uc2a4\ub9c8\uc2a4 \uc804\uad6c \uc5f0\uacb0\ud558\uae30", "discription": "\ube68\uac04\uc0c9\uacfc \ud30c\ub780\uc0c9\uc73c\ub85c \uad6c\uc131\ub41c \ud06c\ub9ac\uc2a4\ub9c8\uc2a4 \uc804\uad6c\ub97c \ud06c\ub9ac\uc2a4\ub9c8\uc2a4\ud2b8\ub9ac\uc5d0 \uc124\uce58\ud558\ub2e4\uac00 \ud30c\ub780\uc0c9 \uc804\uad6c \ud55c \uac1c\uac00 \ube60\uc838\ubc84\ub838\uc2b5\ub2c8\ub2e4. \ud06c\ub9ac\uc2a4\ub9c8\uc2a4 \uc804\uad6c\ub97c \uc791\ub3d9\uc2dc\ucf1c\ubcf4\ub2c8, \ud30c\ub780\uc0c9 \uc804\uad6c\ub294 \ubaa8\ub450 \ubd88\uc774 \ub4e4\uc5b4\uc624\uc9c0 \uc54a\uc558\uc9c0\ub9cc, \ube68\uac04\uc0c9 \uc804\uad6c\ub294 \ubd88\uc774 \ub4e4\uc5b4\uc654\uc2b5\ub2c8\ub2e4. \ud06c\ub9ac\uc2a4\ub9c8\uc2a4 \uc804\uad6c\uac00 \ubaa8\ub450 \uace0\uc7a5 \ub098\uc9c0 \uc54a\uace0 \ube68\uac04\uc0c9 \uc804\uad6c\uc5d0\ub294 \ubd88\uc774 \ub4e4\uc5b4\uc628 \uc774\uc720\ub97c \uc804\uae30\uc758 \uc791\uc6a9\uacfc \uc804\uad6c\uc758 \uc5f0\uacb0 \ubc29\ubc95\uc5d0 \uad00\ud55c \uc9c0\uc2dd\uc744 \ud65c\uc6a9\ud558\uc5ec \uc790\uc138\ud558\uac8c \uc124\uba85\ud574 \ubd05\uc2dc\ub2e4.", "answer": "\ud30c\ub780\uc0c9 \uc804\uad6c\ub4e4\uacfc \ube68\uac04\uc0c9 \uc804\uad6c\ub4e4\uc740 \ubcd1\ub82c\ub85c \uc5f0\uacb0\ub418\uc5b4 \ud30c\ub780\uc0c9 \uc804\uad6c \ud558\ub098\uac00 \uace0\uc7a5\ub098\ub354\ub77c\ub3c4 \ubcd1\ub82c\ub85c \uc5f0\uacb0\ub41c \ub2e4\ub978 \uc904\uc758 \ube68\uac04\uc0c9 \uc804\uad6c\ub4e4\uc5d0\ub294 \uc804\ub958\uac00 \ud750\ub97c \uc218 \uc788\uc5c8\uae30 \ub54c\ubb38\uc774\ub2e4. ", "image": "question/image/question_1.png", "hint": "\ud30c\ub780\uc0c9 \uc804\uad6c \ud558\ub098 \ub54c\ubb38\uc5d0 \ud30c\ub780\uc0c9 \uc804\uad6c\ub4e4\uc774 \ubaa8\ub450 \ubd88\uc774 \ub4e4\uc5b4\uc624\uc9c0 \uc54a\ub294 \uc774\uc720\ub294 \ud30c\ub780\uc0c9 \uc804\uad6c\ub07c\ub9ac\ub294 \ud558\ub098\uc758 \uae38\ub85c \uc5f0\uacb0\ub418\uc5c8\uae30 \ub54c\ubb38\uc785\ub2c8\ub2e4. \uadf8\ub807\ub2e4\uba74, \ud30c\ub780\uc0c9 \uc804\uad6c\ub4e4\uacfc \ube68\uac04\uc0c9 \uc804\uad6c\ub4e4\uc740 \uc5b4\ub5bb\uac8c \uc5f0\uacb0\ub418\uc5c8\uc744\uc9c0 \uacfc\ud559\uc801 \uc6a9\uc5b4\ub97c \ub5a0\uc62c\ub9ac\uba70 \uc870\uae08 \ub354 \uc0dd\uac01\uc744 \ubc1c\uc804\uc2dc\ucf1c \ubcfc\uae4c\uc694?", "made_date": "2020-08-06", "ques_concept": "\ubcd1\ub82c \uc5f0\uacb0\uc5d0\uc11c\ub294 \ud55c \ub3c4\uc120\uc758 \ud750\ub984\uc774 \ub04a\uc5b4\uc838\ub3c4 \ub2e4\ub978 \ud68c\ub85c\ub294 \ub3c5\ub9bd\uc801\uc73c\ub85c \uc804\ub958\uac00 \ud750\ub978\ub2e4. ", "scoring_keyword": null, "ml_model_check": 1, "upload_check": 1}}, {"model": "mainpage.question", "pk": 2, "fields": {"category": 4, "question_name": "\ubaa9\uc695\ubb3c \uc628\ub3c4 \ud655\uc778\ud558\uae30", "discription": "\ud604\uc9c4\uc774\ub294 \ubaa9\uc695\uc744 \ud558\uae30 \uc704\ud574 \uba3c\uc800 \ucc28\uac00\uc6b4 \ubb3c\uc744 \ud2c0\uace0, \ub728\uac70\uc6b4 \ubb3c\uc744 \ud2c0\uc5c8\uc2b5\ub2c8\ub2e4. \ubb3c \ud45c\uba74\uc5d0 \uc190\uc744 \uc0b4\uc9dd \ub123\uc5b4\ubcf4\ub2c8 \ubb3c\uc774 \ub530\ub73b\ud558\uc5ec \ub4e4\uc5b4\uac00\ub2c8 \ubb3c\uc774 \uc5ec\uc804\ud788 \ucc28\uac00\uc6e0\uc2b5\ub2c8\ub2e4. \uadf8\ub7ec\uc790 \uc774\ub97c \ubcf8 \uc5b4\uba38\ub2c8\uaed8\uc11c \ubaa9\uc695\ubb3c\uc774 \uace8\uace0\ub8e8 \ub530\ub73b\ud574\uc9c0\uae30 \uc704\ud574\uc11c\ub294 \uba3c\uc800 \ub728\uac70\uc6b4 \ubb3c\uc744 \ud2c0\uace0 \ucc28\uac00\uc6b4 \ubb3c\uc744 \ud2c0\uc5b4\uc57c \ud55c\ub2e4\uace0 \ub9d0\uc500 \ud558\uc168\uc2b5\ub2c8\ub2e4. \uc65c \ub728\uac70\uc6b4 \ubb3c\uacfc \ucc28\uac00\uc6b4 \ubb3c\uc774 \uace8\uace0\ub8e8 \uc11e\uc774\uae30 \uc704\ud574\uc11c \ub728\uac70\uc6b4 \ubb3c\uc744 \uba3c\uc800 \ud2c0\uc5b4\uc57c \ud558\ub294\uc9c0 \uc5f4\uc758 \uc774\ub3d9\uc5d0 \uad00\ud55c \uc9c0\uc2dd\uc744 \ud65c\uc6a9\ud558\uc5ec \uc790\uc138\ud558\uac8c \uc124\uba85\ud574 \ubd05\uc2dc\ub2e4.", "answer": "\uc561\uccb4\uc5d0\uc11c\ub294 \ub530\ub73b\ud55c \uc561\uccb4\uac00 \uc704\ub85c \uc62c\ub77c\uac00\uace0, \ucc28\uac00\uc6b4 \uc561\uccb4\uac00 \uc544\ub798\ub85c \ub0b4\ub824\uac00\uba70 \uc5f4\uc774 \uc804\ub2ec\ub41c\ub2e4. \uadf8\ub7ec\ubbc0\ub85c \ub728\uac70\uc6b4 \ubb3c\uc744 \uba3c\uc800 \ud2c0\uace0 \ub098\uc911\uc5d0 \ucc28\uac00\uc6b4 \ubb3c\uc744 \ud2c0\uc5b4\uc57c \uc544\ub798\uc5d0 \uc788\ub294 \ub728\uac70\uc6b4 \ubb3c\uc774 \uc704\ub85c \uc62c\ub77c\uac00\uba74\uc11c \ub728\uac70\uc6b4 \ubb3c\uacfc \ucc28\uac00\uc6b4 \ubb3c\uc774 \uace8\uace0\ub8e8 \uc11e\uc77c \uc218 \uc788\uac8c \ub41c\ub2e4.", "image": "question/image/question_2.png", "hint": "\ub530\ub73b\ud55c \ubb3c\uacfc \ucc28\uac00\uc6b4 \ubb3c\uc774 \uc5b4\ub514\ub85c \uc774\ub3d9\ud560\uae4c\uc694? \uc870\uae08 \ub354 \uc0dd\uac01\uc744 \ubc1c\uc804\uc2dc\ucf1c \ubcfc\uae4c\uc694?", "made_date": "2020-08-06", "ques_concept": "\ub300\ub958\ub294 \uc561\uccb4\ub098 \uae30\uccb4\uc5d0\uc11c \uc77c\uc5b4\ub098\ub294 \uc5f4 \uc804\ub2ec \ubc29\ubc95\uc774\ub2e4. ", "scoring_keyword": null, "ml_model_check": 1, "upload_check": 1}}, {"model": "mainpage.question", "pk": 3, "fields": {"category": 4, "question_name": "\ud5e4\uc5b4 \uc2a4\ud504\ub808\uc774\uac00 \ucc30\ub791\uac70\ub9ac\ub294 \uc774\uc720", "discription": "\uba4b\uc9c4 \ud5e4\uc5b4\uc2a4\ud0c0\uc77c\uc744 \ub9cc\ub4e4\uae30 \uc704\ud574\uc11c\ub294 \ud5e4\uc5b4 \uc2a4\ud504\ub808\uc774\ub97c \uc0ac\uc6a9\ud558\uace4 \ud569\ub2c8\ub2e4. \ud5e4\uc5b4 \uc2a4\ud504\ub808\uc774\ub294 \ud1b5 \uc548\uc5d0\uc11c\ub294 \uc561\uccb4 \uc0c1\ud0dc\ub85c \uc874\uc7ac\ud558\uc5ec \ud754\ub4e4\uba74 \uc18c\ub9ac\uac00 \ub098\uc9c0\ub9cc, \uba38\ub9ac\uc5d0 \ubfcc\ub9b4 \ub54c\ub294 \ubc16\uc73c\ub85c \ub098\uc624\uba74\uc11c \uae30\uccb4\uac00 \ub429\ub2c8\ub2e4. \uc774\ucc98\ub7fc \uae30\uccb4\ub85c \uc0ac\uc6a9\ud558\ub294 \ubb3c\uc9c8\uc744 \uc561\uccb4 \uc0c1\ud0dc\ub85c \ubcf4\uad00\ud558\ub294 \uc774\uc720\ub294 \ubb34\uc5c7\uc77c\uae4c\uc694? \uacfc\ud559\uc801\uc73c\ub85c \uc124\uba85\ud574\ubd05\uc2dc\ub2e4.", "answer": "\ubb3c\uc9c8\uc758 \uc0c1\ud0dc\uac00 \ubcc0\ud560 \ub54c \ubb3c\uc9c8\uc744 \uc774\ub8e8\ub294 \uc785\uc790\uc758 \uc885\ub958\uc640 \uac1c\uc218\ub294 \ubcc0\ud558\uc9c0 \uc54a\uace0 \uc785\uc790\uc758 \ubc30\uc5f4\ub9cc \ub2ec\ub77c\uc9c4\ub2e4. \ud5e4\uc5b4 \uc2a4\ud504\ub808\uc774\uac00 \uc561\ud654\ud558\uba74 \uc785\uc790 \uc0ac\uc774\uc758 \uac70\ub9ac\uac00 \uac00\uae4c\uc6cc\uc838 \ubd80\ud53c\uac00 \ud06c\uac8c \uc904\uc5b4\ub4e0\ub2e4. \uadf8\ub807\uae30 \ub54c\ubb38\uc5d0 \ubcf4\uad00\uc774 \uc6a9\uc774\ud574\uc9c4\ub2e4.", "image": "question/image/question_3.png", "hint": "\uae30\uccb4 \uc0c1\ud0dc\uc640 \uc561\uccb4 \uc0c1\ud0dc\uc5d0\ub294 \uc5b4\ub5a0\ud55c \ucc28\uc774\uac00 \uc788\uc744\uae4c\uc694?", "made_date": "2020-08-06", "ques_concept": "\ubb3c\uc9c8\uc758 \uc0c1\ud0dc\uac00 \ub2ec\ub77c\uc9c0\uba74 \uc785\uc790\uc758 \ubc30\uc5f4\uc774 \ub2ec\ub77c\uc9c4\ub2e4. \uc785\uc790\uc758 \ubc30\uc5f4\uc5d0 \ub530\ub77c \uc785\uc790 \uc0ac\uc774\uc758 \uac70\ub9ac\uac00 \ub2ec\ub77c\uc9c4\ub2e4.", "scoring_keyword": null, "ml_model_check": 1, "upload_check": 1}}, {"model": "mainpage.question", "pk": 4, "fields": {"category": 3, "question_name": "\ubb34\uc5ed\uc744 \ud558\ub294 \uc774\uc720", "discription": "\uc6b0\ub9ac\ub098\ub77c\ub294 \ud574\uc678\ub85c \uae40, \uc778\uc0bc, \uc2a4\ub9c8\ud2b8\ud3f0 \ub4f1\uc744 \ub9ce\uc774 \uc218\ucd9c\ud558\uace0 \ucee4\ud53c, \ubc14\ub098\ub098, \uc6d0\uc720 \ub4f1\uc740 \ub2e4\ub978 \ub098\ub77c\ub85c\ubd80\ud130 \uc218\uc785\uc744 \ud569\ub2c8\ub2e4. \uc774\ucc98\ub7fc \uc11c\ub85c \ub2e4\ub978 \ub098\ub77c\ub07c\ub9ac \ub2e4\uc591\ud55c \ubb3c\uac74\uc744 \uc0ac\uace0\ud30c\ub294 \uc774\uc720\ub294 \ubb34\uc5c7\uc77c\uae4c\uc694?", "answer": "\ub098\ub77c\ub9c8\ub2e4 \uac00\uc9c4 \uc790\uc6d0\uc774 \ub2e4\ub974\uae30 \ub54c\ubb38\uc785\ub2c8\ub2e4. \ub098\ub77c\ub9c8\ub2e4 \uac00\uc9c4 \uae30\uc220\uc774 \ub2e4\ub974\uae30 \ub54c\ubb38\uc785\ub2c8\ub2e4. \ub098\ub77c\ub9c8\ub2e4 \ud544\uc694\ub85c \ud558\ub294 \ubb3c\uac74\uc774 \ub2e4\ub974\uae30 \ub54c\ubb38\uc785\ub2c8\ub2e4. \ubb34\uc5ed\uc744 \ud1b5\ud574 \uac01 \ub098\ub77c\uac00 \ud544\uc694\ub85c \ud558\ub294 \uac83\uc744 \uc5bb\uc744 \uc218 \uc788\uae30 \ub54c\ubb38\uc785\ub2c8\ub2e4.\u00a0\ubb34\uc5ed\uc744 \ud1b5\ud574 \uac01 \ub098\ub77c\uac00 \ub3c8\uc744 \ubc8c \uc218 \uc788\uae30 \ub54c\ubb38\uc785\ub2c8\ub2e4.", "image": "question/image/question_4.png", "hint": "\uc6b0\ub9ac\ub098\ub77c\uc5d0\uc11c \ub9ce\uc774 \uc0dd\uc0b0\ud558\ub294 \uac83\uc5d0\ub294 \uc5b4\ub5a4 \uac83\uc774 \uc788\ub098\uc694? \uc6b0\ub9ac\ub098\ub77c\uc5d0\uc11c \uc804\ud600 \uc0dd\uc0b0\ub418\uc9c0 \uc54a\ub294 \uac83\uc5d0\ub294 \uc5b4\ub5a4 \uac83\uc774 \uc788\ub098\uc694?", "made_date": "2020-08-06", "ques_concept": "\ubb34\uc5ed\uc740 \uac01 \ub098\ub77c\uac00 \ucc98\ud55c \uc870\uac74\uc774 \ub2e4\ub974\uae30 \ub54c\ubb38\uc5d0 \ubc1c\uc0dd\ud55c\ub2e4. \uac01 \ub098\ub77c\ub294 \ubb34\uc5ed\uc744 \ud1b5\ud574 \ud544\uc694\ud55c \uac83\uc744 \uc5bb\ub294\ub2e4.", "scoring_keyword": null, "ml_model_check": 1, "upload_check": 1}}, {"model": "mainpage.question", "pk": 5, "fields": {"category": 4, "question_name": "\uc2dd\ubb3c \ubfcc\ub9ac\uc758 \uae30\ub2a5", "discription": "\uc2dd\ubaa9\uc77c\uc744 \ub9de\uc544 \ud0dc\ud6c8\uc774\uc640 \ud0dc\ud638\ub294 \uc544\ube60\uc640 \ud568\uaed8 \ub9c8\uc744 \ub4b7\uc0b0\uc5d0 \ub098\ubb34\ub97c \ud558\ub098 \uc2ec\uc73c\ub7ec \uac00\uae30\ub85c \ud588\uc2b5\ub2c8\ub2e4. \uc2dd\ubb3c\uc744 \ud759 \uc704\uc5d0 \uc0b4\uc9dd \uc62c\ub824\ub9cc \ub193\uc73c\ub824\uace0\ud558\ub294 \ud0dc\ud638\uc5d0\uac8c \uc544\ube60\ub294 \ub208\uc5d0\ub294 \uc548\ubcf4\uc5ec\ub3c4 \ubfcc\ub9ac\uac00 \uc2dd\ubb3c\uc774 \uc790\ub77c\ub294\ub370 \uc544\uc8fc \uc911\uc694\ud55c \uc5ed\ud560\uc744 \ud558\ub2c8 \uae4a\uac8c \uc798 \uc2ec\uc5b4\uc8fc\uc5b4\uc57c \ud55c\ub2e4\uace0 \ud558\uc168\uc2b5\ub2c8\ub2e4. \uad73\uc774 \uadf8\ub807\uac8c \ubfcc\ub9ac\uae4c\uc9c0 \uc2e0\uacbd \uc4f0\uba70 \uc2ec\uc5b4\uc57c \ud558\ub294\uc9c0 \uadc0\ucc2e\uc544\uc9c0\uae30 \uc2dc\uc791\ud55c \ud0dc\ud638\ub294 \ubd88\ub9cc\uc774 \ub9ce\uc2b5\ub2c8\ub2e4. \uc774 \ubaa8\uc2b5\uc744 \uc9c0\ucf1c\ubcf4\ub358 \ud0dc\ud6c8\uc774\ub294 \ub3d9\uc0dd\uc778 \ud0dc\ud638\uc5d0\uac8c \uc544\ube60\ub294 \uc65c \ubfcc\ub9ac\uae4c\uc9c0 \uc2e0\uacbd\uc744 \uc4f0\uc2dc\uba70 \uc798 \uc2ec\uc73c\ub824\uace0 \ud558\uc2e0 \uac83\uc77c\uc9c0 \uc54c\ub824\uc8fc\ub824\uace0 \ud569\ub2c8\ub2e4. \uc5ec\ub7ec\ubd84\uc774 \ud0dc\ud6c8\uc774\uac00 \ub418\uc5b4\uc11c \ub2e4\uc591\ud55c \uc2dd\ubb3c\uc5d0\uc11c \ubfcc\ub9ac\uac00 \ud558\ub294 \uc77c\ub4e4\uc5d0 \ub300\ud574\uc11c \uc124\uba85\ud574\ubcf4\uc138\uc694.", "answer": "\uc2dd\ubb3c\uc758 \ubfcc\ub9ac\ub294 \uc2dd\ubb3c\uccb4\ub97c \uc9c0\uc9c0 \ubc0f \uace0\uc815\ud574\uc8fc\ub294 \uc5ed\ud560, \uc591\ubd84\uc744 \uc800\uc7a5\ud558\ub294 \uc5ed\ud560, \ud1a0\uc591 \uc18d\uc758 \ubb3c\uacfc \ubb34\uae30\uc5fc\ub958\ub97c \uc2dd\ubb3c\uccb4\ub85c \uc774\ub3d9\uc2dc\ud0a4\ub294 \uc5ed\ud560\uc744 \ud55c\ub2e4.", "image": "question/image/question_5.png", "hint": "\ubfcc\ub9ac\uac00 \uae4a\uc740 \ub098\ubb34\ub294 \ud0dc\ud48d\uc774 \ubd88\uc5b4\uc640\ub3c4 \uafcb\uafcb\ud558\uac8c \ubc84\ud2f0\ub294 \uacbd\uc6b0\uac00 \ub9ce\uc740\ub370 \uc65c \uadf8\ub7f4\uae4c\uc694? \ud654\ubd84 \uc2dd\ubb3c\uc744 \uc2ec\uace0 \ub098\uc11c \uc2a4\ud504\ub808\uc774\ub85c \uc78e\uc5d0\ub9cc \ubb3c\uc744 \uc8fc\uac8c \ub418\uba74 \uc2dd\ubb3c\uc774 \uc798 \ud06c\uc9c0 \ubabb\ud574\uc11c \ubfcc\ub9ac\uae4c\uc9c0 \uc816\ub3c4\ub85d \ubb3c\uc744 \uc8fc\ub77c\uace0 \ud558\ub294 \uc774\uc720\ub294 \ubb34\uc5c7\uc77c\uae4c\uc694? \ubb34\uc640 \uace0\uad6c\ub9c8\ub294 \uc720\uba85\ud55c \ubfcc\ub9ac\uc2dd\ubb3c\ub85c \uc54c\ub824\uc838 \uc788\uc2b5\ub2c8\ub2e4. \ubb34\uc640 \uace0\uad6c\ub9c8\uc640 \uac19\uc740 \uc2dd\ubb3c\uc758 \ubfcc\ub9ac\ub294 \uc65c \ub2e4\ub978 \uc2dd\ubb3c\uc758 \ubfcc\ub9ac\ubcf4\ub2e4 \ud074\uae4c\uc694?", "made_date": "2020-08-06", "ques_concept": "\uc2dd\ubb3c\uc758 \ubfcc\ub9ac\ub294 \uc2dd\ubb3c\uccb4\ub97c \uc9c0\ud0f1\ud574\uc8fc\ub294 \uc5ed\ud560, \ub545\uc73c\ub85c\ubd80\ud130 \ubb3c\uacfc \ubb34\uae30\uc5fc\ub958\ub97c \ud761\uc218\ud558\ub294 \uc5ed\ud560\uc744 \ud558\uba70, \uc591\ubd84\uc744 \uc800\uc7a5\ud558\ub294 \uc5ed\ud560\uc744 \ud55c\ub2e4.", "scoring_keyword": null, "ml_model_check": 1, "upload_check": 1}}, {"model": "mainpage.question", "pk": 6, "fields": {"category": 4, "question_name": "\uc2dd\ubb3c \ubfcc\ub9ac\uc758 \uc5ed\ud560", "discription": "\uc624\ub798 \uc0b4\ub358 \uc815\ub4e0 \uc9d1\uc744 \ub5a0\ub098 \ub2e4\ub978 \uc9c0\uc5ed\uc73c\ub85c \uc774\uc0ac\ud558\uac8c \ub41c \uc138\ud654\ub124\ub294 \ud560\uc544\ubc84\uc9c0 \ub54c\ubd80\ud130 \ud0a4\uc6b0\ub358 \ub9c8\ub2f9\uc758 \uc791\uc740 \ub2e8\ud48d\ub098\ubb34\ub97c \ubc84\ub9ac\uace0 \uac00\uae30 \uc548\ud0c0\uae4c\uc6cc\uc11c \uc0c8 \uc9d1\uc73c\ub85c \ub098\ubb34\ub97c \uc62e\uae30\uae30\ub85c \uacb0\uc815\ud558\uc600\uc2b5\ub2c8\ub2e4. \uc138\ud654\ub294 \ub2e4\ub978 \uc774\uc0bf\uc9d0\uc5d0 \ud759\uc774 \ubb3b\ub294 \uac83\uc774 \uc2eb\uc5b4\uc11c \ubfcc\ub9ac\ub97c \ubaa8\ub450 \uc798\ub77c \uae68\ub057\ud558\uac8c \uc815\ub9ac\ud558\ub824 \ud588\uc2b5\ub2c8\ub2e4. \uadf8\ub7f0\ub370 \uc774\ub7f0 \uc138\ud654\uc758 \ud589\ub3d9\uc744 \uc9c0\ucf1c\ubcf4\ub358 \uc5b8\ub2c8\ub294 \uac00\uc704\ub97c \ube8f\uc73c\uba70 \uc808\ub300 \uc790\ub974\uba74 \uc548 \ub41c\ub2e4\uace0 \uc57c\ub2e8\uc744 \uce69\ub2c8\ub2e4. \uc2dd\ubb3c\uc758 \ubfcc\ub9ac\ub97c \uc798\ub77c\ub0b4\uba74 \uc2dd\ubb3c\uc5d0\ub294 \uc5b4\ub5a4 \uc77c\uc774 \uc0dd\uae38\uae4c\uc694? \uc2dd\ubb3c\uc758 \uad6c\uc870\uc640 \uae30\ub2a5\uc5d0 \uad00\ud55c \uc9c0\uc2dd\uc744 \ud65c\uc6a9\ud558\uc5ec \ubfcc\ub9ac\uc758 \uae30\ub2a5\uc5d0 \ub300\ud574 \uc790\uc138\ud558\uac8c \uc124\uba85\ud558\uc5ec \ubd05\uc2dc\ub2e4.", "answer": "\uc2dd\ubb3c\uc758 \ubfcc\ub9ac\ub294 \uc2dd\ubb3c\uccb4\ub97c \uc9c0\uc9c0 \ubc0f \uace0\uc815\ud574\uc8fc\ub294 \uc5ed\ud560, \uc591\ubd84\uc744 \uc800\uc7a5\ud558\ub294 \uc5ed\ud560, \ud1a0\uc591\uc18d\uc758 \ubb3c\uacfc \ubb34\uae30\uc5fc\ub958\ub97c \uc2dd\ubb3c\uccb4\ub85c \uc774\ub3d9\uc2dc\ud0a4\ub294 \uc5ed\ud560\uc744 \ud55c\ub2e4. ", "image": "question/image/question_6.png", "hint": "\ubfcc\ub9ac\uac00 \uae4a\uc740 \ub098\ubb34\ub294 \ud0dc\ud48d\uc774 \ubd88\uc5b4\uc640\ub3c4 \uafcb\uafcb\ud558\uac8c \ubc84\ud2f0\ub294 \uacbd\uc6b0\uac00 \ub9ce\uc740\ub370 \uc65c \uadf8\ub7f4\uae4c\uc694? \ud654\ubd84 \uc2dd\ubb3c\uc744 \uc2ec\uace0 \ub098\uc11c \uc2a4\ud504\ub808\uc774\ub85c \uc78e\uc5d0\ub9cc \ubb3c\uc744 \uc8fc\uac8c \ub418\uba74 \uc2dd\ubb3c\uc774 \uc798 \ud06c\uc9c0 \ubabb\ud574\uc11c \ubfcc\ub9ac\uae4c\uc9c0 \uc816\ub3c4\ub85d \ubb3c\uc744 \uc8fc\ub77c\uace0 \ud558\ub294 \uc774\uc720\ub294 \ubb34\uc5c7\uc77c\uae4c\uc694? \ubb34\uc640 \uace0\uad6c\ub9c8\ub294 \uc720\uba85\ud55c \ubfcc\ub9ac\uc2dd\ubb3c\ub85c \uc54c\ub824\uc838 \uc788\uc2b5\ub2c8\ub2e4. \ubb34\uc640 \uace0\uad6c\ub9c8\uc640 \uac19\uc740 \uc2dd\ubb3c\uc758 \ubfcc\ub9ac\ub294 \uc65c \ub2e4\ub978 \uc2dd\ubb3c\uc758 \ubfcc\ub9ac\ubcf4\ub2e4 \ud074\uae4c\uc694?", "made_date": "2020-08-06", "ques_concept": "\uc2dd\ubb3c\uc758 \ubfcc\ub9ac\ub294 \uc2dd\ubb3c\uccb4\ub97c \uc9c0\ud0f1\ud574\uc8fc\ub294 \uc5ed\ud560, \ub545\uc73c\ub85c\ubd80\ud130 \ubb3c\uacfc \ubb34\uae30\uc5fc\ub958\ub97c \ud761\uc218\ud558\ub294 \uc5ed\ud560\uc744 \ud558\uba70, \uc591\ubd84\uc744 \uc800\uc7a5\ud558\ub294 \uc5ed\ud560\uc744 \ud55c\ub2e4.", "scoring_keyword": null, "ml_model_check": 1, "upload_check": 1}}, {"model": "mainpage.question", "pk": 7, "fields": {"category": 4, "question_name": "\uc0dd\ubb3c\ub2e4\uc591\uc131\uc758 \ub0a0", "discription": "\ub9e4\ub144 5\uc6d4 22\uc77c\uc740 \uad6d\uc81c \uc0dd\ubb3c\ub2e4\uc591\uc131\uc758 \ub0a0\uc785\ub2c8\ub2e4. \uc0dd\ubb3c \ub2e4\uc591\uc131\uc758 \ub0a0\uc740 \uc0dd\ubb3c \ub2e4\uc591\uc131\uc774 \uc0ac\ub77c\uc9c0\ub294 \uac83\uacfc \uadf8\uc5d0 \uc5bd\ud78c \uc5ec\ub7ec \ubb38\uc81c\ub4e4\uc5d0 \ub300\ud55c \uc0ac\ub78c\ub4e4\uc758 \uacbd\uac01\uc2ec\uc744 \uc77c\uae68\uc6b0\uae30 \uc704\ud558\uc5ec \uad6d\uc81c\uc5f0\ud569(UN)\uc774 \uc81c\uc815\ud55c \ub0a0\uc785\ub2c8\ub2e4. \uc0dd\ubb3c\ub2e4\uc591\uc131 \ud611\uc57d\uc774 \ubc1c\ud45c\ub41c 1922\ub144 5\uc6d4 22\uc77c\uc744 \uae30\ub150\ud558\uc5ec \uc815\ud574\uc84c\uc2b5\ub2c8\ub2e4. \uadf8\ub807\ub2e4\uba74 UN\uc774 \uad6d\uc81c\ud611\uc57d\uacfc \uae30\ub150\uc77c\uae4c\uc9c0 \uc81c\uc815\ud558\uba74\uc11c\uae4c\uc9c0 \uc0dd\ubb3c\ub2e4\uc591\uc131\uc758 \uc911\uc694\uc131\uc744 \uac15\uc870\ud558\ub294 \uc774\uc720\ub294 \ubb34\uc5c7\uc77c\uae4c\uc694? \uc0dd\ud0dc\uacc4\uc640 \uc0dd\ubb3c \ub2e4\uc591\uc131\uc5d0 \uad00\ud55c \uc9c0\uc2dd\uc744 \ud65c\uc6a9\ud558\uc5ec \uc790\uc138\ud558\uac8c \uc124\uba85\ud558\uc5ec \ubd05\uc2dc\ub2e4.", "answer": "\uc0dd\ubb3c\ub2e4\uc591\uc131\uc740 \uc0dd\ud0dc\uacc4\uc758 \uc548\uc815\uc801 \uc720\uc9c0\ub97c \uc704\ud574 \ud544\uc694\ud558\ub2e4. \ub610\ud55c \uc0dd\ubb3c\ub2e4\uc591\uc131\uc758 \uc190\uc2e4\uc740 \uc778\ub958\uc758 \ubb38\ud654\uc640 \ubcf5\uc9c0, \ub354 \ub098\uc544\uac00\uc11c \uc778\ub958\uc758 \uc0dd\uc874\uc744 \uc704\ud611\ud560 \uc218 \uc788\uae30 \ub54c\ubb38\uc774\ub2e4.", "image": "question/image/question_7.png", "hint": "\ubc8c\uc774 \uba78\uc885\ub41c\ub2e4\uba74 \uc6b0\ub9ac\ub294 \uc5b4\ub5bb\uac8c \ub420\uae4c\uc694? \uc9c0\uad6c\uc0c1\uc758 \uc5ec\ub7ec \uc0dd\ubb3c\ub4e4\uc758 \uad00\uacc4\ub97c \ud1b5\ud574 \uc0dd\uac01\ud574 \ubcfc\uae4c\uc694?", "made_date": "2020-08-06", "ques_concept": "\uc0dd\ubb3c\ub2e4\uc591\uc131\uc740 \uc0dd\ud0dc\uacc4\uc758 \uc720\uc9c0\uc5d0 \ud544\uc218\uc801\uc778 \uc694\uc18c\uc785\ub2c8\ub2e4. \uc0dd\ubb3c\ub2e4\uc591\uc131\uc740 \uc790\uc5f0\uacfc \ud568\uaed8 \uc0dd\uc874\ud558\ub294 \uc778\uac04\uc5d0 \ud070 \uc601\ud5a5\uc744 \uc90d\ub2c8\ub2e4.", "scoring_keyword": null, "ml_model_check": 1, "upload_check": 1}}, {"model": "mainpage.question", "pk": 8, "fields": {"category": 4, "question_name": "\ud558\ub298 \uc704\uc5d0 \ub5a0 \uc788\ub294 \uad6c\ub984", "discription": "\ud30c\ub780 \ud558\ub298\uc5d0 \uad6c\ub984\uc774 \ub5a0\ub2e4\ub2d9\ub2c8\ub2e4. \uad6c\ub984\uc758 \ubaa8\uc591\uc740 \uc815\ub9d0 \ub2e4\uc591\ud569\ub2c8\ub2e4. \uc5b4\ub5a4 \ub0a0\uc5d0\ub294 \uadc0\uc5ec\uc6b4 \uac15\uc544\uc9c0 \ubaa8\uc591\uc73c\ub85c, \uc5b4\ub5a4 \ub0a0\uc5d0\ub294 \ubb34\uc11c\uc6b4 \ud638\ub791\uc774 \ubaa8\uc591\uc744 \ud560 \ub54c\ub3c4 \uc788\uc2b5\ub2c8\ub2e4. \uad6c\ub984\uc774 \ub9ce\uc544\uc9c0\uba74 \ube44\uac00 \ub0b4\ub9ac\uae30\ub3c4 \ud569\ub2c8\ub2e4. \ud558\ub298\uc5d0 \ub5a0 \uc788\ub294 \uad6c\ub984\uc740 \uc5b4\ub5bb\uac8c \uc0dd\uacbc\uc744\uae4c\uc694? \uacfc\ud559\uc801\uc73c\ub85c \uc124\uba85\ud574 \ubd05\uc2dc\ub2e4.", "answer": "\uc9c0\ud45c\uba74\uc5d0\uc11c \uac00\uc5f4\ub41c \uacf5\uae30\ub294 \uc704\ub85c \uc62c\ub77c\uac00\uba74\uc11c \ubd80\ud53c\uac00 \uc810\uc810 \ucee4\uc9c0\uace0 \uc628\ub3c4\uac00 \ub0ae\uc544\uc9c0\ub294 \ub2e8\uc5f4\ud33d\ucc3d\uc774 \uc2dc\uc791\ub429\ub2c8\ub2e4. \uc628\ub3c4\uac00 \ub0ae\uc544\uc838\uc11c \uc218\uc99d\uae30\uac00 \uc751\uacb0\ud558\uc5ec \uc791\uc740 \ubb3c\ubc29\uc6b8\uc774\ub098 \uc5bc\uc74c \uc54c\uac31\uc774\uac00 \ub429\ub2c8\ub2e4.", "image": "question/image/question_8.png", "hint": "\ub545\uc5d0\uc11c \uac00\uc5f4\ub41c \uacf5\uae30\ub294 \ud558\ub298\ub85c \uc62c\ub77c\uac00\uba74 \ubd80\ud53c\uc640 \uc628\ub3c4 \ubcc0\ud654\ub294 \uc5b4\ub5bb\uac8c \ub420\uae4c\uc694? \uc628\ub3c4\uac00 \uc810\uc810 \ub0b4\ub824\uac00\uba74 \uc218\uc99d\uae30\uc5d0\ub294 \uc5b4\ub5a4 \ubcc0\ud654\uac00 \uc788\uc744\uae4c\uc694?", "made_date": "2020-08-06", "ques_concept": "\uc9c0\ud45c\uba74\uc5d0\uc11c \uac00\uc5f4\ub41c \uacf5\uae30\ub294 \uc704\ub85c \uc62c\ub77c\uac00\uba74\uc11c \ubd80\ud53c\uac00 \uc810\uc810 \ucee4\uc9c0\uace0 \uc628\ub3c4\uac00 \ub0ae\uc544\uc9c0\ub294 \ub2e8\uc5f4\ud33d\ucc3d\uc774 \uc2dc\uc791\ub41c\ub2e4. \uc628\ub3c4\uac00 \ub0ae\uc544\uc838\uc11c \uc218\uc99d\uae30\uac00 \uc751\uacb0\ud558\uc5ec \uc791\uc740 \ubb3c\ubc29\uc6b8\uc774\ub098 \uc5bc\uc74c \uc54c\uac31\uc774\uac00 \ub41c\ub2e4.", "scoring_keyword": null, "ml_model_check": 1, "upload_check": 1}}, {"model": "mainpage.question", "pk": 9, "fields": {"category": 4, "question_name": "\uc9c0\uad6c\uc758 \uc790\uc804", "discription": "\uc6b0\ub9ac\uac00 \uc0b4\uace0 \uc788\ub294 \uc9c0\uad6c\ub294 \ube44\ub85d \ub290\ub07c\uc9c0 \ubabb\ud558\uc9c0\ub9cc \uc790\uc804\ucd95\uc744 \ub530\ub77c \uc2a4\uc2a4\ub85c \uacc4\uc18d \ub3cc\uace0 \uc788\uc2b5\ub2c8\ub2e4. \uc9c0\uad6c\uac00 \uc6c0\uc9c1\uc774\ub294 \uac83\uc744 \ub290\ub07c\uc9c0\ub294 \ubabb\ud558\uc9c0\ub9cc \ub2e4\ub978 \ub450 \uac00\uc9c0 \ud604\uc0c1\uc73c\ub85c \uc9c0\uad6c\uc758 \uc790\uc804\uc744 \uacbd\ud5d8\ud560 \uc218 \uc788\uc2b5\ub2c8\ub2e4. \uc9c0\uad6c\uc758 \uc790\uc804\uc73c\ub85c \uc77c\uc5b4\ub098\ub294 \uc790\uc5f0 \ud604\uc0c1\uc740 \ubb34\uc5c7\uc77c\uae4c\uc694?", "answer": "\uc9c0\uad6c\uac00 \uc790\uc804\ud558\uc5ec \ub0ae\uacfc \ubc24\uc774 \uc0dd\uae34\ub2e4. \ud558\ub298\uc758 \ubcc4\uc774 \ud558\ub8e8 \ub3d9\uc548 \uc77c\uc8fc \uc6b4\ub3d9\uc744 \ud55c\ub2e4.", "image": "question/image/question_9.png", "hint": "\uc9c0\uad6c\uac00 \uc790\uc804\ud558\uc5ec \ud0dc\uc591\uc774 \uc788\ub2e4 \uc5c6\ub2e4\ub97c \ubc18\ubcf5\ud558\uace0 \uc788\uc8e0? \ud558\ub298\uc5d0 \ub9ce\uc774 \ubcf4\uc774\ub294 \ubcc4\uacfc \uad00\ub828\uc9c0\uc5b4 \uc0dd\uac01\ud574 \ubcfc\uae4c\uc694?", "made_date": "2020-08-06", "ques_concept": "\uc9c0\uad6c\uac00 \uc790\uc804\ud558\uc5ec \ub0ae\uacfc \ubc24\uc774 \uc0dd\uae34\ub2e4. \ud558\ub298\uc758 \ubcc4\uc774 \ud558\ub8e8 \ub3d9\uc548 \uc77c\uc8fc \uc6b4\ub3d9\uc744 \ud55c\ub2e4.", "scoring_keyword": null, "ml_model_check": 1, "upload_check": 1}}, {"model": "mainpage.question", "pk": 10, "fields": {"category": 4, "question_name": "\uc800\uae30\uc555\uc5d0\uc11c\uc758 \ub0a0\uc528", "discription": "\ub0a0\uc528 \uc608\ubcf4\ub97c \ub4e4\uc73c\uba74 \uc800\uae30\uc555\uc758 \uc601\ud5a5\uc73c\ub85c \ub0a0\uc528\uac00 \ud750\ub9ac\ub2e4\uace0 \ud569\ub2c8\ub2e4. \ub0a0\uc528\uac00 \ud750\ub9ac\ub2e4\ub294 \uac83\uc740 \ud558\ub298\uc5d0 \uad6c\ub984\uc774 \uc788\ub2e4\ub294 \uac83\uc744 \uc758\ubbf8\ud558\uc8e0. \uc65c \uc800\uae30\uc555\uc5d0\uc11c\ub294 \uc65c \ub9d1\uc9c0 \uc54a\uace0 \ud750\ub9b4\uae4c\uc694?", "answer": "\uae30\uc555\uc774 \ub0ae\uc740 \uc800\uae30\uc555\uc9c0\uc5ed\uc5d0\ub294 \uc0c1\uc2b9\uae30\ub958\uac00 \ubc1c\uc0dd\ud55c\ub2e4. \uacf5\uae30\uac00 \uc0c1\uc2b9\ud558\uba74 \ubd80\ud53c\uac00 \ub298\uc5b4\ub098\uace0 \uc628\ub3c4\uac00 \ub5a8\uc5b4\uc9c0\ub294 \ub2e8\uc5f4\ud33d\ucc3d\uc774 \uc77c\uc5b4\ub09c\ub2e4. \uc628\ub3c4\uac00 \ub0ae\uc544\uc9c0\uba74 \uacf5\uae30 \uc18d \uc218\uc99d\uae30\ub294 \uc751\uacb0\ud558\uc5ec \uad6c\ub984\uc774 \uc0dd\uc131\ub41c\ub2e4.", "image": "question/image/question_10.png", "hint": "\uae30\uc555\uc774 \ub0ae\uc740 \uc800\uae30\uc555\uc9c0\uc5ed\uc5d0 \uacf5\uae30 \ud750\ub984\uc740 \uc5b4\ub5a8\uae4c\uc694? \uacf5\uae30\uac00 \uc0c1\uc2b9\ud558\uba74 \uc5b4\ub5a4 \ud604\uc0c1\uc774 \uc0dd\uae38\uae4c\uc694? \uc628\ub3c4\uac00 \ub0ae\uc544\uc9c0\uba74 \uacf5\uae30 \uc18d \uc218\uc99d\uae30\ub294 \uc5b4\ub5bb\uac8c \ub420\uae4c\uc694?", "made_date": "2020-08-06", "ques_concept": "\uae30\uc555\uc774 \ub0ae\uc740 \uc800\uae30\uc555\uc9c0\uc5ed\uc5d0\ub294 \uc0c1\uc2b9\uae30\ub958\uac00 \ubc1c\uc0dd\ud55c\ub2e4. \uacf5\uae30\uac00 \uc0c1\uc2b9\ud558\uba74 \ubd80\ud53c\uac00 \ub298\uc5b4\ub098\uace0 \uc628\ub3c4\uac00 \ub5a8\uc5b4\uc9c0\ub294 \ub2e8\uc5f4\ud33d\ucc3d\uc774 \uc77c\uc5b4\ub09c\ub2e4. \uc628\ub3c4\uac00 \ub0ae\uc544\uc9c0\uba74 \uacf5\uae30 \uc18d \uc218\uc99d\uae30\ub294 \uc751\uacb0\ud558\uc5ec \uad6c\ub984\uc774 \uc0dd\uc131\ub41c\ub2e4.", "scoring_keyword": null, "ml_model_check": 1, "upload_check": 1}}, {"model": "mainpage.question", "pk": 11, "fields": {"category": 3, "question_name": "\uc2e0\ub77c\uc758 \uc0bc\uad6d\ud1b5\uc77c", "discription": "\uc2e0\ub77c\ub294 \ub2f9\ub098\ub77c\uc640 \uc5f0\ud569\ud558\uc5ec \ubc31\uc81c\uc640 \uace0\uad6c\ub824\ub97c \ucc28\ub840\ub85c \uba78\ub9dd\uc2dc\ud0a4\uace0 \uc0bc\uad6d\uc744 \ud1b5\uc77c\ud558\uc600\uc2b5\ub2c8\ub2e4. \uc2e0\ub77c\uac00 \ud1b5\uc77c\uc744 \uc774\ub8ec \ub2f9\uc2dc \ud55c\ubc18\ub3c4\uc758 \ubaa8\uc2b5\uc740 \uadf8\ub9bc\uacfc \uac19\uc2b5\ub2c8\ub2e4. \uc2e0\ub77c\uc758 \uc0bc\uad6d\ud1b5\uc77c\uc774 \uac00\uc9c0\ub294 \uc758\uc758\uc640 \ud55c\uacc4\ub294 \uac01\uac01 \ubb34\uc5c7\uc77c\uae4c\uc694?", "answer": "(\uc758\uc758) \uc0bc\uad6d\uc758 \ubb38\ud654\ub97c \ubaa8\uc544 \ud558\ub098\uc758 \ubbfc\uc871 \ubb38\ud654\ub85c \ubc1c\uc804\uc2dc\ud0ac \uc218 \uc788\ub294 \ud1a0\ub300\ub97c \ub9c8\ub828\ud558\uc600\ub2e4. \ud55c\ubc18\ub3c4\uc5d0\uc11c \ucd5c\ucd08\ub85c \ud1b5\uc77c\uc744 \uc774\ub8e8\uc5c8\ub2e4. (\ud55c\uacc4) \ub2f9\ub098\ub77c\uc758 \ud798\uc744 \ube4c\ub824 \ud1b5\uc77c\uc744 \ud588\uae30 \ub54c\ubb38\uc5d0 \uace0\uad6c\ub824\uc758 \uc601\ud1a0 \ub300\ubd80\ubd84\uc744 \uc783\uac8c \ub418\uc5c8\ub2e4. \ud55c\ubc18\ub3c4 \uc804\uccb4\uac00 \uc544\ub2cc \uc77c\ubd80\ub9cc\uc744 \ud1b5\uc77c\ud558\uc600\ub2e4.", "image": "question/image/question_11.png", "hint": "\uc6d0\ub798 \uace0\uad6c\ub824, \ubc31\uc81c, \uc2e0\ub77c\ub85c \ub098\ub258\uc5b4 \uc788\uc5c8\uc744 \ub54c\uc640 \ud1b5\uc77c\uc774 \ub418\uc5c8\uc744 \ub54c\uc758 \uc601\ud1a0\ub294 \uc5b4\ub5a4 \ucc28\uc774\uac00 \uc788\uc744\uae4c\uc694?", "made_date": "2020-08-06", "ques_concept": "\uc2e0\ub77c\uc758 \uc0bc\uad6d \ud1b5\uc77c\ub85c \ubbfc\uc871 \ubb38\ud654 \ubc1c\uc804\uc758 \uacc4\uae30\uac00 \ub9c8\ub828\ub418\uc5c8\uc9c0\ub9cc, \ud1b5\uc77c \uad6d\uac00\uc758 \uc601\ud1a0\ub294 \ud06c\uac8c \ucd95\uc18c\ub418\uc5c8\ub2e4.", "scoring_keyword": null, "ml_model_check": 1, "upload_check": 1}}, {"model": "mainpage.question", "pk": 12, "fields": {"category": 4, "question_name": "\ud558\ub298\ub85c \ub5a0\uc624\ub974\ub294 \uc5f0\ub4f1", "discription": "\uc740\uc11c\ub294 \uc9c0\uc5ed \ucd95\uc81c\uc5d0 \ucc38\uac00\ud588\ub2e4\uac00 \uc218\ub9ce\uc740 \uc5f0\ub4f1\uc774 \ud558\ub298\ub85c \ub5a0\uc624\ub974\ub294 \uac83\uc744 \ubcf4\uc558\uc2b5\ub2c8\ub2e4. \uc740\uc11c\ub3c4 \ub4f1 \uc548\uc5d0 \ubd88\uc744 \ubd99\uc774\uace0 \uc190\uc744 \ub193\uc558\ub354\ub2c8 \ubc1d\uc740 \uc5f0\ub4f1\uc774 \uc810\ucc28 \ud558\ub298\ub85c \ub5a0\uc62c\ub77c \ubc24\ud558\ub298\ub85c \uc0ac\ub77c\uc84c\uc2b5\ub2c8\ub2e4. \uc65c \uc5f0\ub4f1\uc5d0 \ubd88\uc744 \ucf1c\uba74 \ud558\ub298\ub85c \uc62c\ub77c\uac00\uac8c \ub418\ub294 \uac83\uc77c\uae4c\uc694? \uc628\ub3c4\uc5d0 \ub530\ub978 \uae30\uccb4\uc758 \ud2b9\uc131\uc744 \uc0dd\uac01\ud558\uba70 \uc124\uba85\ud574\ubcf4\uc138\uc694.", "answer": "\uc5f0\ub4f1 \uc548\uc5d0 \ubd88\uc744 \ucf1c\uba74 \uc5f0\ub4f1 \ub0b4\ubd80\uc758 \uacf5\uae30 \uc628\ub3c4\uac00 \ub192\uc544\uc9c4\ub2e4. \uc628\ub3c4\uac00 \ub192\uc544\uc9c0\uba74 \uae30\uccb4 \ubd84\uc790\uc758 \uc6b4\ub3d9\uc774 \ud65c\ubc1c\ud574\uc9c0\uace0, \uae30\uccb4\uc758 \ubc00\ub3c4\uac00 \ub0ae\uc544\uc9c4\ub2e4. \uc8fc\ubcc0\ubcf4\ub2e4 \ubc00\ub3c4\uac00 \ub0ae\uc740 \uae30\uccb4\ub294 \uc704\ub85c \ub5a0\uc624\ub974\uac8c \ub41c\ub2e4.", "image": "question/image/question_12.png", "hint": "\uacf5\uae30\uc758 \uc628\ub3c4\uac00 \uc0c1\uc2b9\ud558\uba74 \ubd84\uc790\uc758 \uc6b4\ub3d9\uc774 \ubc14\ub01d\ub2c8\ub2e4. \uacf5\uae30\uc758 \uc628\ub3c4\uac00 \uc0c1\uc2b9\ud558\uba74 \ubc00\ub3c4\ub294 \uc5b4\ub5bb\uac8c \ubc14\ub014\uae4c\uc694?", "made_date": "2020-08-06", "ques_concept": "\uacf5\uae30\uc758 \uc628\ub3c4\uac00 \uc0c1\uc2b9\ud558\uba74 \ubd84\uc790\uc758 \uc6b4\ub3d9\uc774 \ud65c\ubc1c\ud574\uc9c4\ub2e4. \uc774\uc5d0 \ub530\ub77c \uacf5\uae30\uc758 \ubc00\ub3c4\uac00 \ub0ae\uc544\uc9c4\ub2e4.", "scoring_keyword": null, "ml_model_check": 1, "upload_check": 1}}, {"model": "mainpage.question", "pk": 13, "fields": {"category": 4, "question_name": "\uc5d0\uc5b4\ucea1\uc73c\ub85c \uc2e4\ub0b4\uc628\ub3c4 \uc720\uc9c0\ud558\uae30", "discription": "\uaca8\uc6b8\ucca0 \uc2e4\ub0b4\ub97c \ub530\ub73b\ud558\uac8c \uc720\uc9c0\ud558\ub294 \uc5ec\ub7ec \uac00\uc9c0 \ubc29\ubc95\uc774 \uc788\uc2b5\ub2c8\ub2e4. \uadf8 \uc911 \uac04\ud3b8\ud55c \ubc29\ubc95\uc73c\ub85c\ub294 \ucc3d\ubb38\uc5d0 \uc5d0\uc5b4\ucea1(\ubf41\ubf41\uc774)\ub97c \ubd99\uc774\ub294 \ubc29\ubc95\uc774 \uc788\uc2b5\ub2c8\ub2e4. \uc5d0\uc5b4\ucea1\uc744 \ubd99\uc600\uc744 \ub54c \uc2e4\ub0b4 \uc628\ub3c4\uac00 \ub530\ub73b\ud558\uac8c \uc720\uc9c0\ub418\ub294 \uc774\uc720\ub294 \ubb34\uc5c7\uc77c\uae4c\uc694? \uc5f4\uc758 \ud2b9\uc9d5\uc5d0 \uad00\ud55c \uc9c0\uc2dd\uc744 \ud65c\uc6a9\ud558\uc5ec \uc790\uc138\ud558\uac8c \uc124\uba85\ud574 \ubd05\uc2dc\ub2e4.", "answer": "\uc5d0\uc5b4\ucea1 \uc548\uc5d0 \ub4e4\uc5b4 \uc788\ub294 \uacf5\uae30\uac00 \uc5f4\uc758 \uc774\ub3d9\uc744 \ub9c9\uc544 \uc2e4\ub0b4 \uc628\ub3c4\ub97c \ub192\uac8c \uc720\uc9c0\uc2dc\ud0a8\ub2e4.", "image": "question/image/question_13.png", "hint": "\uc5d0\uc5b4\ucea1\uc744 \ucc44\uc6b0\uace0 \uc788\ub294 \ubb3c\uc9c8\uc740 \uc5b4\ub5a4 \uc5ed\ud560\uc744 \ud558\ub294\uc9c0 \uc870\uae08 \ub354 \uc0dd\uac01\uc744 \ubc1c\uc804\uc2dc\ucf1c \ubcfc\uae4c\uc694?", "made_date": "2020-08-06", "ques_concept": "\ub300\ub958, \uc804\ub3c4, \ubcf5\uc0ac\uc5d0 \uc758\ud55c \uc5f4\uc758 \uc774\ub3d9\uc744 \ub9c9\ub294 \uac83\uc744 \ub2e8\uc5f4\uc774\ub77c\uace0 \ud558\uba70, \uacf5\uae30\ub3c4 \ub2e8\uc5f4\uc758 \uc7ac\ub8cc\uac00 \ub420 \uc218 \uc788\ub2e4. ", "scoring_keyword": null, "ml_model_check": 1, "upload_check": 1}}, {"model": "mainpage.question", "pk": 14, "fields": {"category": 4, "question_name": "\uc785\uc790\uc758 \ub04a\uc784\uc5c6\ub294 \uc6b4\ub3d9", "discription": "\uc2dc\uc5f0\uc774\ub294 \uacfc\ud559 \uc2dc\uac04\uc5d0 \uc120\uc0dd\ub2d8\uaed8\uc11c \uc785\uc790\uc758 \uc6b4\ub3d9\uc5d0 \ub300\ud574 \uc124\uba85\ud558\uc2dc\ub294 \uac83\uc744 \ub4e4\uc5c8\uc2b5\ub2c8\ub2e4. \ubb3c\uc9c8\uc744 \uc774\ub8e8\ub294 \uc785\uc790\ub294 \uc815\uc9c0\ud574 \uc788\ub294 \uac83\uc774 \uc544\ub2c8\ub77c \ub04a\uc784 \uc5c6\uc774 \uc6b4\ub3d9\ud558\uace0 \uc788\ub2e4\ub294 \ub0b4\uc6a9\uc774\uc5c8\uc2b5\ub2c8\ub2e4. \uc2dc\uc5f0\uc774\ub294 \uc6b0\ub9ac \uc8fc\ubcc0\uc5d0\uc11c \uc785\uc790\uc758 \uc6b4\ub3d9\uc73c\ub85c \uc778\ud574 \uc77c\uc5b4\ub098\ub294 \uc790\uc5f0 \ud604\uc0c1\ub4e4\uc774 \ubb34\uc5c7\uc774 \uc788\uc744\uc9c0 \uc0dd\uac01\ud574\ubcf4\uae30\ub85c \ud588\uc2b5\ub2c8\ub2e4. \uc785\uc790\uc758 \uc6b4\ub3d9\uc5d0 \uad00\ud55c \uc9c0\uc2dd\uc744 \ud65c\uc6a9\ud558\uc5ec \uc774\ub97c \uc790\uc138\ud558\uac8c \uc124\uba85\ud574\ubd05\uc2dc\ub2e4.", "answer": "\uc785\uc790\uc758 \uc6b4\ub3d9\uc73c\ub85c \uc778\ud574 \ubb3c\uc9c8\uc758 \uc0c1\ud0dc \ubcc0\ud654\uac00 \uc77c\uc5b4\ub09c\ub2e4. \ub300\ud45c\uc801\uc778 \ubb3c\uc9c8\uc758 \uc0c1\ud0dc \ubcc0\ud654\ub85c\ub294 \uc99d\ubc1c\uc774 \uc788\ub2e4. \ubb3c\uc9c8\uc758 \uc0c1\ud0dc \ubcc0\ud654\uac00 \uc544\ub2c8\ub354\ub77c\ub3c4, \uae30\uccb4\uc758 \ud655\uc0b0\uc740 \uc785\uc790\uc758 \uc6b4\ub3d9 \ub54c\ubb38\uc5d0 \uc77c\uc5b4\ub09c\ub2e4. \uae30\uc555 \uc790\uccb4\ub3c4 \uc785\uc790\uc758 \uc6b4\ub3d9 \ub54c\ubb38\uc5d0 \uc874\uc7ac\ud558\ub294 \uac83\uc774\ub2e4.", "image": "question/image/question_14.png", "hint": "\uc785\uc790\uc758 \uc6b4\ub3d9\uc744 \uc6b0\uc120 \ubb3c\uc9c8\uc758 \uc0c1\ud0dc\uc640 \uc5f0\uad00 \uc9c0\uc5b4 \uc774\ud574\ud560 \uc218 \uc788\uc2b5\ub2c8\ub2e4. \uadf8 \ub2e4\uc74c\uc73c\ub85c \ubb3c\uc9c8\uc758 \uc0c1\ud0dc \ubcc0\ud654\uc640 \uad00\uacc4 \uc5c6\ub294 \uc785\uc790\uc758 \uc6b4\ub3d9\uc744 \uc0dd\uac01\ud574\ubcfc \uc218 \uc788\uc2b5\ub2c8\ub2e4.", "made_date": "2020-08-06", "ques_concept": "\uc785\uc790\uc758 \uc6b4\ub3d9\uc73c\ub85c \uc778\ud574 \ubb3c\uc9c8\uc758 \uc0c1\ud0dc \ubcc0\ud654\uac00 \uc77c\uc5b4\ub09c\ub2e4. \ub300\ud45c\uc801\uc778 \ubb3c\uc9c8\uc758 \uc0c1\ud0dc \ubcc0\ud654\ub85c\ub294 \uc99d\ubc1c\uc774 \uc788\ub2e4. \ud55c\ud3b8 \uae30\uccb4 \uc0c1\ud0dc\uc5d0\uc11c\ub294 \ud655\uc0b0 \ud604\uc0c1\uc774 \uc785\uc790\uc758 \uc6b4\ub3d9\uc73c\ub85c \ub098\ud0c0\ub09c\ub2e4. \uae30\uccb4\uc758 \uc555\ub825 \uc790\uccb4\ub3c4 \uc785\uc790\uc758 \uc6b4\ub3d9\uc73c\ub85c \uc778\ud574 \uc874\uc7ac\ud55c\ub2e4.", "scoring_keyword": null, "ml_model_check": 1, "upload_check": 1}}, {"model": "mainpage.question", "pk": 15, "fields": {"category": 4, "question_name": "\uc0b0\uacfc \uc5fc\uae30\uac00 \ub9cc\ub0a0 \ub54c", "discription": "pH \uc885\uc774\ub97c \uc774\uc6a9\ud558\uba74 \uc6a9\uc561\uc774 \uc0b0\uc131\uc744 \ub760\ub294\uc9c0 \uc5fc\uae30\uc131\uc744 \ub760\ub294\uc9c0 \ud655\uc778\ud560 \uc218 \uc788\uc2b5\ub2c8\ub2e4. \ubbfc\uc218\ub294 \uc2e4\ud5d8\uc744 \ud558\ub358 \ub3c4\uc911 \uc0b0\uc131 \uc6a9\uc561\uc5d0 \uc5fc\uae30\uc131 \uc6a9\uc561\uc744 \ub5a8\uc5b4\ub728\ub9b4\uc218\ub85d \uc0b0\uc131\uc774 \uc810\uc810 \uc57d\ud574\uc9c0\uace0, \ubc18\ub300\ub85c \uc5fc\uae30\uc131 \uc6a9\uc561\uc5d0 \uc0b0\uc131 \uc6a9\uc561\uc744 \ub5a8\uc5b4\ub728\ub9b4\uc218\ub85d \uc5fc\uae30\uc131\uc774 \uc810\uc810 \uc57d\ud574\uc9c0\ub294 \uac83\uc744 \uad00\ucc30\ud558\uc600\uc2b5\ub2c8\ub2e4. \ubbfc\uc218\ub294 \uc0b0\uacfc \uc5fc\uae30\uac00 \ub9cc\ub098\uba74 \uac01\uac01\uc758 \uc131\uc9c8\uc774 \uc57d\ud574\uc9c4\ub2e4\uace0 \uc0dd\uac01\ud558\uac8c \ub418\uc5c8\uc2b5\ub2c8\ub2e4. \uadf8\ub807\ub2e4\uba74 \uc0b0\uacfc \uc5fc\uae30\uac00 \ub9cc\ub098\uba74 \uc65c \uac01\uac01\uc758 \uc131\uc9c8\uc774 \uc57d\ud574\uc9c0\ub294 \uac83\uc77c\uae4c\uc694?", "answer": "\uc11c\ub85c \uc0c1\ubc18\ub418\ub294 \uc131\uc9c8\uc744 \uc9c0\ub2cc \uc0b0\uacfc \uc5fc\uae30\uac00 \ub9cc\ub098\uba74, \uc0b0\uc131\uacfc \uc5fc\uae30\uc131\uc744 \ub760\ub294 \ubb3c\uc9c8(\uc785\uc790)\uc774 \uc11c\ub85c \uc9dd\uc744 \ub9de\ucd94\uc5b4 \ubc18\uc751\ud558\uba74\uc11c(\uc911\ud654\ubc18\uc751) \uac01\uac01\uc758 \uc131\uc9c8\uc744 \uc783\uc5b4\ubc84\ub9ac\uae30 \ub54c\ubb38\uc774\ub2e4.", "image": "question/image/question_15.png", "hint": "\uc0b0\uacfc \uc5fc\uae30\uac00 \ub9cc\ub098\uba74 \uc5b4\ub5a4 \uc77c\uc774 \ubc8c\uc5b4\uc9c8\uae4c\uc694? \uc0b0\uacfc \uc5fc\uae30\ub294 \ub9cc\ub098\ub294 \ube44\uc728\uc740 \uc5b4\ub5a0\ud560\uae4c\uc694?", "made_date": "2020-08-06", "ques_concept": "\uc0b0\uacfc \uc5fc\uae30\ub294 \uc11c\ub85c \uc0c1\ubc18\ub418\ub294 \uc131\uc9c8\uc744 \uc9c0\ub2cc\ub2e4. \uc0b0\uacfc \uc5fc\uae30\uac00 \ub9cc\ub098\uba74 \uc0b0\uc131\uacfc \uc5fc\uae30\uc131\uc744 \ub760\ub294 \ubb3c\uc9c8(\uc785\uc790)\uc774 \uc11c\ub85c \uc9dd\uc744 \ub9de\ucd94\uc5b4 \ubc18\uc751\ud55c\ub2e4.(\uc911\ud654\ubc18\uc751) \uc774 \ubc18\uc751\uc758 \uacb0\uacfc\ub85c \uac01\uac01\uc758 \uc131\uc9c8\uc744 \uc783\uc5b4\ubc84\ub9ac\uac8c \ub41c\ub2e4.", "scoring_keyword": null, "ml_model_check": 1, "upload_check": 1}}, {"model": "mainpage.question", "pk": 16, "fields": {"category": 3, "question_name": "\uc815\ubcf4 \uc0ac\ud68c\uc758 \ubb38\uc81c\uc810", "discription": "\uc624\ub298\ub0a0 \uc6b0\ub9ac \uc0ac\ud68c\ub294 \uc815\ubcf4 \uc0ac\ud68c\ub85c \ubd88\ub9bd\ub2c8\ub2e4. \uc815\ubcf4 \uc0ac\ud68c\ub294 \uc815\ubcf4 \ud1b5\uc2e0 \uae30\uc220\uc758 \ubc1c\ub2ec\uacfc \ud568\uaed8 \uc815\ubcf4\uc758 \uac00\uce58\uac00 \ub9e4\uc6b0 \uc911\uc694\ud558\uac8c \uc5ec\uaca8\uc9c0\ub294 \uc0ac\ud68c\uc785\ub2c8\ub2e4. \uc815\ubcf4 \uc0ac\ud68c\ub294 \uc6b0\ub9ac \uc0dd\ud65c\uc744 \ub9e4\uc6b0 \ud3b8\ub9ac\ud558\uac8c \ud574 \uc8fc\uc9c0\ub9cc, \ub2e4\ub978 \ud55c\ud3b8\uc73c\ub85c \ub9ce\uc740 \ubb38\uc81c\uc810\ub3c4 \uac00\uc838\uc635\ub2c8\ub2e4. \uc815\ubcf4 \uc0ac\ud68c\uc5d0\uc11c \ub098\ud0c0\ub098\ub294 \ubb38\uc81c\uc810\uc5d0\ub294 \uc5b4\ub5a4 \uac83\uc774 \uc788\uc744\uae4c\uc694?", "answer": "\uc815\ubcf4 \uae30\uae30 \uc911\ub3c5(\ud734\ub300\ud3f0, \uc778\ud130\ub137, \uac8c\uc784 \uc911\ub3c5 \ub4f1), \uc815\ubcf4 \uae30\uae30\uc5d0 \ub300\ud55c \ub192\uc740 \uc758\uc874\ub3c4, \uba74\ub300\uba74 \ub300\uc778\uad00\uacc4 \uc57d\ud654, \uc0ac\uc0dd\ud65c \uce68\ud574(\uac1c\uc778 \uc815\ubcf4 \uc720\ucd9c \ub4f1), \uc0ac\uc774\ubc84 \ubc94\uc8c4(\uc545\uc131 \ub313\uae00, \uc0ac\uc774\ubc84 \ud3ed\ub825 \ub4f1), \uac70\uc9d3 \uc815\ubcf4(\uac00\uc9dc \ub274\uc2a4 \ub4f1) \uc720\ud3ec, \uc800\uc791\uad8c \uce68\ud574, \uc815\ubcf4 \uaca9\ucc28(\uc815\ubcf4 \ubd88\ud3c9\ub4f1) \ub4f1", "image": "question/image/question_16.png", "hint": "\uc6b0\ub9ac\uac00 \ud3c9\uc18c\uc5d0 \ub9ce\uc774 \uc0ac\uc6a9\ud558\ub294 \uc2a4\ub9c8\ud2b8\ud3f0\uc774\ub098 \uc778\ud130\ub137\uacfc \uad00\ub828\ub41c \ubb38\uc81c\uc810\uc744 \ub5a0\uc62c\ub824 \ubd05\uc2dc\ub2e4.", "made_date": "2020-08-06", "ques_concept": "\uc815\ubcf4 \uc0ac\ud68c\ub294 \uae0d\uc815\uc801\uc778 \uce21\uba74\uacfc \ubd80\uc815\uc801\uc778 \uce21\uba74\uc744 \ubaa8\ub450 \uac00\uc9c0\uace0 \uc788\ub2e4.", "scoring_keyword": null, "ml_model_check": 1, "upload_check": 1}}, {"model": "mainpage.question", "pk": 17, "fields": {"category": 4, "question_name": "\uba78\uc885\uc704\uae30\uc5d0 \ucc98\ud55c \uc0dd\ubb3c\ub4e4", "discription": "2019\ub144 5\uc6d4 \uc804\uc138\uacc4 132\uac1c\uad6d\uc774 \ucc38\uc5ec\ud558\ub294 \uc0dd\ubb3c\ub2e4\uc591\uc131\uacfc\ud559\uae30\uad6c(IPBES)\uc5d0\uc11c\ub294 \uc9c0\uad6c\uc0c1\uc758 \ub3d9\uc2dd\ubb3c 100\ub9cc\uc885\uc774 \uba78\uc885 \uc704\uae30\uc5d0 \ube60\uc84c\ub2e4\ub294 \uc870\uc0ac \uacb0\uacfc\ub97c \ub2f4\uc740 \ubcf4\uace0\uc11c\ub97c \ubc1c\ud45c\ud558\uc600\uc2b5\ub2c8\ub2e4. \uc774 \ubcf4\uace0\uc11c\ub294 \u201c\ud604\uc7ac \uc9c0\uad6c\uc5d0\ub294 800\ub9cc\uc885\uc758 \uc0dd\ubb3c\uc774 \uc0ac\ub294 \uac83\uc73c\ub85c \ucd94\uc815\ub418\ub294\ub370, \uba78\uc885 \uc18d\ub3c4\uac00 \uacfc\uac70 1000\ub9cc\ub144 \ud3c9\uade0\ubcf4\ub2e4 \uc218\uc2ed \ubc30\ub098 \ube60\ub974\uace0 \uac00\uc18d\ud654\ub418\uace0 \uc788\ub2e4\u201d\uace0 \uc9c0\uc801\ud588\uc2b5\ub2c8\ub2e4. \ucd5c\uadfc \ub4e4\uc5b4 \uc774\ub807\uac8c \uc9c0\uad6c\uc0c1\uc5d0\uc11c\uc758 \uba78\uc885\uc704\uae30 \uc885\uc774 \ub9ce\uc544\uc9c0\uace0 \uadf8 \uc18d\ub3c4\ub3c4 \ube68\ub77c\uc9c0\ub294 \uc774\uc720\ub294 \ubb34\uc5c7\uc77c\uae4c\uc694? \uc0dd\ubb3c\uc5d0 \uad00\ud55c \uc9c0\uc2dd\uc744 \ud65c\uc6a9\ud558\uc5ec \uc790\uc138\ud558\uac8c \uc124\uba85\ud558\uc5ec \ubd05\uc2dc\ub2e4.", "answer": "\uc778\uac04\ud65c\ub3d9\uc5d0 \uc758\ud55c \ud658\uacbd\ud30c\uad34\uc640 \uae30\ud6c4\ubcc0\ud654\ub85c \uc778\ud574 \uc0dd\ubb3c\ub4e4\uc758 \uc11c\uc2dd\uc9c0\uac00 \ud30c\uad34\ub418\uc5b4 \uc0dd\ubb3c\ub4e4\uc774 \uc548\uc88b\uc740 \uc601\ud5a5\uc744 \ubc1b\uae30 \ub54c\ubb38\uc774\ub2e4. ", "image": "question/image/question_17.png", "hint": "\ucd5c\uadfc \uadf9\uc9c0\ubc29\uc758 \ube59\ud558\uac00 \ube60\ub978 \uc18d\ub3c4\ub85c \ub179\uc73c\uba70 \ubd81\uadf9 \uc0dd\ubb3c\ub4e4\uc774 \uc0b4 \uacf3\uc744 \uc783\uc5b4\uac00\uace0 \uc788\ub2e4\uace0 \ud569\ub2c8\ub2e4. \ub610\ud55c \uc544\ub9c8\uc874\uc5d0\uc11c\ub294 \uc9c0\ub098\uce5c \ub3c4\ub85c \uacf5\uc0ac\ub85c \uc5f4\ub300\uc6b0\ub9bc\uc774 \uc810\uc810 \ud30c\uad34\ub418\uace0 \uc788\ub2e4\uace0 \ud569\ub2c8\ub2e4. \uadf8 \uc774\uc720\ub97c \uc911\uc2ec\uc73c\ub85c \uc0dd\uac01\ud574\ubcfc\uae4c\uc694? \ub300\ubd80\ubd84\uc758 \uc790\uc5f0 \ud30c\uad34\ub294 \ub204\uad6c\uc5d0 \uc758\ud558\uc5ec \uc0dd\uae30\ub294\uc9c0 \uc0dd\uac01\ud574 \ubcfc\uae4c\uc694?", "made_date": "2020-08-06", "ques_concept": "\uc778\uac04\ud65c\ub3d9\uc73c\ub85c \uc778\ud55c \ud658\uacbd\uc624\uc5fc\uacfc \uae30\ud6c4\ubcc0\ud654\ub85c \uc0dd\ubb3c\ub4e4\uc758 \uc11c\uc2dd\uc9c0\uac00 \ud30c\uad34\ub418\uace0 \uc0dd\ubb3c\ub2e4\uc591\uc131\uc774 \uc704\ud611\ub418\uace0 \uc788\ub2e4. ", "scoring_keyword": null, "ml_model_check": 1, "upload_check": 1}}, {"model": "mainpage.question", "pk": 18, "fields": {"category": 6, "question_name": "\uace0\ub824\uc758 \uacbd\uc81c\uc640 \ubb38\ud654", "discription": "\ub2e4\uc74c \uc790\ub8cc\ub97c \ud1b5\ud574 \uc54c \uc218 \uc788\ub294 \uace0\ub824 \uc2dc\ub300\uc758 \uacbd\uc81c\uc640 \ubb38\ud654\uc758 \ud2b9\uc9d5\uc744 \uac01\uac01 \uc4f0\uc2dc\uc624.", "answer": "(\uacbd\uc81c\uc758 \ud2b9\uc9d5) \ub2e4\ub978 \ub098\ub77c\uc640 \ud65c\ubc1c\ud558\uac8c \ubb34\uc5ed\uc744 \ud558\uba74\uc11c \ubc1c\uc804\ud558\uc600\ub2e4.  (\ubb38\ud654\uc758 \ud2b9\uc9d5) \uc804\uad6d\uc801\uc73c\ub85c \ubd88\uad50 \ubb38\ud654\uac00 \ud06c\uac8c \ubc1c\ub2ec\ud558\uc600\ub2e4.", "image": "question/image/question_18.png", "hint": "\ub2e4\ub978 \ub098\ub77c\uc640 \ubb3c\uac74\uc744 \uc0ac\uace0 \ud30c\ub294 \uac83\uc744 \ubb34\uc5c7\uc774\ub77c\uace0 \ud560\uae4c\uc694? \uc808, \ubd88\uc0c1, \uc11d\ud0d1, \uc5f0\ub4f1\ud68c, \ud314\uad00\ud68c \ub4f1\uc740 \uc5b4\ub5a4 \uc885\uad50\uc640 \uad00\ub828\uc774 \uc788\uc744\uae4c\uc694?", "made_date": "2020-08-06", "ques_concept": "\uace0\ub824 \uc2dc\ub300\uc5d0\ub294 \ub300\uc678 \ubb34\uc5ed\uacfc \ubd88\uad50\uac00 \ud06c\uac8c \ubc1c\uc804\ud558\uc600\ub2e4.", "scoring_keyword": null, "ml_model_check": 1, "upload_check": 1}}, {"model": "mainpage.question", "pk": 19, "fields": {"category": 4, "question_name": "\uc13c \uc804\uc790\uc11d \ub9cc\ub4e4\uae30", "discription": "\ucca0\uc2ec\uc5d0 \uc5d0\ub098\uba5c\uc120\uc744 \uc5ec\ub7ec \ubc88 \uac10\uc544 \uc804\uae30\ud68c\ub85c\uc640 \uc5f0\uacb0\ud558\uc5ec \uadf8\ub9bc\uacfc \uac19\uc774 \uc804\uc790\uc11d\uc744 \ub9cc\ub4e4\uace0\uc790 \ud569\ub2c8\ub2e4. \uc5d0\ub098\uba5c\uc120\uc758 \uac10\uc740 \uc218\ub97c \ubcc0\ud654\uc2dc\ud0a4\uc9c0 \uc54a\uace0 \ub354 \uac15\ud55c \uc804\uc790\uc11d\uc744 \ub9cc\ub4dc\ub824\uba74 \uc5b4\ub5bb\uac8c \ud574\uc57c \ud560\uae4c\uc694? (\ud544\uc694\ud55c \uac83\uc774 \uc788\uc73c\uba74 \uc804\uae30\ud68c\ub85c\uc5d0 \ucd94\uac00\ud560 \uc218 \uc788\uc2b5\ub2c8\ub2e4.)", "answer": "\uc804\uc790\uc11d\uc740 \uc804\ub958\uac00 \ud750\ub974\uba74 \uc804\uc120 \uc8fc\uc704\uc5d0 \uc790\uc11d\uc758 \uc131\uc9c8\uc774 \ub098\ud0c0\ub098\ub294 \uac83\uc744 \uc774\uc6a9\ud558\uc5ec \ub9cc\ub4e0 \uc790\uc11d\uc774\ub2e4. \uadf8\ub7ec\ubbc0\ub85c \uc804\uc9c0\ub97c \uc9c1\ub82c\ub85c \ub354 \uc5f0\uacb0\ud558\uc5ec \uc5d0\ub098\uba5c\uc120\uc5d0 \ud750\ub974\ub294 \uc804\ub958\uc758 \uc138\uae30\ub97c \uc138\uac8c \ud558\uba74 \ub41c\ub2e4.", "image": "question/image/question_19.png", "hint": "\uc804\uc790\uc11d\uc740 \uc804\ub958\uac00 \ud750\ub974\ub294 \uc804\uc120 \uc8fc\uc704\uc5d0 \uc790\uc11d\uc758 \uc131\uc9c8\uc774 \ub098\ud0c0\ub098\ub294 \uac83\uc744 \uc774\uc6a9\ud574 \ub9cc\ub4e0 \uc790\uc11d\uc785\ub2c8\ub2e4. \uc804\uae30\ud68c\ub85c\uc5d0 \ud750\ub974\ub294 \uc804\ub958\uc758 \uc138\uae30\uc640 \uad00\ub828\uc9c0\uc5b4 \uc870\uae08 \ub354 \uc0dd\uac01\uc744 \ubc1c\uc804\uc2dc\ucf1c \ubcfc\uae4c\uc694?", "made_date": "2020-08-06", "ques_concept": "\uc804\uc9c0\ub97c \uc9c1\ub82c\ub85c \uc5f0\uacb0\ud558\uba74 \ub354 \ub9ce\uc740 \uc804\ub958\uac00 \ud750\ub978\ub2e4. ", "scoring_keyword": null, "ml_model_check": 1, "upload_check": 1}}, {"model": "mainpage.question", "pk": 20, "fields": {"category": 4, "question_name": "\uc2a4\uc2a4\ub85c \ubd99\ub294 \ubd88", "discription": "\ub274\uc2a4\uc5d0\uc11c \uc0b0\ubd88 \uc18c\uc2dd\uc744 \uc804\ud558\uace0 \uc788\uc2b5\ub2c8\ub2e4. \uc0b0\ubd88\uc740 \ub54c\ub85c\ub294 \uc0ac\ub78c\uc5d0 \uc758\ud574 \ubc1c\uc0dd\ud558\uae30\ub3c4 \ud558\uc9c0\ub9cc, \uc774\ubc88 \uc0b0\ubd88\uc740 \uc790\uc5f0\uc801\uc73c\ub85c \ubc1c\uc0dd\ud588\ub2e4\uace0 \ud569\ub2c8\ub2e4. \uc774\ucc98\ub7fc \uc5b4\ub5a4 \ub54c\uc5d0\ub294 \ub204\uad70\uac00 \ubd88\uc744 \ubd99\uc774\uc9c0 \uc54a\uc544\ub3c4 \ubd88\uc774 \ubc1c\uc0dd\ud558\uae30\ub3c4 \ud569\ub2c8\ub2e4. \uc5b4\ub5bb\uac8c \uc774\ub807\uac8c \uc2a4\uc2a4\ub85c \ubd88\uc774 \ub0a0 \uc218 \uc788\ub294 \uac83\uc77c\uae4c\uc694? \ubd88\uc774 \ubd99\ub294 \uc870\uac74\uc5d0 \ub300\ud55c \uc9c0\uc2dd\uc744 \ud65c\uc6a9\ud558\uc5ec \uc124\uba85\ud574\ubd05\uc2dc\ub2e4.", "answer": "\uc0b0\uc5d0\uc11c \ud587\ube5b\uc774\ub098 \ub098\ubb47\uac00\uc9c0\ub4e4 \uc0ac\uc774\uc758 \ub9c8\ucc30\ub85c \uc5f4\uc774 \ubc1c\uc0dd\ud558\uace0, \uc774\ub85c \uc778\ud574 \uc628\ub3c4\uac00 \ubc1c\ud654\uc810 \uc774\uc0c1\uc73c\ub85c \ub192\uc544\uc9c0\uba74 \uc2a4\uc2a4\ub85c \ubd88\uc774 \ubd99\uc744 \uc218 \uc788\ub2e4.", "image": "question/image/question_20.png", "hint": "\ubd88\uc774 \ubd99\ub294 \uc870\uac74\uc740 \uc628\ub3c4\uc640 \uad00\ub828\uc774 \uc788\uc2b5\ub2c8\ub2e4.", "made_date": "2020-08-06", "ques_concept": "\ubd88\uc774 \ubd99\uae30 \uc704\ud574\uc11c\ub294(\uc5f0\uc18c\ubc18\uc751\uc774 \uc2dc\uc791\ub418\uae30 \uc704\ud574\uc11c\ub294) \ubc1c\ud654\uc810 \uc774\uc0c1\uc758 \uc628\ub3c4\uac00 \ud544\uc694\ud558\ub2e4.", "scoring_keyword": null, "ml_model_check": 1, "upload_check": 1}}, {"model": "mainpage.question", "pk": 21, "fields": {"category": 4, "question_name": "\ud654\uc7ac\uc640 \uc2a4\ud504\ub9c1\ud074\ub7ec", "discription": "\uac74\ubb3c\ub9c8\ub2e4 \ucc9c\uc7a5\uc5d0 \uc2a4\ud504\ub9c1\ud074\ub7ec\uac00 \uc124\uce58\ub41c \uacbd\uc6b0\uac00 \ub9ce\uc2b5\ub2c8\ub2e4. \uc2a4\ud504\ub9c1\ud074\ub7ec\ub294 \ud654\uc7ac \ubc1c\uc0dd \uc2dc\uc5d0 \ubb3c\uc744 \ubfcc\ub824\uc11c \ubd88\uc744 \ub044\ub294 \uc5ed\ud560\uc744 \ud569\ub2c8\ub2e4. \ubb3c\uc774 \ubd88\uc744 \ub044\ub294 \ub370 \ud6a8\uacfc\uc801\uc774\uae30 \ub54c\ubb38\uc785\ub2c8\ub2e4. \uadf8\ub807\ub2e4\uba74 \ubd88\uc774 \ub0ac\uc744 \ub54c \ubb3c\uc744 \ubfcc\ub824\uc11c \ubd88\uc744 \ub04c \uc218 \uc788\ub294 \uc774\uc720\ub294 \ubb34\uc5c7\uc77c\uae4c\uc694?", "answer": "\uc2a4\ud504\ub9c1\ud074\ub7ec\ub85c \ubb3c\uc744 \ubfcc\ub9ac\uba74 \uc628\ub3c4\uac00 \ub0b4\ub824\uac00\uae30 \ub54c\ubb38\uc5d0 \ubd88\uc774 \uaebc\uc9c0\uac8c \ub41c\ub2e4. \uadf8\ub9ac\uace0 \uc21c\uac04\uc801\uc73c\ub85c \ubc1c\uc0dd\ud558\ub294 \uc218\uc99d\uae30\uac00 \uc0b0\uc18c\ub97c \ucc28\ub2e8\ud558\uc5ec \ubd88\uc774 \uaebc\uc9c0\uac8c \ub41c\ub2e4.", "image": "question/image/question_21.png", "hint": "\ubd88\uc774 \uacc4\uc18d \ubd99\uae30 \uc704\ud574\uc11c \ud544\uc694\ud55c \uc870\uac74\uc744 \uc0dd\uac01\ud574\ubd05\uc2dc\ub2e4.", "made_date": "2020-08-06", "ques_concept": "\ubd88\uc774 \uacc4\uc18d \ubd99\uae30 \uc704\ud574\uc11c\ub294 \uc801\uc808\ud55c \uc628\ub3c4\uac00 \uc720\uc9c0\ub418\uc5b4\uc57c \ud558\uace0, \uc0b0\uc18c\uac00 \uacc4\uc18d \uacf5\uae09\ub418\uc5b4\uc57c \ud55c\ub2e4.", "scoring_keyword": null, "ml_model_check": 1, "upload_check": 1}}, {"model": "mainpage.question", "pk": 22, "fields": {"category": 3, "question_name": "\ucc38\uc815\uad8c, \ud3c9\ub4f1\uad8c", "discription": "(\uac00), (\ub098)\uc5d0\uc11c \uac01\uac01 \uac15\uc870\ub418\uace0 \uc788\ub294 \uae30\ubcf8\uad8c\uc740 \ubb34\uc5c7\uc778\uac00\uc694? (\uac00) \ucca0\uc218\uc528\ub294 \uad6d\ud68c\uc758\uc6d0\uc744 \ubf51\ub294 \uc120\uac70\uc5d0 \ucc38\uc5ec\ud558\uc5ec \uc18c\uc911\ud55c \ud55c \ud45c\ub97c \ud589\uc0ac\ud558\uc600\ub2e4. \ub2e4\uc74c \uc120\uac70\uc5d0\uc11c\ub294 \uc790\uc2e0\uc774 \uc9c1\uc811 \ucd9c\ub9c8\ud558\uc5ec \ub098\ub77c\uc758 \uc77c\uc744 \ub9e1\uc544\uc11c \ud558\uace0\uc790 \ud558\ub294 \uafc8\uc744 \uac00\uc9c0\uace0 \uc788\ub2e4. (\ub098) \uc601\ud76c\uc528\ub294 \ud68c\uc0ac\uc5d0 \ucde8\uc9c1\ud560 \ub54c \ub098\uc774\uac00 \uc5b4\ub9ac\ub2e4\ub294 \uc774\uc720\ub85c \ubd80\ub2f9\ud55c \ub300\uc6b0\ub97c \ubc1b\uc558\ub2e4\uace0 \ud310\ub2e8\ud558\uc5ec \ubb38\uc81c\ub97c \uc81c\uae30\ud558\uc600\ub2e4. \uc601\ud76c\uc528\ub294 \ub098\uc774, \uc131\ubcc4, \uc7ac\uc0b0 \ub4f1\uc5d0 \uc0c1\uad00\uc5c6\uc774 \uc5b4\ub290 \ub204\uad6c\ub3c4 \ucc28\ubcc4\ubc1b\uc9c0 \uc54a\uc544\uc57c \ud55c\ub2e4\uace0 \ub9d0\ud588\ub2e4.", "answer": "(\uac00) \ucc38\uc815\uad8c (\uc815\uce58\uc5d0 \ucc38\uc5ec\ud560 \uad8c\ub9ac) (\ub098) \ud3c9\ub4f1\uad8c (\ub204\uad6c\ub098 \ud3c9\ub4f1\ud55c \ub300\uc6b0\ub97c \ubc1b\uc744 \uad8c\ub9ac)", "image": "question/image/question_22.png", "hint": "\ud22c\ud45c\ub97c \ud558\uac70\ub098 \uc120\uac70\uc5d0 \ucd9c\ub9c8\ud558\ub294 \uac83\uc740 \ubb34\uc5c7\uacfc \uad00\uacc4\uac00 \uae4a\uc744\uae4c\uc694? \ucc28\ubcc4\uc758 \ubc18\ub300\ub9d0\uc740 \ubb34\uc5c7\uc77c\uae4c\uc694?", "made_date": "2020-08-06", "ques_concept": "\uc6b0\ub9ac\ub098\ub77c \ud5cc\ubc95\uc5d0\uc11c\ub294 \ud3c9\ub4f1\uad8c, \uc790\uc720\uad8c, \ucc38\uc815\uad8c, \uc0ac\ud68c\uad8c, \uccad\uad6c\uad8c \ub4f1\uc744 \uae30\ubcf8\uad8c\uc73c\ub85c \ubcf4\uc7a5\ud558\uace0 \uc788\ub2e4.", "scoring_keyword": null, "ml_model_check": 1, "upload_check": 1}}, {"model": "mainpage.question", "pk": 23, "fields": {"category": 3, "question_name": "\uc0bc\uc2ec\uc81c\ub97c \ub450\ub294 \uc774\uc720", "discription": "\ucca0\uc218\uc528\ub294 \ud68c\uc0ac \uc77c\ub85c \uc790\ub3d9\ucc28\ub97c \ubab0\uace0 \ucd9c\uc7a5\uc744 \uac00\ub358 \uc911 \uad50\ud1b5\uc0ac\uace0\ub97c \ub2f9\ud574 \ub354 \uc774\uc0c1 \ud68c\uc0ac\ub97c \ub2e4\ub2d0 \uc218 \uc5c6\uac8c \ub418\uc5c8\uc2b5\ub2c8\ub2e4. \ucca0\uc218\uc528\ub294 \ud68c\uc0ac \uc77c\uc744 \ud558\ub7ec \uac00\ub2e4\uac00 \ub2e4\uce5c \uac83\uc774\ub2c8 \ud68c\uc0ac\uc5d0\uc11c \ucda9\ubd84\ud55c \ubcf4\uc0c1\uc744 \ud574\uc8fc\uae30\ub97c \ubc14\ub790\uc9c0\ub9cc \ud68c\uc0ac\ub294 \uc6b4\uc804 \ubd80\uc8fc\uc758\ub85c \uc77c\uc5b4\ub09c \uc0ac\uace0\ub77c\ub294 \uc774\uc720\ub85c \ubcd1\uc6d0\ube44 \uc678\uc5d0\ub294 \uc544\ubb34\uac83\ub3c4 \ubcf4\uc0c1\ud574 \uc8fc\uc9c0 \uc54a\uc558\uc2b5\ub2c8\ub2e4. \uc774\ub97c \uc5b5\uc6b8\ud558\uac8c \uc5ec\uae34 \ucca0\uc218\uc528\ub294 \ud68c\uc0ac\ub97c \uc0c1\ub300\ub85c \uc18c\uc1a1\uc744 \ubc8c\uc600\uc2b5\ub2c8\ub2e4. \uccab \ubc88\uc9f8 \uc7ac\ud310\uc5d0\uc11c\ub294 \ucca0\uc218\uc528\uac00 \uc84c\uc9c0\ub9cc, \ub450 \ubc88\uc9f8, \uc138 \ubc88\uc9f8 \uc7ac\ud310\uc5d0\uc11c\ub294 \ucca0\uc218\uc528\uac00 \uc774\uaca8 \ucca0\uc218\uc528\ub294 \ud68c\uc0ac\ub85c\ubd80\ud130 \ubcf4\uc0c1\uc744 \ubc1b\uac8c \ub418\uc5c8\uc2b5\ub2c8\ub2e4. \uc774\ucc98\ub7fc \uc6b0\ub9ac\ub098\ub77c\uc5d0\uc11c\ub294 \uc138 \ubc88\uae4c\uc9c0 \uc7ac\ud310\uc744 \ubc1b\uc744 \uc218 \uc788\ub3c4\ub85d \ud558\uace0 \uc788\ub294\ub370 \uadf8 \uc774\uc720\ub294 \ubb34\uc5c7\uc77c\uae4c\uc694?", "answer": "\uacf5\uc815\ud55c \uc7ac\ud310\uc744 \uc704\ud574\uc11c\uc774\ub2e4. \uc798\ubabb\ub41c \ud310\uacb0\ub85c \uc778\ud574 \uc5b5\uc6b8\ud55c \uc0ac\ub78c\uc774 \uc0dd\uae30\uc9c0 \uc54a\ub3c4\ub85d \ud558\uae30 \uc704\ud574\uc11c\uc774\ub2e4.", "image": "question/image/question_23.png", "hint": "\uc5b4\ub5a4 \uc0ac\uac74\uc5d0 \ub300\ud574 \uc7ac\ud310\uc744 \ub2e8 \ud55c \ubc88\ub9cc \ud560 \uc218 \uc788\ub2e4\uba74 \uc5b4\ub5a4 \uc77c\uc774 \uc0dd\uae38 \uc218 \uc788\uc744\uae4c\uc694?", "made_date": "2020-08-06", "ques_concept": "\uac19\uc740 \uc0ac\uac74\uc744 \uc11c\ub85c \ub2e4\ub978 \uc7ac\ud310\ubd80\uc5d0\uc11c \ud310\uacb0\ud568\uc73c\ub85c\uc368 \uacf5\uc815\uc131\uc744 \ub192\uc77c \uc218 \uc788\ub2e4.", "scoring_keyword": null, "ml_model_check": 1, "upload_check": 1}}, {"model": "mainpage.question", "pk": 24, "fields": {"category": 3, "question_name": "\uc0bc\uad8c \ubd84\ub9bd", "discription": "\uc6b0\ub9ac\ub098\ub77c \ud5cc\ubc95\uc5d0\uc11c\ub294 \uad6d\uac00 \uad8c\ub825\uc744 \uc785\ubc95\ubd80, \ud589\uc815\ubd80, \uc0ac\ubc95\ubd80 \uc138 \uacf3\uc73c\ub85c \uac01\uac01 \ub098\ub204\uc5b4 \ub193\uace0 \uc788\uc2b5\ub2c8\ub2e4. \uc774\ub97c \uad8c\ub825\ubd84\ub9bd(\uc0bc\uad8c\ubd84\ub9bd)\uc774\ub77c\uace0 \ud569\ub2c8\ub2e4. \uc0bc\uad8c\ubd84\ub9bd \uc6d0\ub9ac\uc5d0 \ub530\ub77c \uc785\ubc95\ubd80, \ud589\uc815\ubd80, \uc0ac\ubc95\ubd80\ub294 \uac01\uac01 \uc5b4\ub5a4 \uc77c\uc744 \ud558\ub294\uc9c0 \uc801\uc5b4 \ubcf4\uc138\uc694.", "answer": "\uc785\ubc95\ubd80\ub294 \uad6d\uac00 \uc6b4\uc601\uc5d0 \ud544\uc694\ud55c \ubc95\uc744 \ub9cc\ub4e0\ub2e4. \ud589\uc815\ubd80\ub294 \ubc95\uc744 \uc9d1\ud589\ud558\uc5ec \ub098\ub77c\uc758 \uc0b4\ub9bc\uc744 \uc774\ub04c\uc5b4 \uac04\ub2e4. \uc0ac\ubc95\ubd80\ub294 \ubc95\uc744 \uc801\uc6a9\ud558\uc5ec \uc7ac\ud310\uc744 \ud55c\ub2e4.", "image": "question/image/question_24.png", "hint": "\uc785\ubc95\ubd80\ub294 \uad6d\ud68c\ub97c, \ud589\uc815\ubd80\ub294 \uc815\ubd80\ub97c, \uc0ac\ubc95\ubd80\ub294 \ubc95\uc6d0\uc744 \uac00\ub9ac\ud0b5\ub2c8\ub2e4. \uad6d\ud68c, \uc815\ubd80, \ubc95\uc6d0\uc774 \ud558\ub294 \uc77c\uc740 \ubb34\uc5c7\uc77c\uae4c\uc694?", "made_date": "2020-08-06", "ques_concept": "\uc6b0\ub9ac\ub098\ub77c\ub294 \uad8c\ub825 \ubd84\ub9bd\uc758 \uc6d0\ub9ac\uc5d0 \ub530\ub77c \uad6d\uac00 \uad8c\ub825\uc744 \uc785\ubc95\ubd80, \ud589\uc815\ubd80, \uc0ac\ubc95\ubd80\ub85c \ub098\ub204\uc5b4 \ub193\uc558\ub2e4.", "scoring_keyword": null, "ml_model_check": 1, "upload_check": 1}}, {"model": "mainpage.question", "pk": 25, "fields": {"category": 3, "question_name": "\uad6d\uac00\uad8c\ub825\uc744 \ub098\ub204\uc5b4 \ub193\uc740 \uc774\uc720", "discription": "\uc6b0\ub9ac\ub098\ub77c\ub294 \uad6d\uac00 \uad8c\ub825\uc744 \uc138 \uae30\uad00\uc774 \ub098\ub204\uc5b4 \uac00\uc9c0\ub3c4\ub85d \ud558\uace0 \uc788\uc2b5\ub2c8\ub2e4. \uc774\uc5d0 \ub530\ub77c \uad6d\ud68c\uc5d0\uc11c\ub294 \ubc95\uc744 \ub9cc\ub4e4\uace0, \uc815\ubd80\uc5d0\uc11c\ub294 \uadf8 \ubc95\uc744 \uc9d1\ud589\ud558\uc5ec \ub098\ub77c \uc0b4\ub9bc\uc744 \ud558\uace0, \ubc95\uc6d0\uc5d0\uc11c\ub294 \uadf8 \ubc95\uc744 \uc801\uc6a9\ud558\uc5ec \uc7ac\ud310\uc744 \ud569\ub2c8\ub2e4. \uc774\ucc98\ub7fc \uad6d\uac00 \uad8c\ub825\uc744 \uc14b\uc73c\ub85c \ub098\ub204\uc5b4 \ub193\uc740 \uc774\uc720\ub294 \ubb34\uc5c7\uc77c\uae4c\uc694?", "answer": "\uc5b4\ub290 \ud55c \uae30\uad00\uc774 \uad6d\uac00 \uad8c\ub825\uc744 \ub3c5\uc810\ud558\ub294 \uac83\uc744 \ub9c9\uae30 \uc704\ud574\uc11c, \uad6d\uac00 \uad8c\ub825\uc774 \uc5b4\ub290 \ud55c \uacf3\uc5d0 \uc9d1\uc911\ub418\ub294 \uac83\uc744 \ub9c9\uae30 \uc704\ud574\uc11c, \uad6d\uac00 \uae30\uad00 \uac04\uc5d0 \uc11c\ub85c \uacac\uc81c\ud560 \uc218 \uc788\ub3c4\ub85d \ud558\uae30 \uc704\ud574\uc11c, \uad6d\uac00 \uae30\uad00\uc774 \uc5ec\ub7ec \uae30\uad00 \uac04\uc5d0 \uade0\ud615\uc744 \uc774\ub8f0 \uc218 \uc788\ub3c4\ub85d \ud558\uae30 \uc704\ud574\uc11c, \uad6d\ubbfc\uc758 \uae30\ubcf8\uad8c\uc744 \ubcf4\uc7a5\ud558\uae30 \uc704\ud574\uc11c, \uad6d\ubbfc\uc758 \uc790\uc720\uacfc \uad8c\ub9ac\ub97c \ubcf4\ud638\ud558\uae30 \uc704\ud574\uc11c, \ubbfc\uc8fc\uc8fc\uc758\uc758 \uc774\ub150\uc744 \uc798 \uc2e4\ud604\ud558\uae30 \uc704\ud574\uc11c, \uad6d\uac00\uc758 \uc77c\uc744 \ud6a8\uc728\uc801\uc73c\ub85c \ud558\uae30 \uc704\ud574\uc11c", "image": "question/image/question_25.png", "hint": "\uad6d\uac00\uad8c\ub825\uc744 \uc5b4\ub290 \ud55c \uae30\uad00\uc774 \ub3c5\ucc28\uc9c0\ud558\uba74 \uc5b4\ub5a4 \uc77c\uc774 \ubc1c\uc0dd\ud560\uae4c\uc694?", "made_date": "2020-08-06", "ques_concept": "\uad8c\ub825 \ubd84\ub9bd\uc744 \ud1b5\ud574 \ubbfc\uc8fc\uc8fc\uc758\uc758 \uc774\ub150\uacfc \uac00\uce58\ub97c \ub354 \uc798 \uc2e4\ud604\ud560 \uc218 \uc788\ub2e4.", "scoring_keyword": null, "ml_model_check": 1, "upload_check": 1}}, {"model": "mainpage.question", "pk": 26, "fields": {"category": 4, "question_name": "\uc8fc\uc2a4 \uac00\ub8e8 \ub179\uc774\uae30", "discription": "\uc885\uc6d0\uc774\ub294 \ub9db\uc788\ub294 \ub9dd\uace0 \uc8fc\uc2a4 \uac00\ub8e8\ub97c \uc120\ubb3c \ubc1b\uc558\uc2b5\ub2c8\ub2e4. \ub2ec\ucf64\ud558\uace0 \uc9c4\ud55c \uc8fc\uc2a4\ub97c \ub9cc\ub4e4\ub824\uace0 \ucee4\ub2e4\ub780 \ucef5\uc5d0 \uc8fc\uc2a4 \uac00\ub8e8\ub97c \ub4ec\ubfcd \ub123\uace0 \ubb3c\uc744 \ub123\uc5c8\uc2b5\ub2c8\ub2e4. \uadf8\ub7ac\ub354\ub2c8 \uc8fc\uc2a4 \uac00\ub8e8\uac00 \ub2e4 \ub179\uc9c0 \uc54a\uace0 \ubc11\uc5d0 \uac00\ub77c\uc549\uc558\uc2b5\ub2c8\ub2e4. \uc5b4\ub5bb\uac8c \ud558\uba74 \uac00\ub77c\uc549\uc740 \uc8fc\uc2a4\uac00\ub8e8\ub3c4 \ub2e4 \ub179\uc77c \uc218 \uc788\uc744\uae4c\uc694? \uc5ec\ub7ec \uac00\uc9c0 \uacfc\ud559\uc801 \uc6d0\ub9ac\ub97c \ud65c\uc6a9\ud558\uc5ec \ubc29\ubc95\uc744 \uc0dd\uac01\ud574 \ubd05\uc2dc\ub2e4.", "answer": "\ubb3c\uc744 \uac00\uc5f4\ud558\uc5ec \uc628\ub3c4\ub97c \ub192\uc774\uac70\ub098, \ubb3c\uc744 \ub354 \ubd80\uc5b4\uc8fc\uba74 \ub0a8\uc740 \uc8fc\uc2a4 \uac00\ub8e8\ub97c \ub354 \ub179\uc77c \uc218 \uc788\ub2e4.", "image": "question/image/question_26.png", "hint": "\ubb3c\uc758 \uc628\ub3c4\uc640 \uc5f0\uad00 \uc9c0\uc5b4 \uc0dd\uac01\ud574\ubd05\uc2dc\ub2e4. \ubb3c\uc758 \uc591\uacfc \uc5f0\uad00 \uc9c0\uc5b4 \uc0dd\uac01\ud574\ubd05\uc2dc\ub2e4.", "made_date": "2020-08-06", "ques_concept": "\uc6a9\ub9e4\uc758 \uc628\ub3c4\uac00 \ub192\uc744\uc218\ub85d \uc6a9\uc9c8\uc740 \uc6a9\ub9e4\uc5d0 \uc798 \ub179\ub294\ub2e4(\uc6a9\ub9e4\uc758 \uc628\ub3c4 \uc99d\uac00) \uc6a9\ub9e4\uc758 \uc591\uc774 \ub9ce\uc744\uc218\ub85d \uc6a9\uc9c8\uc774 \ub9ce\uc774 \ub179\ub294\ub2e4(\uc6a9\ub9e4\uc758 \uc591).", "scoring_keyword": null, "ml_model_check": 1, "upload_check": 1}}, {"model": "mainpage.question", "pk": 27, "fields": {"category": 4, "question_name": "\uae40\uc7a5\uacfc \uc18c\uae08\ubb3c", "discription": "\uae40\uc7a5\uc744 \uc704\ud574\uc11c \uc900\uc11c\ub294 \uc62c\ud574\ub3c4 \uc5b4\uba38\ub2c8\ub97c \ub3c4\uc640 \ubc30\ucd94\ub97c \uc808\uc77c \uc18c\uae08\ubb3c\uc744 \ub9cc\ub4e4\uc5c8\uc2b5\ub2c8\ub2e4. \ud070 \ud1b5\uc5d0 \ubb3c\uc744 \ub2f4\uace0 \uc18c\uae08\uc744 \ud55c \ubd09\uc9c0 \ub123\uc5c8\uc2b5\ub2c8\ub2e4. \ubb3c\uc744 \uc800\uc5b4 \ub179\uc774\ub294\ub370, \ubc14\ub2e5\uc5d0 \ub179\uc9c0 \uc54a\uc740 \uc18c\uae08\uc774 \ub9ce\uc774 \ubcf4\uc600\uc2b5\ub2c8\ub2e4. \uc18c\uae08\uc774 \uc544\uae4c\uc6e0\uc9c0\ub9cc \ub2e4\uc2dc \uac78\ub7ec \ub0bc \uc218\ub3c4 \uc5c6\uc5c8\uc2b5\ub2c8\ub2e4. \uc5b4\ub5bb\uac8c \ud558\uba74 \ub179\uc9c0 \uc54a\uc740 \uc18c\uae08\uc744 \ub2e4 \ub179\uc77c \uc218 \uc788\uc744\uc9c0 \uacfc\ud559\uc801\uc73c\ub85c \uc124\uba85\ud574 \ubcfc\uae4c\uc694?", "answer": "\uac00\ub77c\uc549\uc740 \uc18c\uae08\uc744 \ub179\uc774\uae30 \uc704\ud574\uc11c\ub294 \ubb3c\uc758 \uc628\ub3c4\ub97c \ub192\uc774\uac70\ub098, \ub354 \ub9ce\uc740 \ubb3c\uc744 \ub123\uc73c\uba74 \ub41c\ub2e4.", "image": "question/image/question_27.png", "hint": "\ubb3c\uc758 \uc628\ub3c4\uc640 \uc5f0\uad00 \uc9c0\uc5b4 \uc0dd\uac01\ud574\ubd05\uc2dc\ub2e4. \ubb3c\uc758 \uc591\uacfc \uc5f0\uad00 \uc9c0\uc5b4 \uc0dd\uac01\ud574\ubd05\uc2dc\ub2e4.", "made_date": "2020-08-06", "ques_concept": "\uc6a9\ub9e4\uc758 \uc628\ub3c4\uac00 \ub192\uc744\uc218\ub85d \uc6a9\uc9c8\uc740 \uc6a9\ub9e4\uc5d0 \uc798 \ub179\ub294\ub2e4(\uc6a9\ub9e4\uc758 \uc628\ub3c4 \uc99d\uac00) \uc6a9\ub9e4\uc758 \uc591\uc774 \ub9ce\uc744\uc218\ub85d \uc6a9\uc9c8\uc774 \ub9ce\uc774 \ub179\ub294\ub2e4(\uc6a9\ub9e4\uc758 \uc591).", "scoring_keyword": null, "ml_model_check": 1, "upload_check": 1}}, {"model": "mainpage.question", "pk": 28, "fields": {"category": 4, "question_name": "\uc124\ud0d5\ubb3c\uc758 \ub18d\ub3c4 \ube44\uad50", "discription": "\uc724\uc11c\ub294 \uc124\ud0d5\ubb3c\uc744 \ub9c8\uc2dc\uace0 \uc2f6\uc5b4\uc11c \uc138 \uac1c\uc758 \ucef5\uc5d0 \uac19\uc740 \uc591\uc758 \ubb3c\uc744 \ub2f4\uace0 \uac01\uc124\ud0d5\uc744 \uac01\uac01 1\uac1c, 3\uac1c, 5\uac1c\ub97c \ub123\uc5b4 \uc798 \uc800\uc5b4\uc8fc\uc5c8\uc2b5\ub2c8\ub2e4. \uadf8\ub7f0\ub370 \uac01\uc124\ud0d5 5\uac1c\ub97c \ub123\uc740 \ucef5\uc5d0\uc11c\ub294 \uac01\uc124\ud0d5\uc774 \ub2e4 \ub179\uc9c0 \uc54a\uace0 \uc5ec\uc804\ud788 \ub0a8\uc544 \uc788\ub294 \uac83\uc744 \ubc1c\uacac\ud558\uc600\uc2b5\ub2c8\ub2e4. \uac01\uac01\uc758 \ucef5\uc5d0 \uc788\ub294 \uc124\ud0d5\ubb3c\uc758 \uc9c4\ud558\uae30\ub97c \ube44\uad50\ud558\ub824\uba74 \ub9db\ubcf4\uae30 \uc678\uc5d0 \uc5b4\ub5a4 \ubc29\ubc95\uc744 \uc0ac\uc6a9\ud560 \uc218 \uc788\uc744\uae4c\uc694?", "answer": "\uac19\uc740 \uc591\uc758 \ubb3c\uc5d0 \uc124\ud0d5\uc744 \ub9ce\uc774 \ub179\uc77c\uc218\ub85d \ubc00\ub3c4(\ube44\uc911)\uc774 \uc99d\uac00\ud558\uac8c \ub418\ubbc0\ub85c, \ube44\uc911\uacc4\ub97c \ud65c\uc6a9\ud558\uac70\ub098 \ubb3c\uc5d0 \ub728\ub294 \uc5ec\ub7ec \ubb3c\uc9c8\ub4e4\uc744 \ub123\uc5b4\uc11c \ub728\ub294 \uc815\ub3c4\ub97c \ube44\uad50\ud574\ubcf8\ub2e4. \ub610\ub294 \uc124\ud0d5\ubb3c\uc744 \uac00\uc5f4\ud558\uc5ec \uc11d\ucd9c\ub418\ub294 \uc815\ub3c4\ub97c \ube44\uad50\ud560 \uc218\ub3c4 \uc788\ub2e4.", "image": "question/image/question_28.png", "hint": "\uc124\ud0d5\ubb3c\uc774 \uc9c4\ud560\uc218\ub85d \ubc14\ub00c\uac8c \ub418\ub294 \uc6a9\uc561\uc758 \uc131\uc9c8\uc774 \uc788\uc2b5\ub2c8\ub2e4.", "made_date": "2020-08-06", "ques_concept": "\uac19\uc740 \uc591\uc758 \ubb3c(\uc6a9\ub9e4)\uc5d0 \uc124\ud0d5(\uc6a9\uc9c8)\uc744 \ub9ce\uc774 \ub179\uc77c\uc218\ub85d \uc6a9\uc561\uc758 \ubc00\ub3c4\uac00 \uc99d\uac00\ud55c\ub2e4.", "scoring_keyword": null, "ml_model_check": 1, "upload_check": 1}}, {"model": "mainpage.question", "pk": 29, "fields": {"category": 4, "question_name": "\ubd80\ud480\uc5b4 \uc624\ub978 \uacfc\uc790 \ubd09\uc9c0", "discription": "\uc900\uc11c\ub294 \uc0b0\uc744 \uc88b\uc544\ud558\uc2dc\ub294 \uc544\ubc84\uc9c0\uc640 \ud568\uaed8 \uc8fc\ub9d0\ub9c8\ub2e4 \ub4f1\uc0b0\uc744 \uac11\ub2c8\ub2e4. \ud558\ub8e8\ub294 \uc0b0 \uc815\uc0c1\uc5d0\uc11c \uba39\uc73c\ub824\uace0 \uacfc\uc790\ub97c \ub4e4\uace0 \uc62c\ub77c\uac14\ub354\ub2c8 \ubd09\uc9c0\uac00 \uc0b0 \uc544\ub798\uc5d0 \uc788\uc744 \ub54c\ubcf4\ub2e4 \ub354 \ubd80\ud480\uc5b4 \uc624\ub978 \uac83\uc744 \ubcf4\uc558\uc2b5\ub2c8\ub2e4. \uc65c \uc774\ub7f0 \ud604\uc0c1\uc774 \uc0dd\uacbc\uc744\uae4c\uc694? \uacfc\ud559\uc801\uc73c\ub85c \uc124\uba85\ud574 \ubcfc\uae4c\uc694?", "answer": "\uc0b0 \uc815\uc0c1\uc5d0\uc11c \uc0b0 \uc544\ub798\uc5d0 \uc788\uc744 \ub54c\ubcf4\ub2e4 \uacfc\uc790 \ubd09\uc9c0\uac00 \ub354 \ubd80\ud480\uc5b4 \uc624\ub978 \uac83\uc740 \ub192\uc774(\uace0\ub3c4)\uac00 \ub192\uc544\uc9c8\uc218\ub85d \uacf5\uae30\uc758 \uc591\uc774 \uc801\uc5b4\uc838\uc11c \uae30\uc555\uc774 \ub0ae\uc544\uc9c0\uae30 \ub54c\ubb38\uc774\ub2e4.", "image": "question/image/question_29.png", "hint": "\uacf5\uae30\uc5d0\ub3c4 \ubb34\uac8c\uac00 \uc788\uc5b4\uc694. \ub192\uc740 \uacf3\uc5d0\uc11c\ub294 \uc774\uac83\uc774 \ud76c\ubc15\ud574\uc838\uc694.", "made_date": "2020-08-06", "ques_concept": "\uc0b0\uacfc \uac19\uc740 \ub192\uc740 \uacf3\uc5d0\uc11c\ub294 \uc544\ub798\ucabd\uc5d0 \ube44\ud558\uc5ec \uae30\uc555\uc774 \ub0ae\ub2e4. \uadf8 \uc774\uc720\ub294 \ub192\uc740 \uacf3\uc5d0\uc11c\ub294 \uacf5\uae30\uc758 \uc591\uc774 \ud76c\ubc15\ud558\uae30 \ub54c\ubb38\uc774\ub2e4.", "scoring_keyword": null, "ml_model_check": 1, "upload_check": 1}}, {"model": "mainpage.question", "pk": 30, "fields": {"category": 4, "question_name": "\ube44\ud589\uae30 \uc548 \ucd08\ucf54\ud30c\uc774", "discription": "\uc900\uc601\uc774\ub294 \ube44\ud589\uae30\uc5d0\uc11c \uc8fc\ub294 \uc2dd\uc0ac\uc758 \uc591\uc774 \ub108\ubb34 \uc801\uc5b4 \uae30\ub0b4\uc5d0\uc11c \uba39\uc744 \ucd08\ucf54\ud30c\uc774\ub97c \uc900\ube44\ud588\uc2b5\ub2c8\ub2e4. \ube44\ud589\uae30\uac00 \uc774\ub959\ud558\uace0 \ub09c \ub4a4\uc5d0 \ucd08\ucf54\ud30c\uc774\ub97c \uaebc\ub0b4 \ubcf4\ub2c8 \ucd08\ucf54\ud30c\uc774 \ubd09\uc9c0\uac00 \ube75\ube75\ud558\uac8c \ubd80\ud480\uc5b4 \uc788\uc5c8\uc2b5\ub2c8\ub2e4. \ube44\ud589\uae30\uac00 \uc774\ub959\ud558\uace0 \ub09c \ub4a4\uc5d0 \ucd08\ucf54\ud30c\uc774 \ubd09\uc9c0\uac00 \ubd80\ud480\uc5b4 \uc624\ub974\ub294 \uc774\uc720\ub97c \uacfc\ud559\uc801\uc73c\ub85c \uc124\uba85\ud574 \ubcfc\uae4c\uc694?", "answer": "\ube44\ud589\uae30\uac00 \uc774\ub959\ud558\uace0 \ub09c \ub4a4 \ucd08\ucf54\ud30c\uc774 \ubd09\uc9c0\uac00 \ubd80\ud480\uc5b4 \uc624\ub978 \uac83\uc740 \ube44\ud589\uae30\uc758 \ub192\uc774(\uace0\ub3c4)\uac00 \ub192\uc544\uc9c8\uc218\ub85d \uacf5\uae30\uc758 \uc591\uc774 \uc801\uc5b4\uc838\uc11c \uae30\uc555\uc774 \ub0ae\uc544\uc9c0\uae30 \ub54c\ubb38\uc774\ub2e4.", "image": "question/image/question_30.png", "hint": "\uacf5\uae30\uc5d0\ub3c4 \ubb34\uac8c\uac00 \uc788\uc5b4\uc694. \uace0\ub3c4\uac00 \ub192\uc740 \uacf3\uc5d0\uc11c\ub294 \uc774\uac83\uc774 \ud76c\ubc15\ud574\uc838\uc694. ", "made_date": "2020-08-06", "ques_concept": "\ube44\ud589\uae30\uac00 \ub0a0\uace0 \uc788\ub294 \ub192\uc740 \uacf3\uc740 \ub0ae\uc740 \uacf3\uc5d0 \ube44\ud558\uc5ec \uae30\uc555\uc774 \ub0ae\ub2e4. \ub192\uc740 \uacf3\uc740 \ub0ae\uc740 \uacf3\uc5d0 \ube44\ud574 \uacf5\uae30\uc758 \uc591\uc774 \uc801\ub2e4.", "scoring_keyword": null, "ml_model_check": 1, "upload_check": 1}}, {"model": "mainpage.question", "pk": 31, "fields": {"category": 4, "question_name": "\ucc0c\uadf8\ub7ec\uc9c4 \ud398\ud2b8\ubcd1", "discription": "\uc885\ud604\uc774\ub294 \uc74c\ub8cc\uc218\ub97c \uac70\uc758 \ub2e4 \ub9c8\uc2dc\uace0 \ub098\uc11c \ud50c\ub77c\uc2a4\ud2f1 \ubcd1\uc758 \ub69c\uaed1\uc744 \ub2eb\uace0 \ub0c9\uc7a5\uace0\uc5d0 \ub123\uc5b4\ub450\uc5c8\uc2b5\ub2c8\ub2e4. \ub098\uc911\uc5d0 \ub0c9\uc7a5\uace0\ub97c \uc5f4\uc5b4 \ubcf4\ub2c8 \ud50c\ub77c\uc2a4\ud2f1 \ubcd1\uc774 \uc57d\uac04 \ucc0c\uadf8\ub7ec\uc838 \uc788\uc5c8\uc2b5\ub2c8\ub2e4. \uc544\ubb34\ub7f0 \ud798\uc744 \uac00\ud558\uc9c0 \uc54a\uc558\ub294\ub370 \uc65c \ubcd1\uc774 \ucc0c\uadf8\ub7ec\uc9c0\uac8c \ub418\uc5c8\uc744\uae4c\uc694? \uacfc\ud559\uc801 \uc6d0\ub9ac\ub97c \uc801\uc6a9\ud558\uc5ec \uc124\uba85\ud574 \ubcfc\uae4c\uc694?", "answer": "\uc74c\ub8cc\uc218 \ud398\ud2b8\ubcd1\uc744 \ub0c9\uc7a5\uace0\uc5d0 \ub123\uc73c\uba74, \ud398\ud2b8\ubcd1 \uc548\uc758 \uae30\uccb4\uc758 \uc628\ub3c4\uac00 \ub0ae\uc544\uc9c4\ub2e4. \uae30\uccb4\uc758 \uc628\ub3c4\uac00 \ub0ae\uc544\uc9c0\uba74 \ubd80\ud53c\uac00 \uc904\uc5b4\ub4e4\uac8c \ub41c\ub2e4. \uadf8\ub7ec\ubbc0\ub85c \ud50c\ub77c\uc2a4\ud2f1 \ubcd1\uc774 \ucc0c\uadf8\ub7ec\uc9c4\ub2e4.", "image": "question/image/question_31.png", "hint": "\uae30\uccb4\uc758 \uc628\ub3c4\uc640 \ubd80\ud53c\uc758 \uad00\uacc4\ub97c \uc0dd\uac01\ud574\ubd05\uc2dc\ub2e4.", "made_date": "2020-08-06", "ques_concept": "\uae30\uccb4\uc758 \uc628\ub3c4\uac00 \ub0ae\uc544\uc9c0\uba74 \ubd80\ud53c\uac00 \uc904\uc5b4\ub4e0\ub2e4.", "scoring_keyword": null, "ml_model_check": 1, "upload_check": 1}}, {"model": "mainpage.question", "pk": 32, "fields": {"category": 4, "question_name": "\uc2a4\ud14c\uc778\ub808\uc2a4 \ucef5\uc774 \ucc28\uac00\uc6cc\uc9c4 \uc774\uc720", "discription": "\uc2dd\ub2f9\uc5d0 \uac14\ub354\ub2c8 \uc18c\ub3c5\uae30\uc5d0\uc11c \ubc29\uae08 \uaebc\ub0b8 \ub530\ub73b\ud55c \uc2a4\ud14c\uc778\ub808\uc2a4 \ucef5\uc744 \uc8fc\uc168\uc2b5\ub2c8\ub2e4. \uadf8\ub7f0\ub370 \ucc2c\ubb3c\uc744 \ub2f4\uc73c\ub2c8 \uae08\uc138 \ucef5\uc774 \uc544\uc8fc \ucc28\uac00\uc6cc\uc84c\uc2b5\ub2c8\ub2e4. \ub530\ub73b\ud588\ub358 \ucef5\uc5d0 \ucc2c\ubb3c\uc744 \ub123\uc740 \ud6c4 \ucef5\uc774 \ucc28\uac00\uc6cc\uc9c4 \uc774\uc720\ub294 \ubb34\uc5c7\uc77c\uae4c\uc694? \uc5f4\uc758 \uc774\ub3d9\uacfc \uad00\ub828\uc9c0\uc5b4 \uc124\uba85\ud574 \ubd05\uc2dc\ub2e4.", "answer": "\uc2a4\ud14c\uc778\ub808\uc2a4\uc640 \uac19\uc740 \uae08\uc18d\uc5d0\uc11c\ub294 \uc628\ub3c4\uac00 \ub192\uc740 \uacf3\uc5d0\uc11c \ub0ae\uc740 \uacf3\uc73c\ub85c \uc5f4\uc774 \ube60\ub974\uac8c \uc774\ub3d9\ud55c\ub2e4. \ub530\ub73b\ud55c \ucef5\uc5d0\uc11c \ucc28\uac00\uc6b4 \ubb3c\ub85c \uc5f4\uc774 \uc774\ub3d9\ud558\uc5ec \ucef5\uc774 \ucc28\uac00\uc6cc\uc84c\ub2e4.", "image": "question/image/question_32.png", "hint": "\ucef5\uc758 \uc7ac\uc9c8\uacfc \uad00\ub828\uc9c0\uc5b4 \uc0dd\uac01\ud574\ubcf4\uace0, \uc5f4\uc774 \uc5b4\ub514\uc5d0\uc11c \uc5b4\ub514\ub85c \uc774\ub3d9\ud588\uc744 \uc9c0 \uc870\uae08 \ub354 \uc0dd\uac01\uc744 \ubc1c\uc804\uc2dc\ucf1c \ubcfc\uae4c\uc694?", "made_date": "2020-08-06", "ques_concept": "\uc804\ub3c4\ub294 \uc5f4\uc774 \ubb3c\uccb4\ub97c \ud1b5\ud574\uc11c \uc804\ub2ec\ub418\ub294 \ud604\uc0c1\uc744 \ub9d0\ud558\uba70, \uae08\uc18d\uc740 \uc5f4\uc744 \uc798 \uc804\ub2ec\ud558\ub294 \ubb3c\uc9c8\uc785\ub2c8\ub2e4. ", "scoring_keyword": null, "ml_model_check": 1, "upload_check": 1}}, {"model": "mainpage.question", "pk": 33, "fields": {"category": 4, "question_name": "\uc5b4\ubb35\uaf2c\uce58\uc5d0 \ub098\ubb34\ub97c \uc0ac\uc6a9\ud558\ub294 \uc774\uc720", "discription": "\ub5a1\ubcf6\uc774\ub97c \ud30c\ub294 \ud3ec\uc7a5\ub9c8\ucc28 \ud55c\ucabd\uc5d0\ub294 \ub728\uac70\uc6b4 \uad6d\ubb3c\uc5d0 \uc5b4\ubb35\uaf2c\uce58\uac00 \ub2f4\uaca8 \uc788\uc2b5\ub2c8\ub2e4. \uc790\uc138\ud788 \uc0b4\ud3b4\ubcf4\ub2c8 \uae38\ub2e4\ub780 \ub098\ubb34 \uaf2c\ucc59\uc774\uc5d0 \uc5b4\ubb35\uc774 \uaf42\ud600 \uc788\uc5c8\uc2b5\ub2c8\ub2e4. \uc65c \uc5b4\ubb35\uaf2c\uce58\ub97c \ub9cc\ub4e4 \ub54c \uc1e0\uaf2c\ucc59\uc774\uac00 \uc544\ub2c8\ub77c \ub098\ubb34\ub97c \uc0ac\uc6a9\ud560\uae4c\uc694? \uc5f4\uc758 \uc774\ub3d9\uacfc \uad00\ub828\uc9c0\uc5b4 \uc124\uba85\ud574 \ubcf4\uc138\uc694.", "answer": "\uae08\uc18d\uc740 \uc5f4\uc744 \uc798 \uc804\ub2ec\ud558\uba70, \ub098\ubb34\ub294 \uc5f4\uc744 \uc798 \uc804\ub2ec\ud558\uc9c0 \uc54a\ub294\ub2e4. \uc1e0\uaf2c\ucc59\uc774\ub97c \uc0ac\uc6a9\ud558\uba74 \uc5f4\uc774 \ube60\ub974\uac8c \uc804\ub2ec\ub418\uc5b4 \uc190\uc744 \ub370\uc77c \uc218 \uc788\uc9c0\ub9cc, \ub098\ubb34\ub85c \ub9cc\ub4e0 \uaf2c\ucc59\uc774\ub97c \uc0ac\uc6a9\ud558\uba74 \uc5f4\uc774 \uc798 \uc804\ub2ec\ub418\uc9c0 \uc54a\uc73c\ubbc0\ub85c \uc548\uc804\ud558\uac8c \uc5b4\ubb35 \uaf2c\uce58\ub97c \ub4e4\uace0 \uba39\uc744 \uc218 \uc788\ub2e4. ", "image": "question/image/question_33.png", "hint": "\uaf2c\ucc59\uc774\ub294 \uc5b4\ubb35\uc744 \uaebc\ub0b4\uae30 \uc704\ud55c \uc190\uc7a1\uc774 \uc5ed\ud560\uc744 \ud569\ub2c8\ub2e4. \uaf2c\ucc59\uc774\uc758 \uc7ac\uc9c8\uacfc \uc5f4\uc758 \uc804\ub2ec\uc744 \uc5f0\uad00\uc9c0\uc5b4 \uc870\uae08 \ub354 \uc0dd\uac01\uc744 \ubc1c\uc804\uc2dc\ucf1c \ubcfc\uae4c\uc694?", "made_date": "2020-08-06", "ques_concept": "\uc804\ub3c4\ub294 \uc5f4\uc774 \ubb3c\uccb4\ub97c \ud1b5\ud574\uc11c \uc804\ub2ec\ub418\ub294 \ud604\uc0c1\uc744 \ub9d0\ud558\uba70, \ub098\ubb34\ub294 \uc5f4\uc744 \uc798 \uc804\ub2ec\ud558\uc9c0 \ubabb\ud558\ub294 \ubb3c\uc9c8\uc785\ub2c8\ub2e4. ", "scoring_keyword": null, "ml_model_check": 1, "upload_check": 1}}, {"model": "mainpage.question", "pk": 34, "fields": {"category": 4, "question_name": "\ud574\ubcc0\uc5d0\uc11c \ubd80\ub294 \ubc14\ub78c", "discription": "\uc7ac\uc131\uc774\ub294 \uc9c0\ub09c\uc5ec\ub984\uc5d0 \uac00\uc871\uacfc \ud568\uaed8 \ud574\ubcc0\uc73c\ub85c \ud53c\uc11c\ub97c \ub2e4\ub140\uc654\uc2b5\ub2c8\ub2e4. \ud587\ubcd5\uc774 \ub0b4\ub9ac\ucb10\ub294 \ub0ae\uc5d0 \ubaa8\ub798\uc0ac\uc7a5\uc740 \ubc14\ub2f7\ubb3c\ubcf4\ub2e4 \ub354 \ub728\uac70\uc6e0\uc2b5\ub2c8\ub2e4. \ud574\uac00 \uc5c6\ub294 \ubc24\uc774 \ub418\ub2c8 \ubaa8\ub798\uc0ac\uc7a5\uc774 \ubc14\ub2f7\ubb3c\ubcf4\ub2e4 \ub354 \uc2dc\uc6d0\ud574\uc84c\uc2b5\ub2c8\ub2e4. \uc7ac\uc131\uc774\ub294 \uad00\ucc30\uc744 \ud1b5\ud574\uc11c \ub0ae\uc5d0\ub294 \ubc14\ub2e4\uc5d0\uc11c \uc721\uc9c0\ub85c \ubc14\ub78c\uc774 \ubd88\uc5b4\uc624\uace0, \ubc24\uc5d0\ub294 \uc721\uc9c0\uc5d0\uc11c \ubc14\ub2e4\ub85c \ubc14\ub78c\uc774 \ubd84\ub2e4\ub294 \uc0ac\uc2e4\uc744 \uc54c\uac8c \ub418\uc5c8\uc2b5\ub2c8\ub2e4. \ub0ae\uc5d0 \ubc14\ub2e4\uc5d0\uc11c \uc721\uc9c0\ub85c \ubd80\ub294 \ubc14\ub78c\uc774 \uc0dd\uae30\ub294 \uc774\uc720\ub294 \ubb34\uc5c7\uc778\uc9c0 \uacfc\ud559\uc801\uc73c\ub85c \uc124\uba85\ud574 \ubcfc\uae4c\uc694?", "answer": "\uac19\uc740 \uc591\uc758 \ud0dc\uc591\uc5f4\uc744 \ubc1b\uc544\ub3c4 \uc721\uc9c0\uc640 \ubc14\ub2e4\uc758 \uc628\ub3c4\uac00 \ub2ec\ub77c\uc9c0\uace0, \ub2ec\ub77c\uc9c4 \uc628\ub3c4\uc5d0 \ub530\ub77c \uae30\uc555\uc774 \ucc28\uc774\uac00 \uc0dd\uae34\ub2e4. \uc721\uc9c0\uc640 \ubc14\ub2e4\uc758 \uae30\uc555 \ucc28\uc774\uc5d0 \uc758\ud558\uc5ec \ubc14\ub78c\uc774 \uc0dd\uae34\ub2e4.", "image": "question/image/question_34.png", "hint": "\ub0ae \ub3d9\uc548\uc5d0 \ud0dc\uc591\uc73c\ub85c \uc778\ud574 \uc721\uc9c0\uc640 \ubc14\ub2e4\uc5d0\ub294 \uc5b4\ub5a4 \ubcc0\ud654\uac00 \uc0dd\uae38\uae4c\uc694? \ubc14\ub78c\uc774 \uc0dd\uae30\ub294 \uc6d0\uc778\uc740 \uc774\uac83\uc758 \ucc28\uc774 \ub54c\ubb38\uc774\uc8e0.", "made_date": "2020-08-06", "ques_concept": "\ud0dc\uc591\uc73c\ub85c \uc778\ud574 \uc721\uc9c0\uc640 \ubc14\ub2e4 \uc704 \uacf5\uae30\uc758 \uc628\ub3c4\uc5d0 \ucc28\uc774\uac00 \uc0dd\uae41\ub2c8\ub2e4. \ubc14\ub78c\uc774 \uc0dd\uae30\ub294 \uc6d0\uc778\uc740 \uc721\uc9c0\uc640 \ubc14\ub2e4\uc758 \uae30\uc555\uc758 \ucc28\uc774 \ub54c\ubb38\uc785\ub2c8\ub2e4.", "scoring_keyword": null, "ml_model_check": 1, "upload_check": 1}}, {"model": "mainpage.question", "pk": 35, "fields": {"category": 4, "question_name": "\uacc4\uc808\uc5d0 \ub530\ub978 \ubc14\ub78c", "discription": "\uc6b0\ub9ac\ub098\ub77c \ubd81\uc11c\ucabd\uc740 \uc2dc\ubca0\ub9ac\uc544 \ub300\ub959\uc774 \uc788\uace0, \ub0a8\ub3d9\ucabd\uc740 \ud0dc\ud3c9\uc591\uc774 \uc788\uc2b5\ub2c8\ub2e4. \uaca8\uc6b8\uc5d0\ub294 \uc2dc\ubca0\ub9ac\uc544 \ub300\ub959\uc5d0\uc11c \ubd81\uc11c\ud48d\uc774 \ubd88\uc5b4\uc624\uace0, \uc5ec\ub984\uc5d0\ub294 \ud0dc\ud3c9\uc591\uc5d0\uc11c \ub0a8\ub3d9\ud48d\uc774 \ubd88\uc5b4\uc635\ub2c8\ub2e4. \uc774\ub807\uac8c \uc6b0\ub9ac\ub098\ub77c\uc5d0 \ubc14\ub78c\uc774 \ubd80\ub294 \uc774\uc720\ub294 \ubb34\uc5c7\uc778\uc9c0 \uacfc\ud559\uc801\uc73c\ub85c \uc124\uba85\ud574 \ubcfc\uae4c\uc694?", "answer": "\uac19\uc740 \uc591\uc758 \ud0dc\uc591\uc5f4\uc744 \ubc1b\uc544\ub3c4 \uc721\uc9c0\uc640 \ubc14\ub2e4\uc758 \uc628\ub3c4\uac00 \ub2ec\ub77c\uc9c0\uace0, \ub2ec\ub77c\uc9c4 \uc628\ub3c4\uc5d0 \ub530\ub77c \uae30\uc555\uc774 \ucc28\uc774\uac00 \uc0dd\uae34\ub2e4. \uc721\uc9c0\uc640 \ubc14\ub2e4\uc758 \uae30\uc555 \ucc28\uc774\uc5d0 \uc758\ud558\uc5ec \ubc14\ub78c\uc774 \uc0dd\uae34\ub2e4.", "image": "question/image/question_35.png", "hint": "\uc5ec\ub984 \ub3d9\uc548\uc5d0 \uc721\uc9c0\uc640 \ubc14\ub2f7\ubb3c \ub458 \uc911 \uc5b4\ub290 \uacf3\uc758 \uc628\ub3c4\uac00 \ub192\uc744\uae4c\uc694? \ubc14\ub78c\uc774 \uc0dd\uae30\ub294 \uc6d0\uc778\uc740 \uc774\uac83\uc758 \ucc28\uc774 \ub54c\ubb38\uc774\uc8e0. ", "made_date": "2020-08-06", "ques_concept": "\ud0dc\uc591\uc5f4 \uc778\ud574 \ub300\ub959\uacfc \ubc14\ub2e4 \uc704 \uacf5\uae30\uc758 \uc628\ub3c4\uc5d0 \ucc28\uc774\uac00 \uc0dd\uae41\ub2c8\ub2e4. \uacc4\uc808\uc5d0 \ub530\ub77c \ubc14\ub78c\uc774 \uc0dd\uae30\ub294 \uc6d0\uc778\uc740 \uc721\uc9c0\uc640 \ubc14\ub2e4\uc758 \uae30\uc555\uc758 \ucc28\uc774 \ub54c\ubb38\uc785\ub2c8\ub2e4.", "scoring_keyword": null, "ml_model_check": 1, "upload_check": 1}}, {"model": "mainpage.question", "pk": 36, "fields": {"category": 4, "question_name": "\ud5a5\uc758 \uc5f0\uae30\ub294 \uc5b4\ub514\ub85c?", "discription": "\uadf8\ub9bc\uacfc \uac19\uc774 \ud55c\ucabd\uc5d0\ub294 \ubaa8\ub798, \ub2e4\ub978 \ud55c\ucabd\uc5d0\ub294 \ubb3c\uc744 \ub193\uace0 \uac00\uc6b4\ub370 \ud5a5\uc744 \ud53c\uc6e0\uc2b5\ub2c8\ub2e4. \uadf8\ub9ac\uace0 \ubc31\uc5f4\uc804\uad6c\ub97c \ubaa8\ub798\uc640 \ubb3c \uc704\uc5d0 \ub450\uc5b4 \uc5f4\uc744 \uac00\ud558\uc600\uc2b5\ub2c8\ub2e4. \uc77c\uc815 \uc2dc\uac04\uc774 \uc9c0\ub098\uc790, \ubaa8\ub798\uc640 \ubb3c \uc0ac\uc774\uc5d0 \ud53c\uc6b4 \ud5a5\uc758 \uc5f0\uae30\uac00 \ubb3c \ucabd\uc5d0\uc11c \ubaa8\ub798 \ucabd\uc73c\ub85c \uc774\ub3d9\ud558\ub294 \uac83\uc744 \uad00\ucc30\ud558\uc600\uc2b5\ub2c8\ub2e4. \ubc31\uc5f4\uc804\uad6c\ub85c \uc5f4\uc744 \uac00\ud55c \ub4a4 \ud5a5\uc758 \uc5f0\uae30\uac00 \ubb3c \ucabd\uc5d0\uc11c \ubaa8\ub798 \ucabd\uc73c\ub85c \uc774\ub3d9\ud558\ub294 \ud604\uc0c1\uc740 \uc65c \uc77c\uc5b4\ub0ac\uc744\uae4c\uc694? \uacfc\ud559 \uc9c0\uc2dd\uc744 \ud65c\uc6a9\ud558\uc5ec \uc124\uba85\ud558\uc5ec \ubcfc\uae4c\uc694?", "answer": "\uac19\uc740 \uc591\uc758 \uc5f4\uc744 \ubc1b\ub354\ub77c\ub3c4 \ubaa8\ub798\uc640 \ubb3c\uc758 \uc628\ub3c4 \ubcc0\ud654 \uc815\ub3c4\ub294 \ub2e4\ub974\ub2e4. \ubb3c\uacfc \ubaa8\ub798\uc758 \uc628\ub3c4 \ucc28\uc774\uc5d0 \ub530\ub77c \uae30\uc555\ub3c4 \ucc28\uc774\uac00 \ub098\uac8c \ub41c\ub2e4. \uc989, \ubaa8\ub798\uc640 \ubb3c \uc704 \uacf5\uae30\uc758 \uae30\uc555 \ucc28\uc774\uc5d0 \uc758\ud574 \ubc14\ub78c\uc774 \uc0dd\uae30\uace0, \ud5a5\uc758 \uc5f0\uae30\uac00 \ubb3c \ucabd\uc5d0\uc11c \ubaa8\ub798 \ucabd\uc73c\ub85c \uc774\ub3d9\ud558\uac8c \ub41c\ub2e4.", "image": "question/image/question_36.png", "hint": "\ubc31\uc5f4\uc804\uad6c\ub97c \ube44\ucd94\uba74 \ubaa8\ub798\uc640 \ubb3c\uc5d0 \uc5b4\ub5a4 \uc77c\uc774 \uc0dd\uae38\uae4c\uc694? \ubc14\ub78c\uc774 \uc0dd\uae30\ub294 \uc6d0\uc778\uc740 \uc774\uac83\uc758 \ucc28\uc774 \ub54c\ubb38\uc774\uc8e0. ", "made_date": "2020-08-06", "ques_concept": "\ubc31\uc5f4\uc804\uad6c\ub97c \ube44\ucd94\uba74 \ubaa8\ub798\uc640 \ubb3c\uc704 \uacf5\uae30\uc758 \uc628\ub3c4\uac00 \ub2ec\ub77c\uc9d1\ub2c8\ub2e4. \ubc14\ub78c\uc774 \uc0dd\uae30\ub294 \uc6d0\uc778\uc740 \ubaa8\ub798\uc640 \ubb3c \uc704\uc758 \uae30\uc555\uc758 \ucc28\uc774 \ub54c\ubb38\uc785\ub2c8\ub2e4.", "scoring_keyword": null, "ml_model_check": 1, "upload_check": 1}}, {"model": "mainpage.question", "pk": 37, "fields": {"category": 4, "question_name": "\ubc24\ud558\ub298\uc758 \ubcc4\uc790\ub9ac", "discription": "\uc9c0\uc6b0\ub294 \ubc24\ud558\ub298\uc758 \ubcc4\uc744 \ubcf4\ub294 \uc77c\uc744 \uc88b\uc544\ud569\ub2c8\ub2e4. \uc6b0\ub9ac\ub098\ub77c \ubd04\ucca0 \ubc24\ud558\ub298\uc5d0\uc11c\ub294 \uc0ac\uc790\uc790\ub9ac\ub97c \uc624\ub79c \uc2dc\uac04 \ubcfc \uc218 \uc788\uc2b5\ub2c8\ub2e4. \uacc4\uc808\uc5d0 \ub530\ub77c \ubcf4\uc774\ub294 \uc2dc\uac04\uc774 \uae34 \ubcc4\uc790\ub9ac\ub97c \uadf8 \uacc4\uc808\uc758 \ub300\ud45c \ubcc4\uc790\ub9ac\ub77c\uace0 \ud569\ub2c8\ub2e4. \uacc4\uc808\uc5d0 \ub530\ub77c \ubcf4\uc774\ub294 \ubcc4\uc790\ub9ac\uac00 \ub2ec\ub77c\uc9c0\ub294 \uae4c\ub2ed\uc740 \ubb34\uc5c7\uc778\uc9c0 \uacfc\ud559\uc801\uc73c\ub85c \uc124\uba85\ud574 \ubcfc\uae4c\uc694?", "answer": "\uc9c0\uad6c\uac00 \ud0dc\uc591\uc758 \uc8fc\ubcc0\uc73c\ub85c \uacf5\uc804\uc744 \ud558\uae30 \ub54c\ubb38\uc5d0 \ubc24\uc5d0 \ubcf4\uc774\ub294 \ubcc4\uc790\ub9ac\uac00 \ub2e4\ub985\ub2c8\ub2e4.", "image": "question/image/question_37.png", "hint": "\uacc4\uc808\uc774 \ubcc0\ud654\ud558\ub294 \uac83\uc740 \uc9c0\uad6c\uc758 \uc774 \uc6c0\uc9c1\uc784\uacfc \uad00\uacc4\uac00 \uc788\uc8e0. ", "made_date": "2020-08-06", "ques_concept": "\uc9c0\uad6c\ub294 \ud0dc\uc591 \uc8fc\ubcc0\uc744 \uacf5\uc804\ud558\uace0 \uc788\uae30 \ub54c\ubb38\uc5d0 \ubcc4\uc790\ub9ac\uac00 \uacc4\uc808\uc5d0 \ub530\ub77c \ub2e4\ub974\uac8c \ubcf4\uc778\ub2e4.", "scoring_keyword": null, "ml_model_check": 1, "upload_check": 1}}, {"model": "mainpage.question", "pk": 38, "fields": {"category": 4, "question_name": "\ub3cb\ubcf4\uae30 \uc548\uacbd", "discription": "\ud560\uc544\ubc84\uc9c0\uaed8\uc11c \ucc45\uc744 \uc77d\uc744 \ub54c \uc4f0\uc2dc\ub294 \uc548\uacbd\uc740 \ubcfc\ub85d\ub80c\uc988\ub85c \ub9cc\ub4e4\uc5b4\uc9c4 \ub3cb\ubcf4\uae30 \uc548\uacbd\uc785\ub2c8\ub2e4. \ub3cb\ubcf4\uae30 \uc548\uacbd\uc744 \uc4f0\uba74 \uae00\uc528\uac00 \uc5b4\ub5bb\uac8c \ubcf4\uc77c\uae4c\uc694? \ubcfc\ub85d\ub80c\uc988\uc5d0 \uad00\ud55c \uc9c0\uc2dd\uc744 \ud65c\uc6a9\ud558\uc5ec \uc790\uc138\ud788 \uc124\uba85\ud574 \ubd05\uc2dc\ub2e4.", "answer": "\uc791\uc740 \uae00\uc528\uac00 \ud655\ub300\ub418\uc5b4 \ubcf4\uc77c \uac83\uc774\ub2e4. \ubcfc\ub85d\ub80c\uc988\ub294 \ube5b\uc744 \uad74\uc808\uc2dc\ud0a4\ub294 \uc131\uc9c8\uc774 \uc788\uc5b4 \uac00\uae4c\uc774 \uc788\ub294 \ubb3c\uccb4\ub97c \ubcf4\uba74 \uc2e4\uc81c\ubcf4\ub2e4 \ud06c\uac8c \ubcf4\uc774\uace0, \uba40\ub9ac \uc788\ub294 \ubb3c\uccb4\ub97c \ubcf4\uba74 \uac70\uafb8\ub85c \ub4a4\uc9d1\ud600 \ubcf4\uc778\ub2e4. \ub3cb\ubcf4\uae30 \uc548\uacbd\uc744 \uc4f0\uace0 \uac00\uae4c\uc774\uc5d0 \uc788\ub294 \ucc45\uc758 \uae00\uc528\ub97c \ubcf4\uae30 \ub54c\ubb38\uc5d0 \uae00\uc528\ub97c \ub354 \ud06c\uac8c \ubcfc \uc218 \uc788\ub2e4.", "image": "question/image/question_38.png", "hint": "\ubcfc\ub85d\ub80c\uc988\ub97c \ud1b5\ud574 \uac00\uae4c\uc774 \uc788\ub294 \ubb3c\uccb4\ub97c \ubcf4\uba74 \uc5b4\ub5bb\uac8c \ubcf4\uc77c\uc9c0 \uc870\uae08 \ub354 \uc0dd\uac01\uc744 \ubc1c\uc804\uc2dc\ucf1c \ubcfc\uae4c\uc694?", "made_date": "2020-08-06", "ques_concept": "\ubcfc\ub85d \ub80c\uc988\ub85c \uac00\uae4c\uc774 \uc788\ub294 \ubb3c\uccb4\ub97c \ubcf4\uba74 \ud655\ub300\ub418\uc5b4 \ubcf4\uc778\ub2e4. ", "scoring_keyword": null, "ml_model_check": 1, "upload_check": 1}}, {"model": "mainpage.question", "pk": 39, "fields": {"category": 3, "question_name": "\uacbd\uc7c1\uc774 \uacbd\uc81c\ud65c\ub3d9\uc5d0 \uc8fc\ub294 \uc774\uc810(\uc18c\ube44\uc790\uc758 \uc774\uc775)", "discription": "\uae40\ucca0\uc218\uc528\uc758 \uc9d1 \uadfc\ucc98\uc5d0\ub294 A \ub9c8\ud2b8\uac00 \uc788\uc2b5\ub2c8\ub2e4. \ubb3c\uac74\uc774 \uc544\uc8fc \ub2e4\uc591\ud558\uac70\ub098 \uac12\uc774 \uc2f8\uc9c4 \uc54a\uc558\uc9c0\ub9cc \uc9d1\uc5d0\uc11c \uac00\uae4c\uc6e0\uae30 \ub54c\ubb38\uc5d0 \uae40\ucca0\uc218\uc528\ub294 \ud3c9\uc18c\uc5d0 \uc774\uacf3\uc744 \uc790\uc8fc \uc774\uc6a9\ud588\uc2b5\ub2c8\ub2e4. \uadf8\ub7f0\ub370 A \ub9c8\ud2b8\ub85c\ubd80\ud130 \uadf8\ub9ac \uba40\uc9c0 \uc54a\uc740 \uacf3\uc5d0 B \ub9c8\ud2b8\uac00 \uc0c8\ub85c \ub4e4\uc5b4\uc11c\uba74\uc11c \uc0ac\uc740\ud488 \uc99d\uc815, \uac00\uaca9 \ud560\uc778 \ud589\uc0ac\ub97c \uc2e4\uc2dc\ud558\uc790 A \ub9c8\ud2b8\uc5d0\uc11c\ub3c4 \uac01\uc885 \uc2e0\uc0c1\ud488 \ud310\ub9e4, \ud3ec\uc778\ud2b8 \uc801\ub9bd \uc81c\ub3c4 \uc2e4\uc2dc, \ubc30\ub2ec \uc11c\ube44\uc2a4 \ub4f1\uc744 \ud558\uae30 \uc2dc\uc791\ud588\uace0 \ub0b4\ubd80 \uc2dc\uc124\ub3c4 \ud6e8\uc52c \uae68\ub057\ud574\uc84c\uc2b5\ub2c8\ub2e4. \uc774\ub7ec\ud55c \uc0ac\ub840\ub97c \ubcfc \ub54c \uae30\uc5c5\uc774 \uc11c\ub85c \uacbd\uc7c1\uc744 \ud558\uac8c \ub418\uba74 \uc18c\ube44\uc790\uc5d0\uac8c \uc5b4\ub5a4 \uc810\uc774 \uc88b\uc744\uae4c\uc694?", "answer": "\uc18c\ube44\uc790\ub294 \ub354 \uc2fc \uac00\uaca9\uc5d0 \ubb3c\uac74\uc744 \uad6c\uc785\ud560 \uc218 \uc788\ub2e4. \uc18c\ube44\uc790\ub294 \ub2e4\uc591\ud558\uace0 \uc88b\uc740 \ud488\uc9c8\uc758 \ubb3c\uac74\uc744 \uad6c\uc785\ud560 \uc218 \uc788\ub2e4.\uc18c\ube44\uc790\ub294 \ub354 \uc88b\uc740 \uc11c\ube44\uc2a4\ub97c \ub204\ub9b4 \uc218 \uc788\ub2e4.", "image": "question/image/question_39.png", "hint": "\ub9c8\ud2b8\uac00 \ud558\ub098\ub9cc \uc788\uc744 \ub54c\uc5d0 \ube44\ud574 \ub9c8\ud2b8\uac00 \ub450 \uac1c\ub85c \ub298\uc5c8\uc744 \ub54c \uc5b4\ub5a4 \ubcc0\ud654\uac00 \ub098\ud0c0\ub0ac\ub098\uc694?", "made_date": "2020-08-06", "ques_concept": "\uc2dc\uc7a5\uacbd\uc81c \uc18d\uc5d0\uc11c \uacbd\uc7c1\uc740 \uae30\uc5c5\uc758 \ud6a8\uc728\uc131\uacfc \uc18c\ube44\uc790\uc758 \uc774\uc775\uc744 \ub192\uc5ec\uc900\ub2e4.", "scoring_keyword": null, "ml_model_check": 1, "upload_check": 1}}, {"model": "mainpage.question", "pk": 40, "fields": {"category": 3, "question_name": "\uacbd\uc7c1\uc774 \uacbd\uc81c\ud65c\ub3d9\uc5d0 \uc8fc\ub294 \uc774\uc810(\uae30\uc5c5\uc758 \uc774\uc775)", "discription": "\uae40\ucca0\uc218\uc528\uc758 \uc9d1 \uadfc\ucc98\uc5d0\ub294 A \ub9c8\ud2b8\uac00 \uc788\uc2b5\ub2c8\ub2e4. \ubb3c\uac74\uc774 \uc544\uc8fc \ub2e4\uc591\ud558\uac70\ub098 \uac12\uc774 \uc2f8\uc9c4 \uc54a\uc558\uc9c0\ub9cc \uc9d1\uc5d0\uc11c \uac00\uae4c\uc6e0\uae30 \ub54c\ubb38\uc5d0 \uae40\ucca0\uc218\uc528\ub294 \ud3c9\uc18c\uc5d0 \uc774\uacf3\uc744 \uc790\uc8fc \uc774\uc6a9\ud588\uc2b5\ub2c8\ub2e4. \uadf8\ub7f0\ub370 A \ub9c8\ud2b8\ub85c\ubd80\ud130 \uadf8\ub9ac \uba40\uc9c0 \uc54a\uc740 \uacf3\uc5d0 B \ub9c8\ud2b8\uac00 \uc0c8\ub85c \ub4e4\uc5b4\uc11c\uba74\uc11c \uc0ac\uc740\ud488 \uc99d\uc815, \uac00\uaca9 \ud560\uc778 \ud589\uc0ac\ub97c \uc2e4\uc2dc\ud558\uc790 A \ub9c8\ud2b8\uc5d0\uc11c\ub3c4 \uac01\uc885 \uc2e0\uaddc \uc0c1\ud488 \ub3c4\uc785, \ud3ec\uc778\ud2b8 \uc801\ub9bd \uc81c\ub3c4 \uc2e4\uc2dc, \ubc30\ub2ec \uc11c\ube44\uc2a4 \ub4f1\uc744 \ud558\uae30 \uc2dc\uc791\ud588\uace0 \ub0b4\ubd80 \uc2dc\uc124\ub3c4 \ud6e8\uc52c \uae68\ub057\ud574\uc84c\uc2b5\ub2c8\ub2e4. \uc774\ucc98\ub7fc \uae30\uc5c5\uc774 \uc11c\ub85c \uacbd\uc7c1\uc744 \ud558\uac8c \ub418\uba74 \uae30\uc5c5\uc5d0\uac8c \uc5b4\ub5a4 \uc810\uc774 \uc88b\uc744\uae4c\uc694?", "answer": "\uae30\uc5c5\uc740 \ubd88\ud544\uc694\ud55c \ube44\uc6a9\uc744 \uc904\uc774\uae30 \uc704\ud574 \ub178\ub825\ud558\uac8c \ub41c\ub2e4. \uae30\uc5c5\uc740 \ud488\uc9c8\uacfc \uc11c\ube44\uc2a4\ub97c \uac1c\uc120\ud558\uae30 \uc704\ud574 \ub178\ub825\ud558\uac8c \ub41c\ub2e4. \uae30\uc5c5\uc758 \uacbd\uc7c1\ub825\uc774 \ub192\uc544\uc838 \ubc1c\uc804\ud558\uac8c \ub41c\ub2e4.", "image": "question/image/question_40.png", "hint": "\ub9c8\ud2b8\uac00 \ud558\ub098\ub9cc \uc788\uc744 \ub54c\uc5d0 \ube44\ud574 \ub9c8\ud2b8\uac00 \ub450 \uac1c\ub85c \ub298\uc5c8\uc744 \ub54c \uc5b4\ub5a4 \ubcc0\ud654\uac00 \ub098\ud0c0\ub0ac\ub098\uc694?", "made_date": "2020-08-06", "ques_concept": "\uc2dc\uc7a5\uacbd\uc81c \uc18d\uc5d0\uc11c \uacbd\uc7c1\uc740 \uae30\uc5c5\uc758 \ud6a8\uc728\uc131\uacfc \uc18c\ube44\uc790\uc758 \uc774\uc775\uc744 \ub192\uc5ec\uc900\ub2e4.", "scoring_keyword": null, "ml_model_check": 1, "upload_check": 1}}, {"model": "mainpage.question", "pk": 41, "fields": {"category": 4, "question_name": "\uc2a4\uc2a4\ub85c \uc0dd\uc7a5\ud558\ub294 \uc2dd\ubb3c", "discription": "\uc740\uc601\uc774\ub294 \uce5c\uad6c\uc5d0\uac8c \uc2dd\ubb3c \ud654\ubd84\uc744 \uc120\ubb3c \ubc1b\uc558\uc2b5\ub2c8\ub2e4. \ud654\ubd84 \uc18d \uc2dd\ubb3c\uc774 \uc465\uc465 \uc798 \uc790\ub77c\ub824\uba74, \uc5b4\ub5a4 \uc870\uac74\ub4e4\uc774 \ud544\uc694\ud560\uae4c\uc694? \uc2dd\ubb3c\uc774 \uc2a4\uc2a4\ub85c \uc591\ubd84\uc744 \ub9cc\ub4e4\uc5b4 \uc0dd\uc7a5\ud558\uae30 \uc704\ud574\uc11c \ud544\uc694\ud55c \uc870\uac74\ub4e4\uc744 \uc124\uba85\ud574 \ubcfc\uae4c\uc694?", "answer": "\uc2dd\ubb3c\uc740 \uc2a4\uc2a4\ub85c \uc591\ubd84\uc744 \ub9cc\ub4e4\uc5b4 \uc0dd\uc7a5\ud558\uae30 \uc704\ud574\uc11c\ub294 \ube5b\uc5d0\ub108\uc9c0, \uc774\uc0b0\ud654\ud0c4\uc18c, \ubb3c\uc774 \ud544\uc694\ud558\ub2e4.", "image": "question/image/question_41.png", "hint": "\uc2dd\ubb3c\uc774 \uc591\ubd84\uc744 \ud569\uc131\ud558\ub294 \uacfc\uc815\uc5d0\uc11c\ub294 \ud06c\uac8c \uc138 \uac00\uc9c0 \uc694\uc18c\uae30 \ud544\uc694\ud569\ub2c8\ub2e4. \uccab\uc9f8, \ud750\ub9b0 \ub0a0\uc774 \uacc4\uc18d \ub418\uba74 \ub18d\uc0ac\uac00 \uc798 \ub418\uc9c0 \uc54a\uc2b5\ub2c8\ub2e4. \uc2dd\ubb3c\uc774 \uc790\ub77c\ub294\ub370 \ubc18\ub4dc\uc2dc \ud544\uc694\ud55c \uc5d0\ub108\uc9c0\ub294 \uc5b4\ub514\ub85c\ubd80\ud130 \uc5bb\ub294\uc9c0\ub97c \uc911\uc2ec\uc73c\ub85c \uadf8 \uc774\uc720\ub97c \uc0dd\uac01\ud574\ubcfc\uae4c\uc694? \ub458\uc9f8, \uc2dd\ubb3c\uc774 \uc591\ubd84\uc744 \ud569\uc131\ud558\ub294 \uacfc\uc815\uc5d0\uc11c \ubc18\ub4dc\uc2dc \ud544\uc694\ud55c \uae30\uccb4\ub294 \ubb34\uc5c7\uc77c\uae4c\uc694? \ub9c8\uc9c0\ub9c9\uc73c\ub85c \uac00\ubb44\uc774 \uacc4\uc18d \ub418\uba74 \uc2dd\ubb3c\uc740 \uc798 \uc790\ub784 \uc218 \uc5c6\uc2b5\ub2c8\ub2e4. \uadf8 \uc774\uc720\ub294 \ubb34\uc5c7\uc77c\uae4c\uc694? ", "made_date": "2020-08-06", "ques_concept": "\uc2dd\ubb3c\uc774 \uc0ac\uc6a9\ud558\ub294 \uc5d0\ub108\uc9c0\ub294 \ud0dc\uc591\uc774\ub098 \ub2e4\ub978 \uad11\uc6d0\uc5d0\uc11c \ub098\uc624\ub294 \ube5b\uc5d0\ub108\uc9c0\uc785\ub2c8\ub2e4. \uc2dd\ubb3c\uc740 \uacf5\uae30 \uc911\uc5d0 \uc774\uc0b0\ud654\ud0c4\uc18c\ub97c \ud65c\uc6a9\ud569\ub2c8\ub2e4. \uc2dd\ubb3c\uc758 \uc0dd\uc7a5\uc5d0\ub294 \ubb3c\uc774 \ud544\uc694\ud569\ub2c8\ub2e4.", "scoring_keyword": null, "ml_model_check": 1, "upload_check": 1}}, {"model": "mainpage.question", "pk": 42, "fields": {"category": 4, "question_name": "\uc0dd\ud0dc\uacc4\uc758 \uc0dd\uc0b0\uc790, \uc2dd\ubb3c", "discription": "\uc0dd\ubb3c \uc2dc\uac04\uc5d0 \ubbfc\uc900\uc774\ub294 \uc2dd\ubb3c\uc774 \uc6b0\ub9ac \uc0dd\ud0dc\uacc4\uc5d0\uc11c \uc544\uc8fc \uc911\uc694\ud55c \u2018\uc0dd\uc0b0\uc790\u2019\uc758 \uc5ed\ud560\uc744 \ud55c\ub2e4\uace0 \ubc30\uc6e0\uc2b5\ub2c8\ub2e4. \uc2dd\ubb3c\uc774 \ub2e4\ub978 \uc0dd\ubb3c\ub4e4\uacfc\ub294 \ub2ec\ub9ac \uc9c1\uc811 \uc591\ubd84\uc744 \ub9cc\ub4dc\ub294 \ub2a5\ub825\uc774 \uc788\uae30 \ub54c\ubb38\uc785\ub2c8\ub2e4. \uc774\ub807\uac8c \uc2dd\ubb3c\uc774 \uc591\ubd84\uc744 \ub9cc\ub4dc\ub294 \uacfc\uc815\uc5d0\uc11c\ub294 \uc5ec\ub7ec \uac00\uc9c0 \ub2e4\uc591\ud55c \uc694\uc18c\ub4e4\uc774 \ud544\uc694\ud569\ub2c8\ub2e4. \uc2dd\ubb3c\uc774 \uc591\ubd84\uc744 \ub9cc\ub4dc\ub294 \uacfc\uc815\uc5d0\uc11c \ud544\uc694\ud55c \uc694\uc18c\uc5d0\ub294 \ubaa8\ub450 \ubb34\uc5c7\uc774 \uc788\ub294\uc9c0 \uc124\uba85\ud574\ubcfc\uae4c\uc694?", "answer": "\uc2dd\ubb3c\uc740 \uc2a4\uc2a4\ub85c \uc591\ubd84\uc744 \ub9cc\ub4e4\uc5b4 \uc0dd\uc7a5\ud558\uae30 \uc704\ud574\uc11c\ub294 \ube5b\uc5d0\ub108\uc9c0, \uc774\uc0b0\ud654\ud0c4\uc18c, \ubb3c\uc774 \ud544\uc694\ud558\ub2e4. ", "image": "question/image/question_42.png", "hint": "\uc2dd\ubb3c\uc774 \uc591\ubd84\uc744 \ud569\uc131\ud558\ub294 \uacfc\uc815\uc5d0\uc11c\ub294 \ud06c\uac8c \uc138 \uac00\uc9c0 \uc694\uc18c\uae30 \ud544\uc694\ud569\ub2c8\ub2e4. \uccab\uc9f8, \ud750\ub9b0 \ub0a0\uc774 \uacc4\uc18d \ub418\uba74 \ub18d\uc0ac\uac00 \uc798 \ub418\uc9c0 \uc54a\uc2b5\ub2c8\ub2e4. \uc2dd\ubb3c\uc774 \uc790\ub77c\ub294\ub370 \ubc18\ub4dc\uc2dc \ud544\uc694\ud55c \uc5d0\ub108\uc9c0\ub294 \uc5b4\ub514\ub85c\ubd80\ud130 \uc5bb\ub294\uc9c0\ub97c \uc911\uc2ec\uc73c\ub85c \uadf8 \uc774\uc720\ub97c \uc0dd\uac01\ud574\ubcfc\uae4c\uc694? \ub458\uc9f8, \uc2dd\ubb3c\uc774 \uc591\ubd84\uc744 \ud569\uc131\ud558\ub294 \uacfc\uc815\uc5d0\uc11c \ubc18\ub4dc\uc2dc \ud544\uc694\ud55c \uae30\uccb4\ub294 \ubb34\uc5c7\uc77c\uae4c\uc694? \ub9c8\uc9c0\ub9c9\uc73c\ub85c \uac00\ubb44\uc774 \uacc4\uc18d \ub418\uba74 \uc2dd\ubb3c\uc740 \uc798 \uc790\ub784 \uc218 \uc5c6\uc2b5\ub2c8\ub2e4. \uadf8 \uc774\uc720\ub294 \ubb34\uc5c7\uc77c\uae4c\uc694? ", "made_date": "2020-08-06", "ques_concept": "\uc2dd\ubb3c\uc774 \uc0ac\uc6a9\ud558\ub294 \uc5d0\ub108\uc9c0\ub294 \ud0dc\uc591\uc774\ub098 \ub2e4\ub978 \uad11\uc6d0\uc5d0\uc11c \ub098\uc624\ub294 \ube5b\uc5d0\ub108\uc9c0\uc785\ub2c8\ub2e4. \uc2dd\ubb3c\uc740 \uacf5\uae30 \uc911\uc5d0 \uc774\uc0b0\ud654 \ud0c4\uc18c\ub97c \ud65c\uc6a9\ud569\ub2c8\ub2e4. \uc2dd\ubb3c\uc758 \uc0dd\uc7a5\uc5d0\ub294 \ubb3c\uc774 \ud544\uc694\ud569\ub2c8\ub2e4.", "scoring_keyword": null, "ml_model_check": 1, "upload_check": 1}}, {"model": "mainpage.question", "pk": 43, "fields": {"category": 4, "question_name": "\uc591\ubd84\uc744 \uc9c1\uc811 \ub9cc\ub4dc\ub294 \uc2dd\ubb3c", "discription": "\ubbf8\uc601\uc774\ub294 \ub3d9\ubb3c\uacfc \ub2ec\ub9ac \uc2dd\ubb3c\uc740 \uc2a4\uc2a4\ub85c \uc601\uc591\ubd84\uc744 \ub9cc\ub4e4\uc5b4 \uc0dd\ud0dc\uacc4\uc758 \u2018\uc0dd\uc0b0\uc790\u2019\ub85c \ubd88\ub9b0\ub2e4\ub294 \uac83\uc744 \ubc30\uc6b0\uac8c \ub418\uc5c8\uc2b5\ub2c8\ub2e4. \ubbf8\uc601\uc774\ub294 \uc2dd\ubb3c\uc740 \ubb34\uc5c7\uc73c\ub85c\ubd80\ud130 \uc9c1\uc811 \uc591\ubd84\uc744 \ub9cc\ub4dc\ub294\uc9c0 \uad81\uae08\ud574\uc84c\uc2b5\ub2c8\ub2e4. \ubbf8\uc601\uc774\uc5d0\uac8c \uc2dd\ubb3c\uc774 \uc9c1\uc811 \uc591\ubd84\uc744 \ub9cc\ub4e4\uae30 \uc704\ud574 \uc5b4\ub5a0\ud55c \uc694\uc18c\uac00 \ud544\uc694\ud55c\uc9c0 \uc124\uba85\ud574\uc8fc\uae30 \uc704\ud55c \uae00\uc744 \uc368\uc8fc\uc138\uc694.", "answer": "\uc2dd\ubb3c\uc740 \uc2a4\uc2a4\ub85c \uc591\ubd84\uc744 \ub9cc\ub4e4\uc5b4 \uc0dd\uc7a5\ud558\uae30 \uc704\ud574\uc11c\ub294 \ube5b\uc5d0\ub108\uc9c0, \uc774\uc0b0\ud654\ud0c4\uc18c, \ubb3c\uc774 \ud544\uc694\ud558\ub2e4.", "image": "question/image/question_43.png", "hint": "\uc2dd\ubb3c\uc774 \uc591\ubd84\uc744 \ud569\uc131\ud558\ub294 \uacfc\uc815\uc5d0\uc11c\ub294 \ud06c\uac8c \uc138 \uac00\uc9c0 \uc694\uc18c\uae30 \ud544\uc694\ud569\ub2c8\ub2e4. \uccab\uc9f8, \ud750\ub9b0 \ub0a0\uc774 \uacc4\uc18d \ub418\uba74 \ub18d\uc0ac\uac00 \uc798 \ub418\uc9c0 \uc54a\uc2b5\ub2c8\ub2e4. \uc2dd\ubb3c\uc774 \uc790\ub77c\ub294\ub370 \ubc18\ub4dc\uc2dc \ud544\uc694\ud55c \uc5d0\ub108\uc9c0\ub294 \uc5b4\ub514\ub85c\ubd80\ud130 \uc5bb\ub294\uc9c0\ub97c \uc911\uc2ec\uc73c\ub85c \uadf8 \uc774\uc720\ub97c \uc0dd\uac01\ud574\ubcfc\uae4c\uc694? \ub458\uc9f8, \uc2dd\ubb3c\uc774 \uc591\ubd84\uc744 \ud569\uc131\ud558\ub294 \uacfc\uc815\uc5d0\uc11c \ubc18\ub4dc\uc2dc \ud544\uc694\ud55c \uae30\uccb4\ub294 \ubb34\uc5c7\uc77c\uae4c\uc694? \ub9c8\uc9c0\ub9c9\uc73c\ub85c \uac00\ubb44\uc774 \uacc4\uc18d \ub418\uba74 \uc2dd\ubb3c\uc740 \uc798 \uc790\ub784 \uc218 \uc5c6\uc2b5\ub2c8\ub2e4. \uadf8 \uc774\uc720\ub294 \ubb34\uc5c7\uc77c\uae4c\uc694? ", "made_date": "2020-08-06", "ques_concept": "\uc2dd\ubb3c\uc774 \uc0ac\uc6a9\ud558\ub294 \uc5d0\ub108\uc9c0\ub294 \ud0dc\uc591\uc774\ub098 \ub2e4\ub978 \uad11\uc6d0\uc5d0\uc11c \ub098\uc624\ub294 \ube5b\uc5d0\ub108\uc9c0\uc785\ub2c8\ub2e4. \uc2dd\ubb3c\uc740 \uacf5\uae30 \uc911\uc5d0 \uc774\uc0b0\ud654\ud0c4\uc18c\ub97c \ud65c\uc6a9\ud569\ub2c8\ub2e4. \uc2dd\ubb3c\uc758 \uc0dd\uc7a5\uc5d0\ub294 \ubb3c\uc774 \ud544\uc694\ud569\ub2c8\ub2e4.", "scoring_keyword": null, "ml_model_check": 1, "upload_check": 1}}, {"model": "mainpage.question", "pk": 44, "fields": {"category": 4, "question_name": "\uc0dd\ud0dc\uacc4\uc5d0\uc11c \uc0dd\uc0b0\uc790\uc758 \uc911\uc694\uc131", "discription": "\ucd5c\uadfc \ubb34\ubd84\ubcc4\ud55c \uc0b0\ub9bc\ud30c\uad34\ub85c \uc0dd\ud0dc\uacc4\uc5d0\uc11c \uc911\uc694\ud55c \uc0dd\uc0b0\uc790\uc758 \uc5ed\ud560\uc744 \ud558\ub294 \uc2dd\ubb3c\ub4e4\uc774 \uc0ac\ub77c\uc9c0\uace0 \uc788\uc2b5\ub2c8\ub2e4. \uc774\ub7ec\ud55c \uc0c1\ud669\uc740 \uc6b0\ub9ac \uc778\uac04\uc744 \ube44\ub86f\ud574\uc11c \uc9c0\uad6c \uc0dd\ud0dc\uacc4 \uc804\uccb4\uc5d0 \ud070 \uc704\ud5d8\uc774 \ub420 \uc218 \uc788\uc2b5\ub2c8\ub2e4. \uc9c0\uad6c \uc0dd\ud0dc\uacc4\uc5d0\uc11c \uc2dd\ubb3c\uacfc \uac19\uc740 \uc0dd\uc0b0\uc790\uac00 \uc218\ud589\ud558\ub294 \uc911\uc694\ud55c \uc5ed\ud560\uc774 \ubb34\uc5c7\uc774\uae38\ub798 \uc774\uc640 \uac19\uc740 \uc0c1\ud669\uc774 \ubc8c\uc5b4\uc9c0\ub294\uc9c0 \uc124\uba85\ud574\uc8fc\uc138\uc694.", "answer": "\uc2a4\uc2a4\ub85c \uc591\ubd84\uc744 \ub9cc\ub4dc\ub294 \uc0dd\uc0b0\uc790\ub85c \uc778\ud574 \ub2e4\ub978 \uc0dd\ud0dc\uacc4 \uad6c\uc131\uc694\uc18c\ub4e4\uc774 \uba39\uc774\ub97c \uba39\uc744 \uc218 \uc788\ub3c4\ub85d \ud558\uace0,  \uc0b0\uc18c\ub97c \uacf5\uae09\ud558\uc5ec \uacf5\uae30\uc758 \uc9c8\uc774 \uc88b\uc544\uc9c0\uba70 \uc0dd\ud0dc\uacc4 \uade0\ud615\uc744 \uc774\ub8f0 \uc218 \uc788\ub2e4.", "image": "question/image/question_44.png", "hint": "\uc9c1\uc811 \uc591\ubd84\uc744 \ub9cc\ub4e4\uc9c0 \ubabb\ud558\ub294 \ub3d9\ubb3c\uc5d0\uac8c \uc2dd\ubb3c\uc740 \uc5b4\ub5a0\ud55c \ub3c4\uc6c0\uc744 \uc904\uae4c\uc694? \ub098\ubb34\uac00 \uc6b0\uac70\uc9c4 \ub113\uc740 \uc232\ub4e4\uc744 \ud754\ud788 \u2018\uc9c0\uad6c\uc758 \ud5c8\ud30c\u2019\ub77c\uace0 \ubd80\ub985\ub2c8\ub2e4. \uc65c \uc2dd\ubb3c\uacfc \uac19\uc740 \uc0dd\uc0b0\uc790\uac00 \ub9ce\uc740 \uacf3\uc744 \ud5c8\ud30c\ub77c\uace0 \ubd80\ub97c\uae4c\uc694?  \uc9c0\uad6c \uc0c1\uc5d0\uc11c \uc0dd\uc0b0\uc790\uac00 \ubaa8\ub450 \uc0ac\ub77c\uc9c4\ub2e4\uba74 \uc0dd\ud0dc\uacc4\ub294 \uc5b4\ub5bb\uac8c \ubcc0\ud654\ud560\uae4c\uc694?", "made_date": "2020-08-06", "ques_concept": "\uc0dd\ubb3c\uc774 \uc591\ubd84\uc744 \uc5bb\ub294 \ubc29\ubc95\uc5d0 \ub530\ub77c \uc0dd\ud0dc\uacc4\uc758 \uad6c\uc131 \uc694\uc18c\ub97c \uc0dd\uc0b0\uc790, \uc18c\ube44\uc790, \ubd84\ud574\uc790\ub85c \uad6c\ubd84\ud560 \uc218 \uc788\uc2b5\ub2c8\ub2e4. \uc0dd\ud0dc\uacc4\uc5d0\uc11c \uc0b4\uc544\uac00\ub294 \ub370 \ud544\uc694\ud55c \uc591\ubd84\uc744 \uc2a4\uc2a4\ub85c \ub9cc\ub4dc\ub294 \uc2dd\ubb3c\ub4e4\uc744 \uc0dd\uc0b0\uc790\ub77c\uace0 \ud569\ub2c8\ub2e4.", "scoring_keyword": null, "ml_model_check": 1, "upload_check": 1}}, {"model": "mainpage.question", "pk": 45, "fields": {"category": 4, "question_name": "\uc9c0\uad6c\uc5d0 \ud544\uc694\ud55c \ubd84\ud574\uc790", "discription": "\uc900\uc601\uc774\ub294 \uc0dd\ubb3c \uc2dc\uac04\uc5d0 \uc0dd\ubb3c\ub4e4\uc774 \uc0dd\ud0dc\uacc4\uc5d0\uc11c \ud558\ub294 \uc5ed\ud560\uc5d0\ub294 \uc0dd\uc0b0\uc790, \uc18c\ube44\uc790, \ubd84\ud574\uc790\uac00 \uc788\ub2e4\ub294 \uac83\uc744 \ubc30\uc6e0\uc2b5\ub2c8\ub2e4. \ud558\uc9c0\ub9cc \uc900\uc601\uc774\ub294 \uad73\uc774 \ubc84\uc12f\uc774\ub098 \uacf0\ud321\uc774 \uac19\uc740 \ubd84\ud574\uc790\uac00 \uc9c0\uad6c \uc0c1\uc5d0\uc11c \ud544\uc694\ud560\uae4c\ub77c\ub294 \uad81\uae08\uc99d\uc774 \ub4e4\uc5c8\uc2b5\ub2c8\ub2e4. \uadf8\ub807\uc9c0\ub9cc \ubd84\ud574\uc790 \ub610\ud55c \uc0dd\ud0dc\uacc4\uc5d0\uc11c \ub9e4\uc6b0 \uc911\uc694\ud55c \uc5ed\ud560\uc744 \ud569\ub2c8\ub2e4. \uc5ec\ub7ec\ubd84\uc774 \uc900\uc601\uc774\uc5d0\uac8c \uc9c0\uad6c \uc0c1\uc5d0 \ubd84\ud574\uc790\uac00 \uc788\uc5b4\uc57c\ub9cc \ud558\ub294 \uc774\uc720\uc5d0 \ub300\ud574 \uc790\uc138\ud788 \uc124\uba85\ud574\uc8fc\uc138\uc694.", "answer": "\ubd84\ud574\uc790\ub294 \uc0dd\ud0dc\uacc4 \ub0b4\uc5d0\uc11c \uc8fd\uc740 \uc0dd\ubb3c\uc774\ub098 \uc0dd\ubb3c\uc758 \ubc30\uc124\ubb3c\uc744 \ubd84\ud574\ud558\uc5ec \ub2e4\ub978 \uc0dd\ubb3c\ub4e4\uc774 \uc774\uc6a9\ud560 \uc218 \uc788\uac8c\ud55c\ub2e4. \ub54c\ubb38\uc5d0 \ubd84\ud574\uc790\ub294 \uc0dd\ud0dc\uacc4\uc5d0 \ubc18\ub4dc\uc2dc \ud544\uc694\ud558\ub2e4.", "image": "question/image/question_45.png", "hint": "\uc0dd\uc0b0\uc790\uc778 \uc2dd\ubb3c\uc774\ub098 \uc18c\ube44\uc790\uc778 \ub3d9\ubb3c\uc774\ub77c\ub3c4 \uc2dc\uac04\uc774 \uc9c0\ub098\uba74 \uc5b8\uc820\uac00\ub294 \uc8fd\uc2b5\ub2c8\ub2e4. \ub610\ud55c \ub3d9\ubb3c\uacfc \uac19\uc740 \uc18c\ube44\uc790\uac00 \uba39\uc740 \uba39\uc774 \uc911 \uc77c\ubd80\ub294 \uc644\uc804\ud788 \uc18c\ud654\ub418\uc9c0 \uc54a\uace0 \ubc30\uc124\ub429\ub2c8\ub2e4. \uadf8\ub7fc\uc5d0\ub3c4 \ubd88\uad6c\ud558\uace0 \uc6b0\ub9ac \uc9c0\uad6c\uc0c1\uc5d0 \uc2dd\ubb3c\uacfc \ub3d9\ubb3c\uc758 \uc0ac\uccb4\ub098 \ubc30\uc124\ubb3c\ub85c \ub36e\uc774\uc9c0 \uc54a\ub294 \uc774\uc720\ub294 \ubb34\uc5c7\uc77c\uae4c\uc694? \uc0dd\ud0dc\uacc4\uc5d0\uc11c \ubc84\uc12f\uc774\ub098 \uacf0\ud321\uc774\uac00 \uc5c6\ub2e4\uba74 \uc5b4\ub5a4 \uc77c\ub4e4\uc774 \ubc8c\uc5b4\uc9c8\uae4c\uc694?", "made_date": "2020-08-06", "ques_concept": "\ubd84\ud574\uc790\ub294 \uc8fd\uc740 \uc0dd\ubb3c\uc744 \ubd84\ud574\ud558\uc5ec \ub2e4\ub978 \uc0dd\ubb3c\uc774 \uc774\uc6a9\ud560 \uc218 \uc788\uac8c \ud574 \uc8fc\ub294 \uc5ed\ud560\uc744 \ud55c\ub2e4.", "scoring_keyword": null, "ml_model_check": 1, "upload_check": 1}}, {"model": "mainpage.question", "pk": 46, "fields": {"category": 8, "question_name": "\uc778\uac04\uc758 \uc874\uc5c4\uc131", "discription": "\uae00\uc0c1\uc790 \uc548\uc5d0 \uc788\ub294 \ubb38\uc7a5\ub4e4\uc740 \u2018\uc778\uac04\uc758 \uc874\uc5c4\uc131\u2019\uc758 \uc758\ubbf8\ub97c \uc798\ubabb \uc774\ud574\ud558\uace0 \uc788\uc2b5\ub2c8\ub2e4. \uadf8\ub798\uc11c \uc778\uac04\uc774 \uc874\uc5c4\ud55c \uc9c4\uc9dc \uc774\uc720\uac00 \ub418\uc9c0 \ubabb\ud569\ub2c8\ub2e4. \uadf8\ub807\ub2e4\uba74 \uc778\uac04\uc774 \uc874\uc5c4\ud55c \uc9c4\uc9dc \uc774\uc720\ub294 \ubb34\uc5c7\uc77c\uae4c\uc694? \ubc11\uc904 \uce5c \ube48\uce78\uc5d0 \uadf8 \uc774\uc720\ub97c \uc368 \ubcfc\uae4c\uc694? \u2024 A\ub294 \ub0a8\uc790\uc774\uae30 \ub54c\ubb38\uc5d0 \uc874\uc5c4\ud558\ub2e4. \u2024 B\ub294 \ubd80\uc790\uc774\uae30 \ub54c\ubb38\uc5d0 \uc874\uc5c4\ud558\ub2e4. \u2024 C\ub294 \ub098\uc774\uac00 \ub9ce\uae30 \ub54c\ubb38\uc5d0 \uc874\uc5c4\ud558\ub2e4. \u2024 D\ub294 \uc678\ubaa8\uac00 \ub6f0\uc5b4\ub098\uae30 \ub54c\ubb38\uc5d0 \uc874\uc5c4\ud558\ub2e4. \u2024 E\ub294 \uad8c\ub825\uc744 \uac00\uc9c0\uace0 \uc788\uae30 \ub54c\ubb38\uc5d0 \uc874\uc5c4\ud558\ub2e4. \u2024 F\ub294 \uc88b\uc740 \ub300\ud559\uc744 \ub098\uc654\uae30 \ub54c\ubb38\uc5d0 \uc874\uc5c4\ud558\ub2e4. \uc778\uac04\uc740 _________________ \ub54c\ubb38\uc5d0 \uc874\uc5c4\ud558\ub2e4.", "answer": "\uc778\uac04\uc73c\ub85c \ud0dc\uc5b4\ub0ac\uae30, \uc778\uad8c\uc774 \uc788\uae30, \ucc9c\ubd80\uc801\uc778 \uad8c\ub9ac\uac00 \uc788\uae30, \ubaa8\ub450 \ub3d9\ub4f1\ud558\uae30, \uc774\uc131\uc801\uc778 \uc874\uc7ac\uc774\uae30, \ub3d9\ubb3c\uacfc\ub294 \ub2e4\ub974\uae30, \uadf8 \uc790\uccb4\ub85c \uc874\uc911\ubc1b\uc544\uc57c \ud558\uae30, \uadf8 \uc790\uccb4\ub85c \uac00\uce58 \uc788\uae30, \uadf8\ub0e5 \uc778\uac04\uc774\uae30, \ubb34\uc5c7\uacfc\ub3c4 \ubc14\uafc0 \uc218 \uc5c6\ub294 \uc874\uc7ac\uc774\uae30, \ub2e4\ub978 \uac83\uacfc \ube44\uad50\ud560 \uc218 \uc5c6\uae30, \ub2e8 \ud558\ub098\uc758 \uc874\uc7ac\uc774\uae30, \uace0\uc720\ud55c \uc874\uc7ac\uc774\uae30, \uc720\uc77c\ud55c \uc874\uc7ac\uc774\uae30, \ubb34\uc870\uac74\uc801\uc73c\ub85c \uadc0\uc911(\uc18c\uc911)\ud558\uae30, \uc870\uac74\uc5c6\uc774 \uadc0\uc911(\uc18c\uc911)\ud558\uae30", "image": "question/image/question_46.png", "hint": "\uc704\uc5d0 \uc81c\uc2dc\ub41c \uc870\uac74\uc740 \ubaa8\ub4e0 \uc0ac\ub78c\uc5d0\uac8c \uacf5\ud1b5\ub41c \uac83\uc774\ub77c\uace0 \ud560 \uc218 \uc788\uc744\uae4c\uc694? \uc704\uc640 \uac19\uc774 \uc77c\ubd80 \uc0ac\ub78c\ub4e4\ub9cc \uac00\uc9c0\uace0 \uc788\ub294 \ud2b9\uc815\ud55c \uc870\uac74\uc5d0 \ub530\ub77c \uc778\uac04\uc758 \uc874\uc5c4\uc131\uc744 \uc778\uc815\ud55c\ub2e4\uba74 \uc5b4\ub5a4 \ubb38\uc81c\uac00 \ubc1c\uc0dd\ud560\uae4c\uc694?", "made_date": "2020-08-06", "ques_concept": "\uc778\uac04\uc774 \uc874\uc5c4\ud55c \uc774\uc720\ub294 \uc5b4\ub5a4 \uc870\uac74\uc774 \uc544\ub2c8\ub77c \ub2e8\uc9c0 \uc778\uac04\uc774\ub77c\ub294 \uc774\uc720 \ud558\ub098\ub9cc\uc73c\ub85c \ucda9\ubd84\ud558\ub2e4.", "scoring_keyword": null, "ml_model_check": 1, "upload_check": 1}}, {"model": "mainpage.question", "pk": 47, "fields": {"category": 3, "question_name": "\ubb38\ud654\uc758 \ub2e4\uc591\uc131", "discription": "\ud55c\uad6d\uc5d0\uc11c\ub294 \uc300\ubc25\uacfc \uae40\uce58\ub97c \ub9ce\uc774 \uba39\uace0, \ud504\ub791\uc2a4\uc5d0\uc11c\ub294 \ube75\uacfc \ud3ec\ub3c4\uc8fc\ub97c \ub9ce\uc774 \uba39\uc2b5\ub2c8\ub2e4. \ud55c\uad6d\uc5d0\ub294 \uae30\uc640\uc9d1\uc774\ub098 \ucd08\uac00\uc9d1 \uac19\uc740 \uc804\ud1b5 \uac00\uc625\uc774 \uc788\uace0 \ubabd\uace8\uc5d0\ub294 \uc9d0\uc2b9\uc758 \ud138\uc744 \ub36e\uc5b4 \ub9cc\ub4e0 \uac8c\ub974\ub77c\ub294 \uc804\ud1b5 \uac00\uc625\uc774 \uc788\uc2b5\ub2c8\ub2e4. \uc774\uc640 \uac19\uc740 \uc0ac\ub840\uc5d0\uc11c \uc54c \uc218 \uc788\ub294 \ubb38\ud654\uc758 \ud2b9\uc9d5\uc740 \ubb34\uc5c7\uc774\uba70, \uadf8\ub7ec\ud55c \ud2b9\uc9d5\uc774 \ub098\ud0c0\ub098\ub294 \uc774\uc720\ub294 \ubb34\uc5c7\uc77c\uae4c\uc694?", "answer": "(\ud2b9\uc9d5) \ubb38\ud654\ub294 \ub098\ub77c\ub9c8\ub2e4 \uadf8 \ubaa8\uc2b5\uc774 \ub2e4\ub974\ub2e4. \ubb38\ud654\ub294 \ub098\ub77c\ub9c8\ub2e4(\uc0ac\ud68c\ub9c8\ub2e4) \ud2b9\uc9d5\uc774 \uc788\ub2e4, \ubb38\ud654\ub294 \ub2e4\uc591\ud558\ub2e4, \ubb38\ud654\ub294 \ub2e4\uc591\uc131\uc774 \uc788\ub2e4. (\uc774\uc720) \uac01 \ub098\ub77c\uac00 \ucc98\ud55c \uc870\uac74(\uc790\uc5f0\ud658\uacbd, \uc5ed\uc0ac\uc801 \uc0c1\ud669, \uc0ac\ub78c\ub4e4\uc758 \uad6c\uc131\uc774\ub098 \ud2b9\uc9d5 \ub4f1)\uc774 \ub2e4\ub974\uae30 \ub54c\ubb38\uc774\ub2e4.", "image": "question/image/question_47.png", "hint": "\ud55c\uad6d\uacfc \ud504\ub791\uc2a4\ub294 \uac01\uac01 \uc5b4\ub5a4 \ub18d\uc5c5\uc774 \ubc1c\ub2ec\ud588\uc744\uae4c\uc694? \ud55c\uad6d\uacfc \ubabd\uace8\uc758 \ub0a0\uc528\ub098 \uc790\uc5f0\uc740 \uc5b4\ub5bb\uac8c \ub2e4\ub97c\uae4c\uc694?", "made_date": "2020-08-06", "ques_concept": "\uc0ac\ud68c\uc758 \ud2b9\uc131\uc5d0 \ub530\ub77c \uac01\uae30 \ub2e4\ub978 \ubb38\ud654\uac00 \ub098\ud0c0\ub09c\ub2e4.", "scoring_keyword": null, "ml_model_check": 1, "upload_check": 1}}, {"model": "mainpage.question", "pk": 48, "fields": {"category": 4, "question_name": "\uc544\ucfe0\uc544\ub85c\ube45\uacfc \ubab8\ubb34\uac8c", "discription": "\uc544\ucfe0\uc544\ub85c\ube45\uc740 \ubb3c \uc18d\uc5d0\uc11c \ud558\ub294 \uc5d0\uc5b4\ub85c\ube45\uc73c\ub85c \uad00\uc808\uc774 \uc57d\ud55c \ud658\uc790 \ub610\ub294 \ub178\uc778\ub3c4 \ubb34\ub9ac \uc5c6\uc774 \ud560 \uc218 \uc788\ub294 \uc6b4\ub3d9\uc785\ub2c8\ub2e4. \ubb3c \ubc16\uc5d0\uc11c \uc6b4\ub3d9\ud558\ub294 \uac83\ubcf4\ub2e4 \uac00\ubcbc\uc6b4 \ubb34\uac8c\ub97c \uc9c0\ud0f1\ud574 \uad00\uc808\uc5d0 \ubb34\ub9ac\uac00 \ub35c \uac00\uae30 \ub54c\ubb38\uc785\ub2c8\ub2e4. \uc774\ucc98\ub7fc \ubb3c\uc18d\uc5d0\uc11c \uc6d0\ub798\uc758 \ubab8\ubb34\uac8c\ubcf4\ub2e4 \uac00\ubccd\uac8c \ub290\uaef4\uc9c0\ub294 \uae4c\ub2ed\uc740 \ubb34\uc5c7\uc77c\uae4c\uc694? \ubb3c\uc18d\uc5d0\uc11c \uc5b4\ub5a4 \ud798\uc774 \uc791\uc6a9\ud558\ub294\uc9c0\ub97c \ud3ec\ud568\ud558\uc5ec \uc124\uba85\ud558\uc5ec \ubcf4\uc138\uc694.", "answer": "\ubb3c\uc18d\uc5d0\uc11c \uc911\ub825\uacfc \ubc18\ub300 \ubc29\ud5a5\uc73c\ub85c \ubb3c\uccb4\ub97c \ub744\uc6b0\ub294 \ud798\uc778 \ubd80\ub825\uc774 \uc791\uc6a9\ud558\uae30 \ub54c\ubb38\uc5d0 \ubb3c\uc18d\uc5d0\uc11c \ubab8\uc774 \ub354 \uac00\ubccd\uac8c \ub290\uaef4\uc9c4\ub2e4.", "image": "question/image/question_48.png", "hint": "\ubb34\uac8c\ub294 \uadf8 \ubb3c\uccb4\uac00 \ubc1b\ub294 \uc911\ub825\uc758 \ud06c\uae30\uc785\ub2c8\ub2e4. \ubb3c \uc18d\uc5d0\uc11c \uc911\ub825 \uc774\uc678\uc5d0 \uc5b4\ub5a4 \ud798\uc774 \uc791\uc6a9\ud558\uba70, \uc5b4\ub5a4 \ubc29\ud5a5\uc73c\ub85c \uc791\uc6a9\ud558\ub294\uc9c0 \uc870\uae08 \ub354 \uc0dd\uac01\uc744 \ubc1c\uc804\uc2dc\ucf1c \ubcfc\uae4c\uc694?", "made_date": "2020-08-06", "ques_concept": "\ubd80\ub825\uc740 \uc911\ub825\uc774 \uc791\uc6a9\ud560 \ub54c \uc561\uccb4 \ub610\ub294 \uae30\uccb4\uac00 \ubb3c\uccb4\ub97c \ubc00\uc5b4 \uc62c\ub9ac\ub294 \ud798\uc744 \ub9d0\ud55c\ub2e4. .", "scoring_keyword": null, "ml_model_check": 1, "upload_check": 1}}, {"model": "mainpage.question", "pk": 49, "fields": {"category": 4, "question_name": "\uc2dc\uc6d0\ud55c \uc5d0\ud0c4\uc62c \uc19c", "discription": "\ud314\uc774\ub098 \ub2e4\ub9ac\uc5d0 \uc0c1\ucc98\uac00 \ub098\uba74 \uc18c\ub3c5\uc744 \ud574\uc57c \ud569\ub2c8\ub2e4. \uc18c\ub3c5\uc57d\uc744 \ubc14\ub974\uae30 \uc804\uc5d0 \uc5d0\ud0c4\uc62c\uc774 \ubb3b\uc740 \uc19c\uc73c\ub85c \ud53c\ubd80\ub97c \ub2e6\uc558\ub294\ub370, \ud53c\ubd80\uac00 \uc2dc\uc6d0\ud574\uc9c0\ub294 \ub290\ub08c\uc774 \ub4e4\uc5c8\uc2b5\ub2c8\ub2e4. \uc5d0\ud0c4\uc62c \uc790\uccb4\uac00 \ucc28\uac00\uc6e0\ub358 \uac83\uc740 \uc544\ub2cc\ub370, \uc65c \ud53c\ubd80\uac00 \uc2dc\uc6d0\ud558\uac8c \ub290\uaef4\uc9c4 \uac83\uc77c\uae4c\uc694? \ubb3c\uc9c8\uc758 \uc0c1\ud0dc \ubcc0\ud654\uc640 \uad00\ub828\uc9c0\uc5b4 \uc124\uba85\ud574\ubd05\uc2dc\ub2e4.", "answer": "\uc5d0\ud0c4\uc62c\uc774 \ud53c\ubd80 \uc704\uc5d0\uc11c \uc99d\ubc1c\ud558\uba74\uc11c \uae30\ud654\uc5f4\uc744 \ud761\uc218\ud55c\ub2e4. \uc774\ub85c \uc778\ud574 \uc5f4\uc744 \ube7c\uc557\uae34 \ud53c\ubd80\uc5d0\uc11c \uc2dc\uc6d0\ud568\uc774 \ub290\uaef4\uc9c4\ub2e4.", "image": "question/image/question_49.png", "hint": "\uc5d0\ud0c4\uc62c\uc740 \ud53c\ubd80 \uc704\uc5d0\uc11c \uae08\ubc29 \ub9c8\ub985\ub2c8\ub2e4.", "made_date": "2020-08-06", "ques_concept": "\uc5d0\ud0c4\uc62c \ub4f1\uc758 \uc561\uccb4\uac00 \uc99d\ubc1c\ud560 \ub54c \uae30\ud654\uc5f4\uc744 \ud761\uc218\ud55c\ub2e4.", "scoring_keyword": null, "ml_model_check": 1, "upload_check": 1}}, {"model": "mainpage.question", "pk": 50, "fields": {"category": 4, "question_name": "\ub2e4\uc591\ud55c \uc218\uc0dd\uc2dd\ubb3c\uc758 \ubaa8\uc2b5", "discription": "\ubb3c\uc0b4\uc774 \uc57d\ud55c \uacf3\uc5d0 \uc0ac\ub294 \uac1c\uad6c\ub9ac\ubc25\uacfc \uac19\uc740 \uc218\uc0dd\uc2dd\ubb3c\ub4e4\uc740 \ub300\ubd80\ubd84 \uc78e\uc758 \ubaa8\uc591\uc774 \ub465\uae00\uace0 \ub113\uc2b5\ub2c8\ub2e4. \uadf8\ub7ec\ub098 \ubb3c\uc0b4\uc774 \uc13c \uacf3\uc5d0 \uc0ac\ub294 \uac80\uc815\ub9d0\uacfc \uac19\uc740 \uc218\uc0dd\uc2dd\ubb3c\ub4e4\uc740 \ub300\ubd80\ubd84 \uc78e\uc774 \uc881\uace0 \uae41\ub2c8\ub2e4. \uac19\uc740 \uc218\uc0dd\uc2dd\ubb3c\uc778\ub370\ub3c4 \ub450 \uc2dd\ubb3c\uc758 \uc78e\uc758 \ud615\ud0dc\ub294 \ub2e4\ub974\uac8c \ub098\ud0c0\ub0b4\ub294 \uc774\uc720\ub294 \ubb34\uc5c7\uc77c\uae4c\uc694?", "answer": "\ub450 \uc2dd\ubb3c\uc740 \uc11c\ub85c \ub2e4\ub978 \ud658\uacbd\uc5d0 \ub530\ub77c \uc801\uc751\ud588\uae30 \ub54c\ubb38\uc774\ub2e4. \uac80\uc815\ub9d0\uc740 \uc78e\uc774 \uac00\ub298\uace0 \uae38\uc5b4 \ubb3c\uc0b4\uc774 \uc13c \uacf3\uc5d0\uc11c \uc0b4\uae30 \uc801\ud569\ud558\uba70, \uac1c\uad6c\ub9ac\ubc25\uc740 \uc78e\uc774 \ub113\uace0 \ub465\uae00\uc5b4 \ubb3c\uc0b4\uc774 \uc57d\ud55c \uacf3\uc5d0\uc11c \ub5a0\uc788\uae30\uc5d0 \uc801\ud569\ud558\ub2e4.", "image": "question/image/question_50.png", "hint": "\ucee4\ud53c\ub098\ubb34\ub294 \uc6b0\uae30\uc640 \uac74\uae30\uac00 \ubd84\uba85\ud55c \uc9c0\uc5ed\uc5d0\uc11c\ub9cc \uc798 \uc790\ub77c\uae30 \ub54c\ubb38\uc5d0, \uc6b0\ub9ac\ub098\ub77c \uae30\ud6c4\uc5d0\uc11c \uc790\uc5f0\uc801\uc73c\ub85c \uc0b4\uc544\uac00\uae30 \uc5b4\ub835\ub2e4\uace0 \ud569\ub2c8\ub2e4. \uc774\ucc98\ub7fc \ud2b9\uc815\ud55c \uc0dd\ubb3c\uc774 \uc6d0\ub798 \uc11c\uc2dd\uc9c0\uc640\ub294 \ub2e4\ub978 \uacf3\uc5d0\uc11c \uc790\ub77c\uae30 \ud798\ub4e0 \uc774\uc720\ub294 \ubb34\uc5c7\uc77c\uae4c\uc694?", "made_date": "2020-08-06", "ques_concept": "\uc0dd\ubb3c\uc740 \ud658\uacbd\uc5d0 \uc801\ud569\ud558\uac8c \uc801\uc751\uc744 \ud55c\ub2e4.", "scoring_keyword": null, "ml_model_check": 1, "upload_check": 1}}, {"model": "mainpage.question", "pk": 51, "fields": {"category": 4, "question_name": "LPG\ub97c \ud1b5 \uc548\uc5d0 \uc561\uccb4\ub85c \ubcf4\uad00\ud558\ub294 \uc774\uc720", "discription": "\ub3c4\uc2dc\uac00\uc2a4\uac00 \uacf5\uae09\ub418\uc9c0 \uc54a\ub294 \uc57c\uc678\uc5d0\uc11c\ub294 \uac00\ub054 LPG \uac00\uc2a4\ud1b5\uc774 \uc0ac\uc6a9\ub418\uace4 \ud569\ub2c8\ub2e4. LPG \uac00\uc2a4\ub294 \ud1b5 \uc548\uc5d0\uc11c \uc561\uccb4 \uc0c1\ud0dc\uc774\uc9c0\ub9cc, \uc774\ub97c \uc5f0\ub8cc\ub85c \uc0ac\uc6a9\ud558\uc5ec \ubd88\uc744 \ubd99\uc77c \ub54c\uc5d0\ub294 \uae30\uccb4\uac00 \ub418\uc5b4 \ub098\uc635\ub2c8\ub2e4. \uc774\ucc98\ub7fc \uae30\uccb4\ub85c \uc0ac\uc6a9\ud558\ub294 \ubb3c\uc9c8\uc744 \uc561\uccb4 \uc0c1\ud0dc\ub85c \ubcf4\uad00\ud558\ub294 \uc774\uc720\ub294 \ubb34\uc5c7\uc77c\uae4c\uc694? \uc790\uc2e0\uc758 \uacfc\ud559\uc801 \uc9c0\uc2dd\uc744 \ud65c\uc6a9\ud558\uc5ec \uc124\uba85\ud574\ubd05\uc2dc\ub2e4", "answer": "\ubb3c\uc9c8\uc758 \uc0c1\ud0dc\uac00 \ubcc0\ud560 \ub54c \ubb3c\uc9c8\uc744 \uc774\ub8e8\ub294 \uc785\uc790\uc758 \uc885\ub958\uc640 \uac1c\uc218\ub294 \ubcc0\ud558\uc9c0 \uc54a\uace0 \uc785\uc790\uc758 \ubc30\uc5f4\ub9cc \ub2ec\ub77c\uc9c4\ub2e4. LPG \uac00\uc2a4\uac00 \uc561\ud654\ud558\uba74 \uc785\uc790 \uc0ac\uc774\uc758 \uac70\ub9ac\uac00 \uac00\uae4c\uc6cc\uc838 \ubd80\ud53c\uac00 \ud06c\uac8c \uc904\uc5b4\ub4e0\ub2e4. \uadf8\ub807\uae30 \ub54c\ubb38\uc5d0 \ubcf4\uad00\uc774 \uc6a9\uc774\ud574\uc9c4\ub2e4.", "image": "question/image/question_51.png", "hint": "\uae30\uccb4 \uc0c1\ud0dc\uc640 \uc561\uccb4 \uc0c1\ud0dc\uc5d0\ub294 \uc5b4\ub5a0\ud55c \ucc28\uc774\uac00 \uc788\uc744\uae4c\uc694?", "made_date": "2020-08-06", "ques_concept": "\ubb3c\uc9c8\uc758 \uc0c1\ud0dc\uac00 \ub2ec\ub77c\uc9c0\uba74 \uc785\uc790\uc758 \ubc30\uc5f4\uc774 \ub2ec\ub77c\uc9c4\ub2e4. \uc785\uc790\uc758 \ubc30\uc5f4\uc5d0 \ub530\ub77c \uc785\uc790 \uc0ac\uc774\uc758 \uac70\ub9ac\uac00 \ub2ec\ub77c\uc9c4\ub2e4.", "scoring_keyword": null, "ml_model_check": 1, "upload_check": 1}}, {"model": "mainpage.question", "pk": 52, "fields": {"category": 4, "question_name": "\uba3c\uc9c0 \uc81c\uac70 \uc2a4\ud504\ub808\uc774\ub97c \uc561\uccb4\ub85c \ubcf4\uad00\ud558\ub294 \uc774\uc720", "discription": "\uba3c\uc9c0\ub97c \uc81c\uac70\ud558\ub294 \uc2a4\ud504\ub808\uc774\ub294 \ud1b5 \uc548\uc5d0\uc11c\ub294 \uc561\uccb4 \uc0c1\ud0dc\ub85c \uc874\uc7ac\ud558\uc5ec \ud754\ub4e4\uba74 \uc18c\ub9ac\uac00 \ub0a9\ub2c8\ub2e4. \ud558\uc9c0\ub9cc \uc774\ub97c \ubfcc\ub9ac\uba74 \ubc16\uc73c\ub85c \ub098\uc624\uba74\uc11c \uae30\uccb4\uac00 \ub429\ub2c8\ub2e4. \uc774\ucc98\ub7fc \uae30\uccb4\ub85c \uc0ac\uc6a9\ud558\ub294 \ubb3c\uc9c8\uc744 \uc561\uccb4 \uc0c1\ud0dc\ub85c \ubcf4\uad00\ud558\ub294 \uc774\uc720\ub294 \ubb34\uc5c7\uc77c\uae4c\uc694? \uacfc\ud559\uc801 \uc9c0\uc2dd\uc744 \ud65c\uc6a9\ud558\uc5ec \uc790\uc138\ud558\uac8c \uc124\uba85\ud574\ubd05\uc2dc\ub2e4.", "answer": "\ubb3c\uc9c8\uc758 \uc0c1\ud0dc\uac00 \ubcc0\ud560 \ub54c \ubb3c\uc9c8\uc744 \uc774\ub8e8\ub294 \uc785\uc790\uc758 \uc885\ub958\uc640 \uac1c\uc218\ub294 \ubcc0\ud558\uc9c0 \uc54a\uace0 \uc785\uc790\uc758 \ubc30\uc5f4\ub9cc \ub2ec\ub77c\uc9c4\ub2e4. \uba3c\uc9c0 \uc81c\uac70 \uc2a4\ud504\ub808\uc774\uac00 \uc561\ud654\ud558\uba74 \uc785\uc790 \uc0ac\uc774\uc758 \uac70\ub9ac\uac00 \uac00\uae4c\uc6cc\uc838 \ubd80\ud53c\uac00 \ud06c\uac8c \uc904\uc5b4\ub4e0\ub2e4. \uadf8\ub807\uae30 \ub54c\ubb38\uc5d0 \ubcf4\uad00\uc774 \uc6a9\uc774\ud574\uc9c4\ub2e4.", "image": "question/image/question_52.png", "hint": "\uae30\uccb4 \uc0c1\ud0dc\uc640 \uc561\uccb4 \uc0c1\ud0dc\uc5d0\ub294 \uc5b4\ub5a0\ud55c \ucc28\uc774\uac00 \uc788\uc744\uae4c\uc694?", "made_date": "2020-08-06", "ques_concept": "\ubb3c\uc9c8\uc758 \uc0c1\ud0dc\uac00 \ub2ec\ub77c\uc9c0\uba74 \uc785\uc790\uc758 \ubc30\uc5f4\uc774 \ub2ec\ub77c\uc9c4\ub2e4. \uc785\uc790\uc758 \ubc30\uc5f4\uc5d0 \ub530\ub77c \uc785\uc790 \uc0ac\uc774\uc758 \uac70\ub9ac\uac00 \ub2ec\ub77c\uc9c4\ub2e4.", "scoring_keyword": null, "ml_model_check": 1, "upload_check": 1}}, {"model": "mainpage.question", "pk": 53, "fields": {"category": 4, "question_name": "\uc0b0\uc18c\uc758 \uc911\uc694\uc131", "discription": "\uc0b0\uc18c\ub294 \uc6b0\ub9ac\uac00 \uac00\uc7a5 \ud754\ud788 \ub4e3\uac8c \ub418\ub294 \ubb3c\uc9c8\uc758 \uc774\ub984\uc785\ub2c8\ub2e4. \uc774\ub294 \uadf8\ub9cc\ud07c \uc0b0\uc18c\uac00 \uc6b0\ub9ac \uc8fc\ubcc0\uc5d0\uc11c \ub2e4\uc591\ud55c \uc5ed\ud560\uc744 \ud558\ub294 \ubb3c\uc9c8\uc774\uae30 \ub54c\ubb38\uc785\ub2c8\ub2e4. \uadf8\ub807\ub2e4\uba74 \uc0b0\uc18c\uac00 \ucc28\uc9c0\ud558\ub294 \uc5ed\ud560\ub4e4\uc5d0\ub294 \ubb34\uc5c7\uc774 \uc788\uc744\uae4c\uc694? \uc0b0\uc18c\uc758 \uc131\uc9c8\uc774\ub098 \uc774\uc6a9\uc5d0 \uad00\ud55c \uc9c0\uc2dd\uc744 \ud65c\uc6a9\ud558\uc5ec \uc124\uba85\ud574 \ubd05\uc2dc\ub2e4.", "answer": "\uc0b0\uc18c\ub294 \uc5f0\uc18c \ubc18\uc751\uc5d0 \ucc38\uc5ec\ud558\ubbc0\ub85c, \uc5b4\ub5a4 \ubb3c\uc9c8\uc744 \ud0dc\uc6b8 \ub54c \ud544\uc218\uc801\uc774\ub2e4. \uadf8\ub9ac\uace0 \uc0b0\uc18c\ub85c \uc778\ud574 \uae08\uc18d\uc774 \ub179\uc2ac\uac8c \ub418\uae30\ub3c4 \ud55c\ub2e4. \uadf8\ub9ac\uace0 \uc0b0\uc18c\uac00 \uc788\uc5b4\uc57c\ub9cc \uc0dd\uba85 \uc720\uc9c0\uc5d0 \ud544\uc218\uc801\uc778 \ud638\ud761\uc774 \uc774\ub8e8\uc5b4\uc9c4\ub2e4.", "image": "question/image/question_53.png", "hint": "\uc0b0\uc18c\ub294 \uc5b4\ub5a4 \ud654\ud559 \ubc18\uc751\ub4e4\uc5d0 \ucc38\uc5ec\ud560\uae4c\uc694? \uadf8\ub9ac\uace0 \uc0b0\uc18c\ub294 \uc6b0\ub9ac\uc5d0\uac8c \uc5b4\ub5a0\ud55c \uc5ed\ud560\uc744 \ud560\uae4c\uc694?", "made_date": "2020-08-06", "ques_concept": "\uc0b0\uc18c\ub294 \uc5f0\uc18c \ubc18\uc751\uc5d0 \ucc38\uc5ec\ud55c\ub2e4. \uc0b0\uc18c\ub85c \uc778\ud574 \ucca0 \ub4f1\uc758 \uae08\uc18d\uc5d0 \ub179\uc774 \uc2ac\uac8c \ub41c\ub2e4. \uc0b0\uc18c\ub97c \ud65c\uc6a9\ud55c \ud638\ud761\uc774 \uc0dd\uba85 \uc720\uc9c0\uc5d0 \ud544\uc218\uc801\uc774\ub2e4.", "scoring_keyword": null, "ml_model_check": 1, "upload_check": 1}}, {"model": "mainpage.question", "pk": 54, "fields": {"category": 4, "question_name": "\uc6b0\ub9ac\uc5d0\uac8c \uaf2d \ud544\uc694\ud55c \uc0b0\uc18c", "discription": "\uc6b0\ub9ac\uc5d0\uac8c \ubc18\ub4dc\uc2dc \ud544\uc694\ud55c \uc874\uc7ac\ub97c \u2018\uc0b0\uc18c \uac19\ub2e4\u2019\uace0 \ud45c\ud604\ud560 \ub9cc\ud07c, \uc0b0\uc18c\ub294 \ub9e4\uc6b0 \uc911\uc694\ud558\uac8c \uc5ec\uaca8\uc9c0\uace0 \uc788\uc2b5\ub2c8\ub2e4. \uc0b0\uc18c\uac00 \uc6b0\ub9ac \uc8fc\ubcc0\uc5d0\uc11c \uc5b4\ub5a0\ud55c \uc5ed\ud560\ub4e4\uc744 \ud558\uae30 \ub54c\ubb38\uc77c\uae4c\uc694? \uc0b0\uc18c\uc758 \uc131\uc9c8 \ubc0f \uc774\uc6a9\uc5d0 \uad00\ud55c \uc9c0\uc2dd\uc744 \ud65c\uc6a9\ud558\uc5ec \uc124\uba85\ud574\ubd05\uc2dc\ub2e4.", "answer": "\uc0b0\uc18c\ub294 \uc5f0\uc18c \ubc18\uc751\uc5d0 \ucc38\uc5ec\ud558\ubbc0\ub85c, \uc5b4\ub5a4 \ubb3c\uc9c8\uc744 \ud0dc\uc6b8 \ub54c \ud544\uc218\uc801\uc774\ub2e4. \uadf8\ub9ac\uace0 \uc0b0\uc18c\ub85c \uc778\ud574 \uae08\uc18d\uc774 \ub179\uc2ac\uac8c \ub418\uae30\ub3c4 \ud55c\ub2e4. \uadf8\ub9ac\uace0 \uc0b0\uc18c\uac00 \uc788\uc5b4\uc57c\ub9cc \uc0dd\uba85 \uc720\uc9c0\uc5d0 \ud544\uc218\uc801\uc778 \ud638\ud761\uc774 \uc774\ub8e8\uc5b4\uc9c4\ub2e4.", "image": "question/image/question_54.png", "hint": "\uc0b0\uc18c\ub294 \uc5b4\ub5a4 \ud654\ud559 \ubc18\uc751\ub4e4\uc5d0 \ucc38\uc5ec\ud560\uae4c\uc694? \uadf8\ub9ac\uace0 \uc0b0\uc18c\ub294 \uc6b0\ub9ac\uc5d0\uac8c \uc5b4\ub5a0\ud55c \uc5ed\ud560\uc744 \ud560\uae4c\uc694?", "made_date": "2020-08-06", "ques_concept": "\uc0b0\uc18c\ub294 \uc5f0\uc18c \ubc18\uc751\uc5d0 \ucc38\uc5ec\ud55c\ub2e4. \uc0b0\uc18c\ub85c \uc778\ud574 \ucca0 \ub4f1\uc758 \uae08\uc18d\uc5d0 \ub179\uc774 \uc2ac\uac8c \ub41c\ub2e4. \uc0b0\uc18c\ub97c \ud65c\uc6a9\ud55c \ud638\ud761\uc774 \uc0dd\uba85 \uc720\uc9c0\uc5d0 \ud544\uc218\uc801\uc774\ub2e4", "scoring_keyword": null, "ml_model_check": 1, "upload_check": 1}}, {"model": "mainpage.question", "pk": 55, "fields": {"category": 4, "question_name": "\uc5f4\uae30\uad6c\uac00 \ub5a0\uc624\ub974\ub294 \uc774\uc720", "discription": "\ud558\ub298\ub85c \ub192\uc774 \ub5a0\uc624\ub974\ub294 \uc5f4\uae30\uad6c\ub294 \ubb34\ucc99 \ub9e4\ub825\uc801\uc778 \uc6b4\uc1a1 \uc218\ub2e8\uc785\ub2c8\ub2e4. \uacfc\uac70\uc758 \uc5b4\ub5a4 \uc0ac\ub78c\ub4e4\uc744 \uc774\ub97c \uc774\uc6a9\ud558\uc5ec \uc5ec\ud589\uc744 \ud588\ub2e4\uace0\ub3c4 \ud569\ub2c8\ub2e4. \uc5f4\uae30\uad6c\ub294 \ud48d\uc120 \ubaa8\uc591\uc758 \uae30\uad6c \uc548\uc5d0 \uc788\ub294 \uacf5\uae30\ub97c \ub370\uc6b8 \ub54c\uc5d0 \ud558\ub298 \uc704\ub85c \uc62c\ub77c\uac11\ub2c8\ub2e4. \uadf8\ub807\ub2e4\uba74 \uc65c \uc5f4\uae30\uad6c \uc18d \uacf5\uae30\ub97c \ub370\uc6b0\uba74 \uc5f4\uae30\uad6c\uac00 \ub5a0\uc624\ub974\ub294 \uac83\uc77c\uae4c\uc694?", "answer": "\uc5f4\uae30\uad6c \uc548\uc5d0\uc11c \ubd88\uc744 \ucf1c\uba74 \uc5f4\uae30\uad6c \ub0b4\ubd80\uc758 \uacf5\uae30 \uc628\ub3c4\uac00 \ub192\uc544\uc9c4\ub2e4. \uc628\ub3c4\uac00 \ub192\uc544\uc9c0\uba74 \uae30\uccb4 \ubd84\uc790\uc758 \uc6b4\ub3d9\uc774 \ud65c\ubc1c\ud574\uc9c0\uace0, \uae30\uccb4\uc758 \ubc00\ub3c4\uac00 \ub0ae\uc544\uc9c4\ub2e4. \uc8fc\ubcc0\ubcf4\ub2e4 \ubc00\ub3c4\uac00 \ub0ae\uc740 \uae30\uccb4\ub294 \uc704\ub85c \ub5a0\uc624\ub974\uac8c \ub41c\ub2e4.", "image": "question/image/question_55.png", "hint": "\uacf5\uae30\uc758 \uc628\ub3c4\uac00 \uc0c1\uc2b9\ud558\uba74 \ubd84\uc790\uc758 \uc6b4\ub3d9\uc774 \ubc14\ub01d\ub2c8\ub2e4. \uacf5\uae30\uc758 \uc628\ub3c4\uac00 \uc0c1\uc2b9\ud558\uba74 \ubc00\ub3c4\ub294 \uc5b4\ub5bb\uac8c \ubc14\ub014\uae4c\uc694?", "made_date": "2020-08-06", "ques_concept": "\uacf5\uae30\uc758 \uc628\ub3c4\uac00 \uc0c1\uc2b9\ud558\uba74 \ubd84\uc790\uc758 \uc6b4\ub3d9\uc774 \ud65c\ubc1c\ud574\uc9c4\ub2e4. \uc774\uc5d0 \ub530\ub77c \uacf5\uae30\uc758 \ubc00\ub3c4\uac00 \ub0ae\uc544\uc9c4\ub2e4.", "scoring_keyword": null, "ml_model_check": 1, "upload_check": 1}}, {"model": "mainpage.question", "pk": 56, "fields": {"category": 4, "question_name": "\uacc4\uc18d\ud574\uc11c \uc6b4\ub3d9\ud558\ub294 \uc785\uc790", "discription": "\ubbfc\ud638\ub294 \uacfc\ud559 \uc218\uc5c5\uc5d0\uc11c \ubb3c\uc9c8\uc774 \uc785\uc790\ub85c \uc774\ub8e8\uc5b4\uc838 \uc788\ub2e4\ub294 \ub0b4\uc6a9\uc744 \ubc30\uc6e0\uc2b5\ub2c8\ub2e4. \uadf8\ub7f0\ub370 \uad50\uacfc\uc11c\uc5d0\uc11c\ub294 \ubb3c\uc9c8\uc744 \uc774\ub8e8\ub294 \uc785\uc790\uac00 \uc815\uc9c0\ud574 \uc788\uc9c0 \uc54a\uace0 \uacc4\uc18d\ud574\uc11c \uc6b4\ub3d9\ud558\uace0 \uc788\ub2e4\uace0 \uc124\uba85\ud558\uace0 \uc788\uc5c8\uc2b5\ub2c8\ub2e4.\u00a0\uadf8\ub807\ub2e4\uba74 \uc6b0\ub9ac \uc8fc\ubcc0\uc5d0\uc11c \uc785\uc790\uc758 \uc6b4\ub3d9\uc73c\ub85c \uc778\ud574 \uc77c\uc5b4\ub098\ub294 \uc790\uc5f0 \ud604\uc0c1\ub4e4\uc5d0\ub294 \ubb34\uc5c7\uc774 \uc788\uc744\uae4c\uc694?", "answer": "\uc785\uc790\uc758 \uc6b4\ub3d9\uc73c\ub85c \uc778\ud574 \ubb3c\uc9c8\uc758 \uc0c1\ud0dc \ubcc0\ud654\uac00 \uc77c\uc5b4\ub09c\ub2e4. \ub300\ud45c\uc801\uc778 \ubb3c\uc9c8\uc758 \uc0c1\ud0dc \ubcc0\ud654\ub85c\ub294 \uc99d\ubc1c\uc774 \uc788\ub2e4. \ud55c\ud3b8 \uae30\uccb4 \uc0c1\ud0dc\uc5d0\uc11c\ub294 \ud655\uc0b0 \ud604\uc0c1\uc774 \uc785\uc790\uc758 \uc6b4\ub3d9\uc73c\ub85c \ub098\ud0c0\ub09c\ub2e4. \uae30\uccb4\uc758 \uc555\ub825 \uc790\uccb4\ub3c4 \uc785\uc790\uc758 \uc6b4\ub3d9\uc73c\ub85c \uc778\ud574 \uc874\uc7ac\ud55c\ub2e4.", "image": "question/image/question_56.png", "hint": "\uc785\uc790\uc758 \uc6b4\ub3d9\uc744 \uc6b0\uc120 \ubb3c\uc9c8\uc758 \uc0c1\ud0dc\uc640 \uc5f0\uad00 \uc9c0\uc5b4 \uc774\ud574\ud560 \uc218 \uc788\uc2b5\ub2c8\ub2e4.\u00a0\uadf8 \ub2e4\uc74c\uc73c\ub85c \ubb3c\uc9c8\uc758 \uc0c1\ud0dc \ubcc0\ud654\uc640 \uad00\uacc4 \uc5c6\ub294 \uc785\uc790\uc758 \uc6b4\ub3d9\uc744 \uc0dd\uac01\ud574\ubcfc \uc218 \uc788\uc2b5\ub2c8\ub2e4.", "made_date": "2020-08-06", "ques_concept": "\uc785\uc790\uc758 \uc6b4\ub3d9\uc73c\ub85c \uc778\ud574 \ubb3c\uc9c8\uc758 \uc0c1\ud0dc \ubcc0\ud654\uac00 \uc77c\uc5b4\ub09c\ub2e4. \ub300\ud45c\uc801\uc778 \ubb3c\uc9c8\uc758 \uc0c1\ud0dc \ubcc0\ud654\ub85c\ub294 \uc99d\ubc1c\uc774 \uc788\ub2e4. \ud55c\ud3b8 \uae30\uccb4 \uc0c1\ud0dc\uc5d0\uc11c\ub294 \ud655\uc0b0 \ud604\uc0c1\uc774 \uc785\uc790\uc758 \uc6b4\ub3d9\uc73c\ub85c \ub098\ud0c0\ub09c\ub2e4. \uae30\uccb4\uc758 \uc555\ub825 \uc790\uccb4\ub3c4 \uc785\uc790\uc758 \uc6b4\ub3d9\uc73c\ub85c \uc778\ud574 \uc874\uc7ac\ud55c\ub2e4.", "scoring_keyword": null, "ml_model_check": 1, "upload_check": 1}}, {"model": "mainpage.question", "pk": 57, "fields": {"category": 4, "question_name": "\uc11c\ub85c \ub9cc\ub098\uba74 \uc57d\ud574\uc9c0\ub294 \uc0b0\uacfc \uc5fc\uae30", "discription": "\uc9c0\ud604\uc774\ub294 \uacfc\ud559 \uc2dc\uac04\uc5d0 \ub2e4\uc591\ud55c \uc9c0\uc2dc\uc57d\uc758 \uc885\ub958\ub97c \ubc30\uc6e0\uc2b5\ub2c8\ub2e4. \uc9c0\uc2dc\uc57d\ub4e4\uc740 \uc608\uc05c \uc0c9\uae54\ub85c \uc6a9\uc561\uc774 \uc0b0\uc131\uc744 \ub760\ub294\uc9c0 \uc5fc\uae30\uc131\uc744 \ub760\ub294\uc9c0\ub97c \uc54c\ub824\uc904 \uc218 \uc788\uc5c8\uc2b5\ub2c8\ub2e4. \uc9c0\ud604\uc774\ub294 \uc2e4\ud5d8 \ub3c4\uc911\uc5d0 \uc0b0\uc131 \uc6a9\uc561\uc5d0 \uc5fc\uae30\uc131 \uc6a9\uc561\uc744 \ub5a8\uc5b4\ub728\ub9b4\uc218\ub85d \uc0b0\uc131\uc774 \uc810\uc810 \uc57d\ud574\uc9c0\uace0, \ubc18\ub300\ub85c \uc5fc\uae30\uc131 \uc6a9\uc561\uc5d0 \uc0b0\uc131 \uc6a9\uc561\uc744 \ub5a8\uc5b4\ub728\ub9b4\uc218\ub85d \uc5fc\uae30\uc131\uc774 \uc810\uc810 \uc57d\ud574\uc9c4\ub2e4\ub294 \uac83\uc744 \uad00\ucc30\ud558\uc600\uc2b5\ub2c8\ub2e4. \uc9c0\ud604\uc774\ub294 \uc0b0\uacfc \uc5fc\uae30\uac00 \ub9cc\ub098\uba74 \uac01\uac01\uc758 \uc131\uc9c8\uc774 \uc57d\ud574\uc9c4\ub2e4\ub294 \uc0dd\uac01\uc5d0 \ub3c4\ub2ec\ud558\uc600\uc2b5\ub2c8\ub2e4. \uadf8\ub807\ub2e4\uba74 \uc774\ub7ec\ud55c \ud604\uc0c1\uc740 \uc65c \ubc1c\uc0dd\ud558\ub294 \uac83\uc77c\uae4c\uc694?", "answer": "\uc11c\ub85c \uc0c1\ubc18\ub418\ub294 \uc131\uc9c8\uc744 \uc9c0\ub2cc \uc0b0\uacfc \uc5fc\uae30\uac00 \ub9cc\ub098\uba74, \uc0b0\uc131\uacfc \uc5fc\uae30\uc131\uc744 \ub760\ub294 \ubb3c\uc9c8(\uc785\uc790)\uc774 \uc11c\ub85c \uc9dd\uc744 \ub9de\ucd94\uc5b4 \ubc18\uc751\ud558\uba74\uc11c(\uc911\ud654\ubc18\uc751) \uac01\uac01\uc758 \uc131\uc9c8\uc744 \uc783\uc5b4\ubc84\ub9ac\uae30 \ub54c\ubb38\uc774\ub2e4.", "image": "question/image/question_57.png", "hint": "\uc0b0\uacfc \uc5fc\uae30\uac00 \ub9cc\ub098\uba74 \uc5b4\ub5a4 \uc77c\uc774 \ubc8c\uc5b4\uc9c8\uae4c\uc694? \uc0b0\uacfc \uc5fc\uae30\ub294 \ub9cc\ub098\ub294 \ube44\uc728\uc740 \uc5b4\ub5a0\ud560\uae4c\uc694?", "made_date": "2020-08-06", "ques_concept": "\uc0b0\uacfc \uc5fc\uae30\ub294 \uc11c\ub85c \uc0c1\ubc18\ub418\ub294 \uc131\uc9c8\uc744 \uc9c0\ub2cc\ub2e4. \uc0b0\uacfc \uc5fc\uae30\uac00 \ub9cc\ub098\uba74 \uc0b0\uc131\uacfc \uc5fc\uae30\uc131\uc744 \ub760\ub294 \ubb3c\uc9c8(\uc785\uc790)\uc774 \uc11c\ub85c \uc9dd\uc744 \ub9de\ucd94\uc5b4 \ubc18\uc751\ud55c\ub2e4.(\uc911\ud654\ubc18\uc751) \uc774 \ubc18\uc751\uc758 \uacb0\uacfc\ub85c \uac01\uac01\uc758 \uc131\uc9c8\uc744 \uc783\uc5b4\ubc84\ub9ac\uac8c \ub41c\ub2e4.", "scoring_keyword": null, "ml_model_check": 1, "upload_check": 1}}, {"model": "mainpage.question", "pk": 58, "fields": {"category": 4, "question_name": "\ub3cb\ubcf4\uae30\ub85c \ubd99\ub294 \ubd88", "discription": "\uc9c0\ud6c8\uc774\ub294 \ub3cb\ubcf4\uae30\ub85c \ud587\ube5b\uc758 \ucd08\uc810\uc744 \ubaa8\uc73c\uba74 \uc885\uc774\uc5d0 \ubd88\uc774 \ubd99\uc744 \uc218 \uc788\ub2e4\ub294 \uc0ac\uc2e4\uc744 \uc54c\uac8c \ub418\uc5c8\uc2b5\ub2c8\ub2e4. \uc9c0\ud6c8\uc774\ub294 \uc5b4\ub5bb\uac8c \uadf8\ub7f0 \uc77c\uc774 \ubc1c\uc0dd\ud560 \uc218 \uc788\ub294\uc9c0 \uad81\uae08\ud574\uc11c \uacfc\ud559 \uc120\uc0dd\ub2d8\uaed8 \uc5ec\ucb48\uc5b4\ubcf4\uc558\uc2b5\ub2c8\ub2e4. \uc120\uc0dd\ub2d8\uaed8\uc11c\ub294 \ubd88\uc774 \ubd99\ub294 \uc870\uac74\uc774 \ub9cc\uc871\ub420 \uacbd\uc6b0\uc5d0\ub294 \uc9c1\uc811 \ubd88\uc744 \ubd99\uc774\uc9c0 \uc54a\uc544\ub3c4 \ubd88\uc774 \ubd99\uc744 \uc218 \uc788\ub2e4\uace0 \ub9d0\uc500\ud574\uc8fc\uc168\uc2b5\ub2c8\ub2e4. \uc5b4\ub5bb\uac8c \uc774\ub807\uac8c \uc2a4\uc2a4\ub85c \ubd88\uc774 \ub0a0 \uc218 \uc788\ub294 \uac83\uc77c\uae4c\uc694? \ubd88\uc774 \ubd99\ub294 \uc870\uac74\uc5d0 \ub300\ud55c \uacfc\ud559\uc801 \uc9c0\uc2dd\uc744 \ud65c\uc6a9\ud558\uc5ec \uc124\uba85\ud574\ubd05\uc2dc\ub2e4.", "answer": "\ub3cb\ubcf4\uae30\ub85c \ud587\ube5b\uc744 \ubaa8\uc73c\uba74 \ucd08\uc810 \ubd80\ubd84\uc5d0\uc11c \uc628\ub3c4\uac00 \ub192\uc544\uc9c0\uac8c \ub41c\ub2e4. \uc628\ub3c4\uac00 \ubc1c\ud654\uc810 \uc774\uc0c1\uc73c\ub85c \ub192\uc544\uc9c0\uba74 \uc2a4\uc2a4\ub85c \ubd88\uc774 \ubd99\uc744 \uc218 \uc788\ub2e4.", "image": "question/image/question_58.png", "hint": "\ubd88\uc774 \ubd99\ub294 \uc870\uac74\uc740 \uc628\ub3c4\uc640 \uad00\ub828\uc774 \uc788\uc2b5\ub2c8\ub2e4.", "made_date": "2020-08-06", "ques_concept": "\ubd88\uc774 \ubd99\uae30 \uc704\ud574\uc11c\ub294(\uc5f0\uc18c\ubc18\uc751\uc774 \uc2dc\uc791\ub418\uae30 \uc704\ud574\uc11c\ub294) \ubc1c\ud654\uc810 \uc774\uc0c1\uc758 \uc628\ub3c4\uac00 \ud544\uc694\ud558\ub2e4.", "scoring_keyword": null, "ml_model_check": 1, "upload_check": 1}}, {"model": "mainpage.question", "pk": 59, "fields": {"category": 4, "question_name": "\ubb3c\ub85c \ubd88\uc744 \ub044\ub294 \uc774\uc720", "discription": "\uc6b0\ub9ac\uac00 \ubd88\uc744 \ub04c \ub54c\uc5d0\ub294 \ub9ce\uc740 \uacbd\uc6b0 \ubb3c\uc744 \ubd80\uc5b4 \ub044\uac8c \ub429\ub2c8\ub2e4. \uadf8\ub7f0\ub370 \uc720\ubbf8\ub294 \uc65c \ud558\ud544 \ubb3c\ub85c \ubd88\uc744 \ub044\ub294 \uac83\uc778\uc9c0\uac00 \uad81\uae08\ud574\uc84c\uc2b5\ub2c8\ub2e4. \ubd88\uc774 \ub0ac\uc744 \ub54c\uc5d0 \ubb3c\uc744 \ubfcc\ub824\uc11c \ubd88\uc744 \ub044\ub294 \uc774\uc720\ub294 \ubb34\uc5c7\uc77c\uae4c\uc694?", "answer": "\ubd88\uc744 \ub044\uae30 \uc704\ud558\uc5ec \ubb3c\uc744 \ubfcc\ub9ac\uba74 \uc628\ub3c4\uac00 \ub0b4\ub824\uac00\uae30 \ub54c\ubb38\uc5d0 \ubd88\uc774 \uaebc\uc9c0\uac8c \ub41c\ub2e4. \uadf8\ub9ac\uace0 \uc21c\uac04\uc801\uc73c\ub85c \ubc1c\uc0dd\ud558\ub294 \uc218\uc99d\uae30\uac00 \uc0b0\uc18c\ub97c \ucc28\ub2e8\ud558\uc5ec \ubd88\uc774 \uaebc\uc9c0\uac8c \ub41c\ub2e4.", "image": "question/image/question_59.png", "hint": "\ubd88\uc774 \uacc4\uc18d \ubd99\uae30 \uc704\ud574\uc11c \ud544\uc694\ud55c \uc870\uac74\uc744 \uc0dd\uac01\ud574\ubd05\uc2dc\ub2e4.", "made_date": "2020-08-06", "ques_concept": "\ubd88\uc774 \uacc4\uc18d \ubd99\uae30 \uc704\ud574\uc11c\ub294 \uc801\uc808\ud55c \uc628\ub3c4\uac00 \uc720\uc9c0\ub418\uc5b4\uc57c \ud558\uace0, \uc0b0\uc18c\uac00 \uacc4\uc18d \uacf5\uae09\ub418\uc5b4\uc57c \ud55c\ub2e4.", "scoring_keyword": null, "ml_model_check": 1, "upload_check": 1}}, {"model": "mainpage.question", "pk": 60, "fields": {"category": 4, "question_name": "\uc774\uc628 \uc74c\ub8cc\uc758 \ub18d\ub3c4 \ube44\uad50", "discription": "\ubbfc\ud638\ub294 \uc774\uc628 \uc74c\ub8cc\ub97c \ub9cc\ub4e4 \uc218 \uc788\ub294 \uac00\ub8e8\ub97c \uc120\ubb3c\ubc1b\uc558\uc2b5\ub2c8\ub2e4. \uc138 \uac1c\uc758 \ub300\uc811\uc5d0 \uac19\uc740 \uc591\uc758 \ubb3c\uc744 \ub2f4\uace0 \uac00\ub8e8\ub97c \uac01\uac01 1\uc2a4\ud47c, 10\uc2a4\ud47c, 20\uc2a4\ud47c \ub123\uace0 \uc798 \uc800\uc5b4\uc8fc\uc5c8\uc2b5\ub2c8\ub2e4. \uadf8\ub7f0\ub370 \uc774\uc628 \uc74c\ub8cc\ub294 \ud22c\uba85\ud574\uc11c \uc138 \uac1c\uc758 \ub300\uc811 \uc911 \uc5b4\ub5a0\ud55c \uac83\uc5d0\uc11c \uc774\uc628 \uc74c\ub8cc\uac00 \uac00\uc7a5 \uc9c4\ud55c\uc9c0 \uad6c\ubcc4\ud558\uae30\uac00 \uc5b4\ub824\uc6e0\uc2b5\ub2c8\ub2e4.\u00a0\uac01\uac01\uc758 \ub300\uc811\uc5d0 \uc788\ub294 \uc774\uc628 \uc74c\ub8cc\uc758 \uc9c4\ud558\uae30\ub97c \ube44\uad50\ud558\ub824\uba74 \ub9db\ubcf4\uae30 \uc774\uc678\uc5d0 \uc5b4\ub5a4 \ubc29\ubc95\uc744 \uc0ac\uc6a9\ud560 \uc218 \uc788\uc744\uae4c\uc694?", "answer": "\uac19\uc740 \uc591\uc758 \ubb3c\uc5d0 \uc774\uc628 \uc74c\ub8cc \uac00\ub8e8\ub97c \ub9ce\uc774 \ub179\uc77c\uc218\ub85d \ubc00\ub3c4(\ube44\uc911)\uac00 \uc99d\uac00\ud558\uac8c \ub418\ubbc0\ub85c, \ube44\uc911\uacc4\ub97c \ud65c\uc6a9\ud558\uac70\ub098 \ubb3c\uc5d0 \ub728\ub294 \uc5ec\ub7ec \ubb3c\uc9c8\ub4e4\uc744 \ub123\uc5b4\uc11c \ub728\ub294 \uc815\ub3c4\ub97c \ube44\uad50\ud574\ubcf8\ub2e4. \ub610\ub294 \ub300\uc811\uc744 \uac00\uc5f4\ud558\uc5ec \uc11d\ucd9c\ub418\ub294 \uc815\ub3c4\ub97c \ube44\uad50\ud560 \uc218\ub3c4 \uc788\ub2e4.", "image": "question/image/question_60.png", "hint": "\uc774\uc628 \uc74c\ub8cc\uac00 \uc9c4\ud560\uc218\ub85d \ubc14\ub00c\uac8c \ub418\ub294 \uc6a9\uc561\uc758 \uc131\uc9c8\uc774 \uc788\uc2b5\ub2c8\ub2e4.", "made_date": "2020-08-06", "ques_concept": "\uac19\uc740 \uc591\uc758 \ubb3c(\uc6a9\ub9e4)\uc5d0 \uc774\uc628 \uc74c\ub8cc \uac00\ub8e8(\uc6a9\uc9c8)\ub97c \ub9ce\uc774 \ub179\uc77c\uc218\ub85d \uc6a9\uc561\uc758 \ubc00\ub3c4\uac00 \uc99d\uac00\ud55c\ub2e4.", "scoring_keyword": null, "ml_model_check": 1, "upload_check": 1}}, {"model": "mainpage.question", "pk": 61, "fields": {"category": 4, "question_name": "\ud558\ub298\uc5d0\uc11c \ud130\uc9c0\ub294 \ud48d\uc120", "discription": "\uc785\ud559\uc2dd \ub4f1\uc758 \ucd95\ud558 \ud589\uc0ac\uc5d0\uc11c\ub294 \ud5ec\ub968 \uac00\uc2a4\ub97c \ucc44\uc6b4 \ud48d\uc120\uc744 \ud558\ub298\ub85c \uc62c\ub824 \ubcf4\ub0c5\ub2c8\ub2e4. \uadf8\ub7f0\ub370 \uc774 \ud48d\uc120\uc740 \ub192\uc774 \uc62c\ub77c\uac08\uc218\ub85d \uc810\uc810 \ucee4\uc9c0\ub2e4\uac00, \ub108\ubb34 \ucee4\uc838\uc11c \ud48d\uc120\uc774 \uacac\ub514\uc9c0 \ubabb\ud558\uace0 \ud130\uc9c0\uac8c \ub429\ub2c8\ub2e4. \ud48d\uc120\uc774 \ud558\ub298 \ub192\uc774 \uc62c\ub77c\uac08\uc218\ub85d \ubd80\ud480\uc5b4 \uc624\ub974\ub294 \uc774\uc720\ub294 \ubb34\uc5c7\uc77c\uae4c\uc694?", "answer": "\ud5ec\ub968 \uac00\uc2a4\ub97c \ub2f4\uc740 \ud48d\uc120\uc774 \ub192\uc740 \uace0\ub3c4\uc5d0 \ub3c4\ub2ec\ud558\uba74, \uc8fc\ubcc0\uc758 \uacf5\uae30\uac00 \ud76c\ubc15\ud574\uc838\uc11c \uae30\uc555\uc774 \ub0ae\uc544\uc9c4\ub2e4.\u00a0\ubc14\uae65\uc758 \uae30\uc555(\uc555\ub825)\uc774 \ub0ae\uc544\uc9c0\uba74, \ud48d\uc120 \uc548\uc758 \uae30\uccb4\uc758 \ubd80\ud53c\uac00 \ucee4\uc838\uc11c \ud48d\uc120\uc774 \ud33d\ucc3d\ud55c\ub2e4. \uadf8\ub9ac\uace0 \ud33d\ucc3d\uc774 \uc9c0\uc18d\ub418\uba74 \ud48d\uc120\uc774 \ud130\uc9c4\ub2e4.", "image": "question/image/question_61.png", "hint": "\uc555\ub825\uacfc \uae30\uccb4\uc758 \ubd80\ud53c \uac04\uc758 \uad00\uacc4\ub97c \uc0dd\uac01\ud574\ubd05\uc2dc\ub2e4.", "made_date": "2020-08-06", "ques_concept": "\uace0\ub3c4\uac00 \ub192\uc740 \uacf3\uc5d0\uc11c\ub294 \uae30\uc555\uc774 \ub0ae\uc544\uc9c4\ub2e4. \uc555\ub825\uc774 \ub0ae\uc544\uc9c0\uba74 \uae30\uccb4\uc758 \ubd80\ud53c\uac00 \ucee4\uc9c4\ub2e4.", "scoring_keyword": null, "ml_model_check": 1, "upload_check": 1}}, {"model": "mainpage.question", "pk": 62, "fields": {"category": 4, "question_name": "\ud5ec\ub968 \ud48d\uc120\uc774 \ud130\uc9c0\ub294 \uc774\uc720", "discription": "\ub180\uc774\uacf5\uc6d0\uc5d0 \uac00\uba74 \ud5ec\ub968 \uac00\uc2a4\ub97c \ucc44\uc6b4 \ud48d\uc120\uc744 \ud314\uace0 \uc788\uc2b5\ub2c8\ub2e4. \uc774 \ud48d\uc120\uc744 \uac00\uc9c0\uace0 \uc788\ub2e4\uac00 \ud558\ub298\ub85c \uc62c\ub824\ubcf4\ub0b4\uba74, \ud48d\uc120\uc774 \ub192\uc774 \uc62c\ub77c\uac08\uc218\ub85d \uc810\uc810 \ucee4\uc9c0\ub2e4\uac00 \ub9c8\uce68\ub0b4\ub294 \ud130\uc9c0\uac8c \ub429\ub2c8\ub2e4. \ud48d\uc120\uc774 \ud558\ub298 \ub192\uc774 \uc62c\ub77c\uac08\uc218\ub85d \ubd80\ud480\uc5b4 \uc624\ub974\ub294 \uc774\uc720\ub294 \ubb34\uc5c7\uc77c\uae4c\uc694?", "answer": "\ud5ec\ub968 \uac00\uc2a4\ub97c \ub2f4\uc740 \ud48d\uc120\uc774 \ub192\uc740 \uace0\ub3c4\uc5d0 \ub3c4\ub2ec\ud558\uba74, \uc8fc\ubcc0\uc758 \uacf5\uae30\uac00 \ud76c\ubc15\ud574\uc838\uc11c \uae30\uc555\uc774 \ub0ae\uc544\uc9c4\ub2e4.\u00a0\ubc14\uae65\uc758 \uae30\uc555(\uc555\ub825)\uc774 \ub0ae\uc544\uc9c0\uba74, \ud48d\uc120 \uc548\uc758 \uae30\uccb4\uc758 \ubd80\ud53c\uac00 \ucee4\uc838\uc11c \ud48d\uc120\uc774 \ud33d\ucc3d\ud55c\ub2e4. \uadf8\ub9ac\uace0 \ud33d\ucc3d\uc774 \uc9c0\uc18d\ub418\uba74 \ud48d\uc120\uc774 \ud130\uc9c4\ub2e4.", "image": "question/image/question_62.png", "hint": "\uc555\ub825\uacfc \uae30\uccb4\uc758 \ubd80\ud53c \uac04\uc758 \uad00\uacc4\ub97c \uc0dd\uac01\ud574\ubd05\uc2dc\ub2e4.", "made_date": "2020-08-06", "ques_concept": "\uace0\ub3c4\uac00 \ub192\uc740 \uacf3\uc5d0\uc11c\ub294 \uae30\uc555\uc774 \ub0ae\uc544\uc9c4\ub2e4. \uc555\ub825\uc774 \ub0ae\uc544\uc9c0\uba74 \uae30\uccb4\uc758 \ubd80\ud53c\uac00 \ucee4\uc9c4\ub2e4", "scoring_keyword": null, "ml_model_check": 1, "upload_check": 1}}, {"model": "mainpage.question", "pk": 63, "fields": {"category": 4, "question_name": "\ub0c9\uc7a5\uace0 \uc548\uc758 \uc96c\uc2a4\ubcd1", "discription": "\uc815\uc724\uc774\ub294 \uc96c\uc2a4\ub97c \ub9c8\uc2dc\uace0 \ub09c \ub2e4\uc74c\uc5d0 \ubcd1 \ub69c\uaed1\uc744 \ub2eb\uace0 \ub0c9\uc7a5\uace0\uc5d0 \ub2e4\uc2dc \ub123\uc5b4\ub450\uc5c8\uc2b5\ub2c8\ub2e4. \ub098\uc911\uc5d0 \ub2e4\uc2dc \uc96c\uc2a4\ub97c \ub9c8\uc2dc\ub824\uace0 \ub0c9\uc7a5\uace0\ub97c \ub2e4\uc2dc \uc5f4\uc5c8\ub294\ub370 \ud50c\ub77c\uc2a4\ud2f1 \ubcd1\uc774 \uc870\uae08 \ucc0c\uadf8\ub7ec\uc9c4 \uc0c1\ud0dc\uc600\uc2b5\ub2c8\ub2e4. \ub0c9\uc7a5\uace0 \uc548\uc5d0\uc11c \ud50c\ub77c\uc2a4\ud2f1 \ubcd1\uc774 \ucc0c\uadf8\ub7ec\uc9c0\uac8c \ub41c \uc774\uc720\ub294 \ubb34\uc5c7\uc77c\uae4c\uc694? \uc555\ub825\uacfc \uc628\ub3c4\uc5d0 \ub530\ub978 \uae30\uccb4\uc758 \ubd80\ud53c \ubcc0\ud654\uc5d0 \uad00\ud55c \uc9c0\uc2dd\uc744 \ud65c\uc6a9\ud558\uc5ec \uc124\uba85\ud574\ubd05\uc2dc\ub2e4.", "answer": "\ud50c\ub77c\uc2a4\ud2f1 \uc96c\uc2a4\ubcd1\uc744 \ub0c9\uc7a5\uace0\uc5d0 \ub123\uc73c\uba74, \ud398\ud2b8\ubcd1 \uc548\uc758 \uae30\uccb4\uc758 \uc628\ub3c4\uac00 \ub0ae\uc544\uc9c4\ub2e4. \uae30\uccb4\uc758 \uc628\ub3c4\uac00 \ub0ae\uc544\uc9c0\uba74 \ubd80\ud53c\uac00 \uc904\uc5b4\ub4e4\uac8c \ub41c\ub2e4. \uadf8\ub7ec\ubbc0\ub85c \ud50c\ub77c\uc2a4\ud2f1 \ubcd1\uc774 \ucc0c\uadf8\ub7ec\uc9c4\ub2e4.", "image": "question/image/question_63.png", "hint": "\uae30\uccb4\uc758 \uc628\ub3c4\uc640 \ubd80\ud53c\uc758 \uad00\uacc4\ub97c \uc0dd\uac01\ud574\ubd05\uc2dc\ub2e4.", "made_date": "2020-08-06", "ques_concept": "\uae30\uccb4\uc758 \uc628\ub3c4\uac00 \ub0ae\uc544\uc9c0\uba74 \ubd80\ud53c\uac00 \uc904\uc5b4\ub4e0\ub2e4.", "scoring_keyword": null, "ml_model_check": 1, "upload_check": 1}}, {"model": "mainpage.question", "pk": 64, "fields": {"category": 4, "question_name": "\ubb3c\ub180\uc774\ub85c \ub354\uc704 \ucad3\uae30", "discription": "\uc8fc\uc6d0\uc774\ub294 \uc5ec\ub984 \ud53c\uc11c\ub85c \ub3d9\ud574\uc548\uc744 \ub2e4\ub140\uc654\uc2b5\ub2c8\ub2e4. \uac00\uc871\ub4e4\uacfc \uc2e0\ub098\uac8c \ubb3c\ub180\uc774\ub97c \ud558\ub2e4\uac00 \ubc16\uc73c\ub85c \ub098\uc624\ub2c8 \ubab8\uc774 \ucda5\uac8c \ub290\uaef4\uc84c\uc2b5\ub2c8\ub2e4. \ub354\uc6b4 \uc5ec\ub984\ub0a0\uc5d0\ub3c4 \ubb3c\ub180\uc774\ub97c \ud558\uba74 \ucda5\uac8c \ub290\uaef4\uc9c0\ub294 \uc774\uc720\ub294 \ubb34\uc5c7\uc77c\uae4c\uc694? \ubb3c\uc9c8\uc758 \uc0c1\ud0dc\ubcc0\ud654\uc640 \uad00\ub828\uc9c0\uc5b4 \uc124\uba85\ud574\ubd05\uc2dc\ub2e4", "answer": "\ubc14\ub2f7\ubb3c\uc774 \ud53c\ubd80 \uc704\uc5d0\uc11c \uc99d\ubc1c\ud558\uba74\uc11c \uae30\ud654\uc5f4\uc744 \ud761\uc218\ud55c\ub2e4. \uc774\ub85c \uc778\ud574 \uc5f4\uc744 \ube7c\uc557\uae34 \ud53c\ubd80\uc5d0\uc11c \uc2dc\uc6d0\ud568\uc774 \ub290\uaef4\uc9c4\ub2e4.", "image": "question/image/question_64.png", "hint": "\ubc14\ub2f7\ubb3c\uc774 \ud53c\ubd80 \uc704\uc5d0\uc11c \ub9c8\ub985\ub2c8\ub2e4.", "made_date": "2020-08-06", "ques_concept": "\ubc14\ub2f7\ubb3c \ub4f1\uc758 \uc561\uccb4\uac00 \uc99d\ubc1c\ud560 \ub54c \uae30\ud654\uc5f4\uc744 \ud761\uc218\ud55c\ub2e4.", "scoring_keyword": null, "ml_model_check": 1, "upload_check": 1}}, {"model": "mainpage.studysolvedata", "pk": 1, "fields": {"question": 1, "school": "\ucd08\ub4f1\ud559\uad50", "gender": "\ub0a8", "response": "\ud30c\ub780\uc0c9 \uc804\uad6c\ub4e4\uacfc \ube68\uac04\uc0c9 \uc804\uad6c\ub4e4\uc740 \ubcd1\ub82c\ub85c \uc5f0\uacb0\ub418\uc5b4 \ud30c\ub780\uc0c9 \uc804\uad6c \ud558\ub098\uac00 \uace0\uc7a5\ub098\ub354\ub77c\ub3c4 \ubcd1\ub82c\ub85c \uc5f0\uacb0\ub41c \ub2e4\ub978 \uc904\uc758 \ube68\uac04\uc0c9 \uc804\uad6c\ub4e4\uc5d0\ub294 \uc804\ub958\uac00 \ud750\ub97c \uc218 \uc788\uc5c8\uae30 \ub54c\ubb38\uc774\ub2e4.", "score": "0.00", "submit_date": "2020-04-11"}}, {"model": "mainpage.studysolvedata", "pk": 2, "fields": {"question": 2, "school": "\uc911\ud559\uad50", "gender": "\uc5ec", "response": "\uc561\uccb4\uc5d0\uc11c\ub294 \ub530\ub73b\ud55c \uc561\uccb4\uac00 \uc704\ub85c \uc62c\ub77c\uac00\uace0, \ucc28\uac00\uc6b4 \uc561\uccb4\uac00 \uc544\ub798\ub85c \ub0b4\ub824\uac00\uba70 \uc5f4\uc774 \uc804\ub2ec\ub41c\ub2e4. \uadf8\ub7ec\ubbc0\ub85c \ub728\uac70\uc6b4 \ubb3c\uc744 \uba3c\uc800 \ud2b9\uace0 \ub098\uc911\uc5d0 \ucc28\uac00\uc6b4 \ubb3c\uc744 \ud2c0\uc5b4\uc57c \uc544\ub798\uc5d0 \uc788\ub294 \ub728\uac70\uc6b4 \ubb3c\uc774 \uc704\ub85c \uc62c\ub77c\uac00\uba74\uc11c \ub728\uac70\uc6b4 \ubb3c\uacfc \ucc28\uac00\uc6b4 \ubb3c\uc774 \uace8\uace0\ub8e8 \uc11e\uc77c \uc218 \uc788\uac8c \ub41c\ub2e4.", "score": "2.00", "submit_date": "2020-04-12"}}, {"model": "mainpage.studysolvedata", "pk": 3, "fields": {"question": 3, "school": "\ucd08\ub4f1\ud559\uad50", "gender": "\ub0a8", "response": "\ubb3c\uc9c8\uc758 \uc0c1\ud0dc\uac00 \ubcc0\ud560 \ub54c \ubb3c\uc9c8\uc744 \uc774\ub8e8\ub294 \uc785\uc790\uc758 \uc885\ub958\uc640 \uac1c\uc218\ub294 \ubcc0\ud558\uc9c0 \uc54a\uace0 \uc785\uc790\uc758 \ubc30\uc5f4\ub9cc \ub2ec\ub77c\uc9d1\ub2c8\ub2e4.", "score": "1.00", "submit_date": "2020-04-12"}}, {"model": "mainpage.studysolvedata", "pk": 4, "fields": {"question": 4, "school": "\uace0\ub4f1\ud559\uad50", "gender": "\uc5ec", "response": "\ub098\ub77c\ub9c8\ub2e4 \uac00\uc9c4 \uc790\uc6d0\uc774 \ub2e4\ub974\uae30 \ub54c\ubb38\uc785\ub2c8\ub2e4.", "score": "3.00", "submit_date": "2020-04-14"}}, {"model": "mainpage.studysolvedata", "pk": 5, "fields": {"question": 5, "school": "\uace0\ub4f1\ud559\uad50", "gender": "\ub0a8", "response": "\uc2dd\ubb3c\uc758 \ubfcc\ub9ac\ub294 \uc2dd\ubb3c\uccb4\ub97c \uc9c0\uc9c0 \ubc0f \uace0\uc815\ud574\uc8fc\ub294 \uc5ed\ud560, \uc591\ubd84\uc744 \uc800\uc7a5\ud558\ub294 \uc5ed\ud560, \ud1a0\uc591\uc18d\uc758 \ubb3c\uacfc \ubb34\uae30\uc5fc\ub958\ub97c \uc2dd\ubb3c\uccb4\ub85c \uc774\ub3d9\uc2dc\ud0a4\ub294 \uc5ed\ud560\uc744 \ud55c\ub2e4. ", "score": "1.00", "submit_date": "2020-04-15"}}, {"model": "mainpage.studysolvedata", "pk": 6, "fields": {"question": 1, "school": "\ucd08\ub4f1\ud559\uad50", "gender": "\ub0a8", "response": "\ubb3c\uc9c8\uc758 \uc0c1\ud0dc\uac00 \ubcc0\ud560 \ub54c \ubb3c\uc9c8\uc744 \uc774\ub8e8\ub294 \uc785\uc790\uc758 \uc885\ub958\uc640 \uac1c\uc218\ub294 \ubcc0\ud558\uc9c0 \uc54a\uace0 \uc785\uc790\uc758 \ubc30\uc5f4\ub9cc \ub2ec\ub77c\uc9d1\ub2c8\ub2e4.", "score": "1.00", "submit_date": "2020-05-01"}}, {"model": "mainpage.studysolvedata", "pk": 7, "fields": {"question": 2, "school": "\uc911\ud559\uad50", "gender": "\uc5ec", "response": "\ub098\ub77c\ub9c8\ub2e4 \uac00\uc9c4 \uc790\uc6d0\uc774 \ub2e4\ub974\uae30 \ub54c\ubb38\uc785\ub2c8\ub2e4.", "score": "3.00", "submit_date": "2020-05-02"}}, {"model": "mainpage.studysolvedata", "pk": 8, "fields": {"question": 3, "school": "\ucd08\ub4f1\ud559\uad50", "gender": "\ub0a8", "response": "\uc2dd\ubb3c\uc758 \ubfcc\ub9ac\ub294 \uc2dd\ubb3c\uccb4\ub97c \uc9c0\uc9c0 \ubc0f \uace0\uc815\ud574\uc8fc\ub294 \uc5ed\ud560, \uc591\ubd84\uc744 \uc800\uc7a5\ud558\ub294 \uc5ed\ud560, \ud1a0\uc591\uc18d\uc758 \ubb3c\uacfc \ubb34\uae30\uc5fc\ub958\ub97c \uc2dd\ubb3c\uccb4\ub85c \uc774\ub3d9\uc2dc\ud0a4\ub294 \uc5ed\ud560\uc744 \ud55c\ub2e4. ", "score": "1.00", "submit_date": "2020-05-03"}}, {"model": "mainpage.studysolvedata", "pk": 9, "fields": {"question": 4, "school": "\uace0\ub4f1\ud559\uad50", "gender": "\uc5ec", "response": "\ub098\ub77c\ub9c8\ub2e4 \uac00\uc9c4 \uc790\uc6d0\uc774 \ub2e4\ub974\uae30 \ub54c\ubb38\uc785\ub2c8\ub2e4.", "score": "3.00", "submit_date": "2020-05-04"}}, {"model": "mainpage.studysolvedata", "pk": 10, "fields": {"question": 5, "school": "\uace0\ub4f1\ud559\uad50", "gender": "\ub0a8", "response": "\uc2dd\ubb3c\uc758 \ubfcc\ub9ac\ub294 \uc2dd\ubb3c\uccb4\ub97c \uc9c0\uc9c0 \ubc0f \uace0\uc815\ud574\uc8fc\ub294 \uc5ed\ud560, \uc591\ubd84\uc744 \uc800\uc7a5\ud558\ub294 \uc5ed\ud560, \ud1a0\uc591\uc18d\uc758 \ubb3c\uacfc \ubb34\uae30\uc5fc\ub958\ub97c \uc2dd\ubb3c\uccb4\ub85c \uc774\ub3d9\uc2dc\ud0a4\ub294 \uc5ed\ud560\uc744 \ud55c\ub2e4. ", "score": "1.00", "submit_date": "2020-05-05"}}, {"model": "mainpage.keyword", "pk": 1, "fields": {"question": 1, "keyword_name": "\uc804\uae30\ud68c\ub85c"}}, {"model": "mainpage.keyword", "pk": 2, "fields": {"question": 1, "keyword_name": "\uc804\ub958"}}, {"model": "mainpage.keyword", "pk": 3, "fields": {"question": 1, "keyword_name": "\uc800\ud56d"}}, {"model": "mainpage.keyword", "pk": 4, "fields": {"question": 1, "keyword_name": "\uc804\uae30\uc758 \uc774\uc6a9"}}, {"model": "mainpage.keyword", "pk": 5, "fields": {"question": 1, "keyword_name": "\uc804\uae30\uc640 \uc790\uae30"}}, {"model": "mainpage.keyword", "pk": 6, "fields": {"question": 2, "keyword_name": "\uc628\ub3c4"}}, {"model": "mainpage.keyword", "pk": 7, "fields": {"question": 2, "keyword_name": "\ub300\ub958"}}, {"model": "mainpage.keyword", "pk": 8, "fields": {"question": 2, "keyword_name": "\uc5f4\uc758 \uc774\ub3d9 \ubc29\uc2dd"}}, {"model": "mainpage.keyword", "pk": 9, "fields": {"question": 2, "keyword_name": "\uc628\ub3c4\uc640 \uc5f4"}}, {"model": "mainpage.keyword", "pk": 10, "fields": {"question": 2, "keyword_name": "\uc5f4\uacfc \uc6b0\ub9ac \uc0dd\ud65c"}}, {"model": "mainpage.keyword", "pk": 11, "fields": {"question": 3, "keyword_name": "\ubb3c\uc9c8\uc758 \uc0c1\ud0dc"}}, {"model": "mainpage.keyword", "pk": 12, "fields": {"question": 3, "keyword_name": "\uc785\uc790 \ubc30\uc5f4"}}, {"model": "mainpage.keyword", "pk": 13, "fields": {"question": 4, "keyword_name": "\ubb34\uc5ed"}}, {"model": "mainpage.keyword", "pk": 14, "fields": {"question": 4, "keyword_name": "\uc218\ucd9c"}}, {"model": "mainpage.keyword", "pk": 15, "fields": {"question": 4, "keyword_name": "\uc218\uc785"}}, {"model": "mainpage.keyword", "pk": 16, "fields": {"question": 4, "keyword_name": "\uacbd\uc81c\uc801 \uad50\ub958"}}, {"model": "mainpage.keyword", "pk": 17, "fields": {"question": 5, "keyword_name": "\uc2dd\ubaa9\uc77c"}}, {"model": "mainpage.keyword", "pk": 18, "fields": {"question": 5, "keyword_name": "\uc2dd\ubb3c"}}, {"model": "mainpage.keyword", "pk": 19, "fields": {"question": 5, "keyword_name": "\ub098\ubb34"}}, {"model": "mainpage.keyword", "pk": 20, "fields": {"question": 5, "keyword_name": "\ubfcc\ub9ac"}}, {"model": "mainpage.keyword", "pk": 21, "fields": {"question": 5, "keyword_name": "\uae30\ub2a5"}}, {"model": "mainpage.keyword", "pk": 22, "fields": {"question": 6, "keyword_name": "\uc2dd\ubb3c"}}, {"model": "mainpage.keyword", "pk": 23, "fields": {"question": 6, "keyword_name": "\ub098\ubb34"}}, {"model": "mainpage.keyword", "pk": 24, "fields": {"question": 6, "keyword_name": "\ubfcc\ub9ac"}}, {"model": "mainpage.keyword", "pk": 25, "fields": {"question": 7, "keyword_name": "\uc0dd\ubb3c\ub2e4\uc591\uc131\uc758 \ub0a0"}}, {"model": "mainpage.keyword", "pk": 26, "fields": {"question": 7, "keyword_name": "\uc0dd\ud0dc\uacc4"}}, {"model": "mainpage.keyword", "pk": 27, "fields": {"question": 7, "keyword_name": "\uba39\uc774\uc0ac\uc2ac"}}, {"model": "mainpage.keyword", "pk": 28, "fields": {"question": 8, "keyword_name": "\ub2e8\uc5f4\ud33d\ucc3d"}}, {"model": "mainpage.keyword", "pk": 29, "fields": {"question": 8, "keyword_name": "\uad6c\ub984\uc0dd\uc131"}}, {"model": "mainpage.keyword", "pk": 30, "fields": {"question": 8, "keyword_name": "\uae30\uc555"}}, {"model": "mainpage.keyword", "pk": 31, "fields": {"question": 8, "keyword_name": "\uc628\ub3c4\ubcc0\ud654"}}, {"model": "mainpage.keyword", "pk": 32, "fields": {"question": 8, "keyword_name": "\uc218\uc99d\uae30"}}, {"model": "mainpage.keyword", "pk": 33, "fields": {"question": 8, "keyword_name": "\uc751\uacb0"}}, {"model": "mainpage.keyword", "pk": 34, "fields": {"question": 9, "keyword_name": "\uc9c0\uad6c \uc790\uc804"}}, {"model": "mainpage.keyword", "pk": 35, "fields": {"question": 9, "keyword_name": "\uc77c\uc8fc\uc6b4\ub3d9"}}, {"model": "mainpage.keyword", "pk": 36, "fields": {"question": 9, "keyword_name": "\ub0ae\uacfc \ubc24"}}, {"model": "mainpage.keyword", "pk": 37, "fields": {"question": 9, "keyword_name": "\ud0dc\uc591"}}, {"model": "mainpage.keyword", "pk": 38, "fields": {"question": 10, "keyword_name": "\uc800\uae30\uc555"}}, {"model": "mainpage.keyword", "pk": 39, "fields": {"question": 10, "keyword_name": "\ub0a0\uc528"}}, {"model": "mainpage.keyword", "pk": 40, "fields": {"question": 10, "keyword_name": "\uae30\ub958"}}, {"model": "mainpage.keyword", "pk": 41, "fields": {"question": 10, "keyword_name": "\ub2e8\uc5f4\ud33d\ucc3d"}}, {"model": "mainpage.keyword", "pk": 42, "fields": {"question": 10, "keyword_name": "\uc751\uacb0"}}, {"model": "mainpage.keyword", "pk": 43, "fields": {"question": 11, "keyword_name": "\uc2e0\ub77c"}}, {"model": "mainpage.keyword", "pk": 44, "fields": {"question": 11, "keyword_name": "\uc0bc\uad6d\ud1b5\uc77c"}}, {"model": "mainpage.keyword", "pk": 45, "fields": {"question": 11, "keyword_name": "\ub098\ub2f9\uc5f0\ud569"}}, {"model": "mainpage.keyword", "pk": 46, "fields": {"question": 12, "keyword_name": "\uae30\uccb4 \ubd84\uc790\uc758 \uc6b4\ub3d9"}}, {"model": "mainpage.keyword", "pk": 47, "fields": {"question": 12, "keyword_name": "\uc5f4\uc5d0 \ub530\ub978 \uc785\uc790\uc758 \uc6b4\ub3d9"}}, {"model": "mainpage.keyword", "pk": 48, "fields": {"question": 13, "keyword_name": "\uc628\ub3c4"}}, {"model": "mainpage.keyword", "pk": 49, "fields": {"question": 13, "keyword_name": "\ub2e8\uc5f4"}}, {"model": "mainpage.keyword", "pk": 50, "fields": {"question": 13, "keyword_name": "\uc628\ub3c4\uc640 \uc5f4"}}, {"model": "mainpage.keyword", "pk": 51, "fields": {"question": 13, "keyword_name": "\uc5f4\uacfc \uc6b0\ub9ac \uc0dd\ud65c"}}, {"model": "mainpage.keyword", "pk": 52, "fields": {"question": 14, "keyword_name": "\uc785\uc790\uc758 \uc6b4\ub3d9"}}, {"model": "mainpage.keyword", "pk": 53, "fields": {"question": 14, "keyword_name": "\uae30\uce58 \ubd84\uc790 \uc6b4\ub3d9\ub860"}}, {"model": "mainpage.keyword", "pk": 54, "fields": {"question": 14, "keyword_name": "\ud655\uc0b0"}}, {"model": "mainpage.keyword", "pk": 55, "fields": {"question": 15, "keyword_name": "\uc99d\ubc1c"}}, {"model": "mainpage.keyword", "pk": 56, "fields": {"question": 15, "keyword_name": "\uc0b0"}}, {"model": "mainpage.keyword", "pk": 57, "fields": {"question": 15, "keyword_name": "\uc5fc\uae30"}}, {"model": "mainpage.keyword", "pk": 58, "fields": {"question": 15, "keyword_name": "\uc0b0\uc5fc\uae30 \ubc18\uc751"}}, {"model": "mainpage.keyword", "pk": 59, "fields": {"question": 15, "keyword_name": "\uc911\ud654\ubc18\uc751"}}, {"model": "mainpage.keyword", "pk": 60, "fields": {"question": 16, "keyword_name": "\uc815\ubcf4 \uc0ac\ud68c"}}, {"model": "mainpage.keyword", "pk": 61, "fields": {"question": 16, "keyword_name": "\ubb38\uc81c\uc810"}}, {"model": "mainpage.keyword", "pk": 62, "fields": {"question": 17, "keyword_name": "\uc0dd\ubb3c\ub2e4\uc591\uc131"}}, {"model": "mainpage.keyword", "pk": 63, "fields": {"question": 17, "keyword_name": "\uba78\uc885"}}, {"model": "mainpage.keyword", "pk": 64, "fields": {"question": 17, "keyword_name": "\uc0dd\ubb3c\uc885"}}, {"model": "mainpage.keyword", "pk": 65, "fields": {"question": 17, "keyword_name": "\uae30\ud6c4\ubcc0\ud654"}}, {"model": "mainpage.keyword", "pk": 66, "fields": {"question": 17, "keyword_name": "\uc11c\uc2dd\uc9c0"}}, {"model": "mainpage.keyword", "pk": 67, "fields": {"question": 18, "keyword_name": "\uace0\ub824"}}, {"model": "mainpage.keyword", "pk": 68, "fields": {"question": 18, "keyword_name": "\ubb34\uc5ed"}}, {"model": "mainpage.keyword", "pk": 69, "fields": {"question": 18, "keyword_name": "\ubd88\uad50"}}, {"model": "mainpage.keyword", "pk": 70, "fields": {"question": 19, "keyword_name": "\uc804\uae30 \ud68c\ub85c"}}, {"model": "mainpage.keyword", "pk": 71, "fields": {"question": 19, "keyword_name": "\uc804\uc790\uc11d"}}, {"model": "mainpage.keyword", "pk": 72, "fields": {"question": 19, "keyword_name": "\uc804\ub958"}}, {"model": "mainpage.keyword", "pk": 73, "fields": {"question": 19, "keyword_name": "\uc804\uae30\uc758 \uc774\ub3d9"}}, {"model": "mainpage.keyword", "pk": 74, "fields": {"question": 19, "keyword_name": "\uc804\uae30\uc640 \uc790\uae30"}}, {"model": "mainpage.keyword", "pk": 75, "fields": {"question": 20, "keyword_name": "\ubc1c\ud654\uc810"}}, {"model": "mainpage.keyword", "pk": 76, "fields": {"question": 20, "keyword_name": "\uc628\ub3c4"}}, {"model": "mainpage.keyword", "pk": 77, "fields": {"question": 20, "keyword_name": "\uc5f0\uc18c \ubc18\uc751"}}, {"model": "mainpage.keyword", "pk": 78, "fields": {"question": 21, "keyword_name": "\ud654\uc7ac"}}, {"model": "mainpage.keyword", "pk": 79, "fields": {"question": 21, "keyword_name": "\uc5f0\uc18c \ubc18\uc751"}}, {"model": "mainpage.keyword", "pk": 80, "fields": {"question": 21, "keyword_name": "\uc18c\ud654"}}, {"model": "mainpage.keyword", "pk": 81, "fields": {"question": 21, "keyword_name": "\uc2a4\ud504\ub9c1\ud074\ub7ec"}}, {"model": "mainpage.keyword", "pk": 82, "fields": {"question": 22, "keyword_name": "\uae30\ubcf8\uad8c"}}, {"model": "mainpage.keyword", "pk": 83, "fields": {"question": 22, "keyword_name": "\ucc38\uc815\uad8c"}}, {"model": "mainpage.keyword", "pk": 84, "fields": {"question": 22, "keyword_name": "\ud3c9\ub4f1\uad8c"}}, {"model": "mainpage.keyword", "pk": 85, "fields": {"question": 23, "keyword_name": "\uc0bc\uc2ec\uc81c"}}, {"model": "mainpage.keyword", "pk": 86, "fields": {"question": 23, "keyword_name": "\uc7ac\ud310"}}, {"model": "mainpage.keyword", "pk": 87, "fields": {"question": 23, "keyword_name": "\uacf5\uc815\uc131"}}, {"model": "mainpage.keyword", "pk": 88, "fields": {"question": 24, "keyword_name": "\uad8c\ub825 \ubd84\ub9bd(\uc0bc\uad8c \ubd84\ub9bd)"}}, {"model": "mainpage.keyword", "pk": 89, "fields": {"question": 24, "keyword_name": "\uc785\ubc95\ubd80"}}, {"model": "mainpage.keyword", "pk": 90, "fields": {"question": 24, "keyword_name": "\ud589\uc815\ubd80"}}, {"model": "mainpage.keyword", "pk": 91, "fields": {"question": 24, "keyword_name": "\uc0ac\ubc95\ubd80"}}, {"model": "mainpage.keyword", "pk": 92, "fields": {"question": 25, "keyword_name": "\uad8c\ub825 \ubd84\ub9bd"}}, {"model": "mainpage.keyword", "pk": 93, "fields": {"question": 25, "keyword_name": "\uc0bc\uad8c \ubd84\ub9bd"}}, {"model": "mainpage.keyword", "pk": 94, "fields": {"question": 25, "keyword_name": "\ubbfc\uc8fc\uc8fc\uc758"}}, {"model": "mainpage.keyword", "pk": 95, "fields": {"question": 26, "keyword_name": "\uc6a9\ud574"}}, {"model": "mainpage.keyword", "pk": 96, "fields": {"question": 26, "keyword_name": "\uc6a9\uc9c8"}}, {"model": "mainpage.keyword", "pk": 97, "fields": {"question": 26, "keyword_name": "\uc6a9\ub9e4"}}, {"model": "mainpage.keyword", "pk": 98, "fields": {"question": 26, "keyword_name": "\uc8fc\uc2a4\uac00\ub8e8"}}, {"model": "mainpage.keyword", "pk": 99, "fields": {"question": 27, "keyword_name": "\uc6a9\ud574"}}, {"model": "mainpage.keyword", "pk": 100, "fields": {"question": 27, "keyword_name": "\uc6a9\uc9c8"}}, {"model": "mainpage.keyword", "pk": 101, "fields": {"question": 27, "keyword_name": "\uc6a9\ub9e4"}}, {"model": "mainpage.keyword", "pk": 102, "fields": {"question": 27, "keyword_name": "\uc18c\uae08\ubb3c"}}, {"model": "mainpage.keyword", "pk": 103, "fields": {"question": 28, "keyword_name": "\uc6a9\ud574"}}, {"model": "mainpage.keyword", "pk": 104, "fields": {"question": 28, "keyword_name": "\uc6a9\uc9c8"}}, {"model": "mainpage.keyword", "pk": 105, "fields": {"question": 28, "keyword_name": "\uc6a9\ub9e4"}}, {"model": "mainpage.keyword", "pk": 106, "fields": {"question": 28, "keyword_name": "\uc6a9\uc561"}}, {"model": "mainpage.keyword", "pk": 107, "fields": {"question": 28, "keyword_name": "\uc124\ud0d5\ubb3c"}}, {"model": "mainpage.keyword", "pk": 108, "fields": {"question": 28, "keyword_name": "\ube44\uc911\uacc4"}}, {"model": "mainpage.keyword", "pk": 109, "fields": {"question": 28, "keyword_name": "\ubc00\ub3c4 \ube44\uad50"}}, {"model": "mainpage.keyword", "pk": 110, "fields": {"question": 29, "keyword_name": "\uace0\ub3c4"}}, {"model": "mainpage.keyword", "pk": 111, "fields": {"question": 29, "keyword_name": "\uae30\uc555"}}, {"model": "mainpage.keyword", "pk": 112, "fields": {"question": 29, "keyword_name": "\uc555\ub825"}}, {"model": "mainpage.keyword", "pk": 113, "fields": {"question": 30, "keyword_name": "\uace0\ub3c4"}}, {"model": "mainpage.keyword", "pk": 114, "fields": {"question": 30, "keyword_name": "\uae30\uc555"}}, {"model": "mainpage.keyword", "pk": 115, "fields": {"question": 30, "keyword_name": "\uc555\ub825"}}, {"model": "mainpage.keyword", "pk": 116, "fields": {"question": 31, "keyword_name": "\uae30\uccb4\uc758 \uc628\ub3c4\uc640 \ubd80\ud53c"}}, {"model": "mainpage.keyword", "pk": 117, "fields": {"question": 31, "keyword_name": "\ub0c9\uc7a5\uace0"}}, {"model": "mainpage.keyword", "pk": 118, "fields": {"question": 31, "keyword_name": "\ud398\ud2b8\ubcd1"}}, {"model": "mainpage.keyword", "pk": 119, "fields": {"question": 32, "keyword_name": "\uc628\ub3c4"}}, {"model": "mainpage.keyword", "pk": 120, "fields": {"question": 32, "keyword_name": "\uc804\ub3c4"}}, {"model": "mainpage.keyword", "pk": 121, "fields": {"question": 32, "keyword_name": "\uc5f4\uc758 \uc774\ub3d9 \ubc29\uc2dd"}}, {"model": "mainpage.keyword", "pk": 122, "fields": {"question": 32, "keyword_name": "\uc5f4\ud3c9\ud615"}}, {"model": "mainpage.keyword", "pk": 123, "fields": {"question": 32, "keyword_name": "\uc628\ub3c4\uc640 \uc5f4"}}, {"model": "mainpage.keyword", "pk": 124, "fields": {"question": 32, "keyword_name": "\uc5f4\uacfc \uc6b0\ub9ac \uc0dd\ud65c"}}, {"model": "mainpage.keyword", "pk": 125, "fields": {"question": 33, "keyword_name": "\uc628\ub3c4"}}, {"model": "mainpage.keyword", "pk": 126, "fields": {"question": 33, "keyword_name": "\uc804\ub3c4"}}, {"model": "mainpage.keyword", "pk": 127, "fields": {"question": 33, "keyword_name": "\uc5f4\uc758 \uc774\ub3d9\ubc29\uc2dd"}}, {"model": "mainpage.keyword", "pk": 128, "fields": {"question": 33, "keyword_name": "\uc5f4\ud3c9\ud615"}}, {"model": "mainpage.keyword", "pk": 129, "fields": {"question": 33, "keyword_name": "\uc628\ub3c4\uc640 \uc5f4"}}, {"model": "mainpage.keyword", "pk": 130, "fields": {"question": 33, "keyword_name": "\uc5f4\uacfc \uc6b0\ub9ac \uc0dd\ud65c"}}, {"model": "mainpage.keyword", "pk": 131, "fields": {"question": 34, "keyword_name": "\ubc14\ub78c"}}, {"model": "mainpage.keyword", "pk": 132, "fields": {"question": 34, "keyword_name": "\uae30\uc555"}}, {"model": "mainpage.keyword", "pk": 133, "fields": {"question": 34, "keyword_name": "\uc628\ub3c4\ucc28"}}, {"model": "mainpage.keyword", "pk": 134, "fields": {"question": 34, "keyword_name": "\ube44\uc5f4"}}, {"model": "mainpage.keyword", "pk": 135, "fields": {"question": 35, "keyword_name": "\ubc14\ub78c"}}, {"model": "mainpage.keyword", "pk": 136, "fields": {"question": 35, "keyword_name": "\uae30\uc555"}}, {"model": "mainpage.keyword", "pk": 137, "fields": {"question": 35, "keyword_name": "\uc628\ub3c4\ucc28"}}, {"model": "mainpage.keyword", "pk": 138, "fields": {"question": 35, "keyword_name": "\ube44\uc5f4"}}, {"model": "mainpage.keyword", "pk": 139, "fields": {"question": 36, "keyword_name": "\ubc14\ub78c"}}, {"model": "mainpage.keyword", "pk": 140, "fields": {"question": 36, "keyword_name": "\uae30\uc555"}}, {"model": "mainpage.keyword", "pk": 141, "fields": {"question": 36, "keyword_name": "\uc628\ub3c4\ucc28"}}, {"model": "mainpage.keyword", "pk": 142, "fields": {"question": 36, "keyword_name": "\ube44\uc5f4"}}, {"model": "mainpage.keyword", "pk": 143, "fields": {"question": 37, "keyword_name": "\uacf5\uc804"}}, {"model": "mainpage.keyword", "pk": 144, "fields": {"question": 37, "keyword_name": "\ubcc4\uc790\ub9ac"}}, {"model": "mainpage.keyword", "pk": 145, "fields": {"question": 37, "keyword_name": "\uacc4\uc808\ubcc0\ud654"}}, {"model": "mainpage.keyword", "pk": 146, "fields": {"question": 38, "keyword_name": "\ube5b\uc758 \uad74\uc808"}}, {"model": "mainpage.keyword", "pk": 147, "fields": {"question": 38, "keyword_name": "\ubcfc\ub85d\ub80c\uc988"}}, {"model": "mainpage.keyword", "pk": 148, "fields": {"question": 38, "keyword_name": "\ube5b\uacfc \ub80c\uc988"}}, {"model": "mainpage.keyword", "pk": 149, "fields": {"question": 39, "keyword_name": "\uacbd\uc7c1"}}, {"model": "mainpage.keyword", "pk": 150, "fields": {"question": 39, "keyword_name": "\uae30\uc5c5"}}, {"model": "mainpage.keyword", "pk": 151, "fields": {"question": 39, "keyword_name": "\uc18c\ube44\uc790"}}, {"model": "mainpage.keyword", "pk": 152, "fields": {"question": 39, "keyword_name": "\uacbd\uc7c1\ud65c\ub3d9"}}, {"model": "mainpage.keyword", "pk": 153, "fields": {"question": 40, "keyword_name": "\uacbd\uc7c1"}}, {"model": "mainpage.keyword", "pk": 154, "fields": {"question": 40, "keyword_name": "\uae30\uc5c5"}}, {"model": "mainpage.keyword", "pk": 155, "fields": {"question": 40, "keyword_name": "\uc18c\ube44\uc790"}}, {"model": "mainpage.keyword", "pk": 156, "fields": {"question": 40, "keyword_name": "\uacbd\uc81c\ud65c\ub3d9"}}, {"model": "mainpage.keyword", "pk": 157, "fields": {"question": 41, "keyword_name": "\uc2dd\ubb3c"}}, {"model": "mainpage.keyword", "pk": 158, "fields": {"question": 41, "keyword_name": "\uc0dd\uc0b0\uc790"}}, {"model": "mainpage.keyword", "pk": 159, "fields": {"question": 41, "keyword_name": "\uad11\ud569\uc131"}}, {"model": "mainpage.keyword", "pk": 160, "fields": {"question": 42, "keyword_name": "\uc2dd\ubb3c"}}, {"model": "mainpage.keyword", "pk": 161, "fields": {"question": 42, "keyword_name": "\uc0dd\uc0b0\uc790"}}, {"model": "mainpage.keyword", "pk": 162, "fields": {"question": 42, "keyword_name": "\uad11\ud569\uc131"}}, {"model": "mainpage.keyword", "pk": 163, "fields": {"question": 43, "keyword_name": "\uc2dd\ubb3c"}}, {"model": "mainpage.keyword", "pk": 164, "fields": {"question": 43, "keyword_name": "\uc0dd\uc0b0\uc790"}}, {"model": "mainpage.keyword", "pk": 165, "fields": {"question": 43, "keyword_name": "\uad11\ud569\uc131"}}, {"model": "mainpage.keyword", "pk": 166, "fields": {"question": 44, "keyword_name": "\uc0dd\ud0dc\uacc4\uc758 \uad6c\uc131\uc694\uc18c"}}, {"model": "mainpage.keyword", "pk": 167, "fields": {"question": 44, "keyword_name": "\uc0dd\ud0dc\uacc4"}}, {"model": "mainpage.keyword", "pk": 168, "fields": {"question": 44, "keyword_name": "\uc0dd\uc0b0\uc790"}}, {"model": "mainpage.keyword", "pk": 169, "fields": {"question": 45, "keyword_name": "\uc0dd\ud0dc\uacc4"}}, {"model": "mainpage.keyword", "pk": 170, "fields": {"question": 45, "keyword_name": "\ubd84\ud574\uc790"}}, {"model": "mainpage.keyword", "pk": 171, "fields": {"question": 46, "keyword_name": "\uc778\uac04"}}, {"model": "mainpage.keyword", "pk": 172, "fields": {"question": 46, "keyword_name": "\uc874\uc5c4\uc131"}}, {"model": "mainpage.keyword", "pk": 173, "fields": {"question": 47, "keyword_name": "\ubb38\ud654"}}, {"model": "mainpage.keyword", "pk": 174, "fields": {"question": 47, "keyword_name": "\ub2e4\uc591\uc131"}}, {"model": "mainpage.keyword", "pk": 175, "fields": {"question": 48, "keyword_name": "\ubd80\ub825"}}, {"model": "mainpage.keyword", "pk": 176, "fields": {"question": 48, "keyword_name": "\uc5ec\ub7ec\uac00\uc9c0 \ud798"}}, {"model": "mainpage.keyword", "pk": 177, "fields": {"question": 49, "keyword_name": "\uc99d\ubc1c"}}, {"model": "mainpage.keyword", "pk": 178, "fields": {"question": 49, "keyword_name": "\uae30\ud654\uc5f4"}}, {"model": "mainpage.keyword", "pk": 179, "fields": {"question": 49, "keyword_name": "\uc5d0\ud0c4\uc62c"}}, {"model": "mainpage.keyword", "pk": 180, "fields": {"question": 50, "keyword_name": "\uc0dd\ud0dc\uacc4\uc640 \ud658\uacbd"}}, {"model": "mainpage.keyword", "pk": 181, "fields": {"question": 50, "keyword_name": "\uc801\uc751"}}, {"model": "mainpage.keyword", "pk": 182, "fields": {"question": 51, "keyword_name": "\ubb3c\uc9c8\uc758 \uc0c1\ud0dc"}}, {"model": "mainpage.keyword", "pk": 183, "fields": {"question": 51, "keyword_name": "\uc785\uc790 \ubc30\uc5f4"}}, {"model": "mainpage.keyword", "pk": 184, "fields": {"question": 52, "keyword_name": "\ubb3c\uc9c8\uc758 \uc0c1\ud0dc"}}, {"model": "mainpage.keyword", "pk": 185, "fields": {"question": 52, "keyword_name": "\uc785\uc790 \ubc30\uc5f4"}}, {"model": "mainpage.keyword", "pk": 186, "fields": {"question": 53, "keyword_name": "\uc0b0\uc18c"}}, {"model": "mainpage.keyword", "pk": 187, "fields": {"question": 53, "keyword_name": "\ubb3c\uc9c8\uc758 \ud2b9\uc131"}}, {"model": "mainpage.keyword", "pk": 188, "fields": {"question": 54, "keyword_name": "\uc0b0\uc18c"}}, {"model": "mainpage.keyword", "pk": 189, "fields": {"question": 54, "keyword_name": "\ubb3c\uc9c8\uc758 \ud2b9\uc131"}}, {"model": "mainpage.keyword", "pk": 190, "fields": {"question": 55, "keyword_name": "\uae30\uccb4 \ubd84\uc790\uc758 \uc6b4\ub3d9"}}, {"model": "mainpage.keyword", "pk": 191, "fields": {"question": 55, "keyword_name": "\uc5f4\uc5d0 \ub530\ub978 \uc785\uc790\uc758 \uc6b4\ub3d9"}}, {"model": "mainpage.keyword", "pk": 192, "fields": {"question": 55, "keyword_name": "\uc5f4\uae30\uad6c"}}, {"model": "mainpage.keyword", "pk": 193, "fields": {"question": 56, "keyword_name": "\uc785\uc790\uc758 \uc6b4\ub3d9"}}, {"model": "mainpage.keyword", "pk": 194, "fields": {"question": 56, "keyword_name": "\uae30\uccb4 \ubd84\uc790 \uc6b4\ub3d9\ub860"}}, {"model": "mainpage.keyword", "pk": 195, "fields": {"question": 56, "keyword_name": "\ud655\uc0b0"}}, {"model": "mainpage.keyword", "pk": 196, "fields": {"question": 56, "keyword_name": "\uc99d\ubc1c"}}, {"model": "mainpage.keyword", "pk": 197, "fields": {"question": 57, "keyword_name": "\uc0b0"}}, {"model": "mainpage.keyword", "pk": 198, "fields": {"question": 57, "keyword_name": "\uc5fc\uae30"}}, {"model": "mainpage.keyword", "pk": 199, "fields": {"question": 57, "keyword_name": "\uc0b0\uc5fc\uae30 \ubc18\uc751"}}, {"model": "mainpage.keyword", "pk": 200, "fields": {"question": 57, "keyword_name": "\uc911\ud654\ubc18\uc751"}}, {"model": "mainpage.keyword", "pk": 201, "fields": {"question": 57, "keyword_name": "\uc9c0\uc2dc\uc57d"}}, {"model": "mainpage.keyword", "pk": 202, "fields": {"question": 58, "keyword_name": "\ubc1c\ud654\uc810"}}, {"model": "mainpage.keyword", "pk": 203, "fields": {"question": 58, "keyword_name": "\uc628\ub3c4"}}, {"model": "mainpage.keyword", "pk": 204, "fields": {"question": 58, "keyword_name": "\uc5f0\uc18c \ubc18\uc751"}}, {"model": "mainpage.keyword", "pk": 205, "fields": {"question": 58, "keyword_name": "\ub3cb\ubcf4\uae30"}}, {"model": "mainpage.keyword", "pk": 206, "fields": {"question": 59, "keyword_name": "\uc5f0\uc18c \ubc18\uc751"}}, {"model": "mainpage.keyword", "pk": 207, "fields": {"question": 59, "keyword_name": "\uc18c\ud654"}}, {"model": "mainpage.keyword", "pk": 208, "fields": {"question": 59, "keyword_name": "\ubd88 \ub044\uae30"}}, {"model": "mainpage.keyword", "pk": 209, "fields": {"question": 60, "keyword_name": "\uc6a9\ud574"}}, {"model": "mainpage.keyword", "pk": 210, "fields": {"question": 60, "keyword_name": "\uc6a9\uc9c8"}}, {"model": "mainpage.keyword", "pk": 211, "fields": {"question": 60, "keyword_name": "\uc6a9\ub9e4"}}, {"model": "mainpage.keyword", "pk": 212, "fields": {"question": 60, "keyword_name": "\uc6a9\uc561"}}, {"model": "mainpage.keyword", "pk": 213, "fields": {"question": 60, "keyword_name": "\uc774\uc628 \uc74c\ub8cc"}}, {"model": "mainpage.keyword", "pk": 214, "fields": {"question": 60, "keyword_name": "\ube44\uc911\uacc4"}}, {"model": "mainpage.keyword", "pk": 215, "fields": {"question": 60, "keyword_name": "\ubc00\ub3c4 \ube44\uad50"}}, {"model": "mainpage.keyword", "pk": 216, "fields": {"question": 61, "keyword_name": "\uae30\uccb4\uc758 \uc555\ub825\uacfc \ubd80\ud53c"}}, {"model": "mainpage.keyword", "pk": 217, "fields": {"question": 61, "keyword_name": "\ud5ec\ub968\uac00\uc2a4"}}, {"model": "mainpage.keyword", "pk": 218, "fields": {"question": 61, "keyword_name": "\ud48d\uc120"}}, {"model": "mainpage.keyword", "pk": 219, "fields": {"question": 62, "keyword_name": "\uae30\uccb4\uc758 \uc555\ub825\uacfc \ubd80\ud53c"}}, {"model": "mainpage.keyword", "pk": 220, "fields": {"question": 62, "keyword_name": "\ud5ec\ub968\uac00\uc2a4"}}, {"model": "mainpage.keyword", "pk": 221, "fields": {"question": 62, "keyword_name": "\ud48d\uc120"}}, {"model": "mainpage.keyword", "pk": 222, "fields": {"question": 63, "keyword_name": "\uae30\uccb4\uc758 \uc628\ub3c4\uc640 \ubd80\ud53c"}}, {"model": "mainpage.keyword", "pk": 223, "fields": {"question": 63, "keyword_name": "\ub0c9\uc7a5\uace0"}}, {"model": "mainpage.keyword", "pk": 224, "fields": {"question": 63, "keyword_name": "\ud398\ud2b8\ubcd1"}}, {"model": "mainpage.keyword", "pk": 225, "fields": {"question": 64, "keyword_name": "\uc99d\ubc1c"}}, {"model": "mainpage.keyword", "pk": 226, "fields": {"question": 64, "keyword_name": "\uae30\ud654\uc5f4"}}, {"model": "mainpage.keyword", "pk": 227, "fields": {"question": 64, "keyword_name": "\ubc14\ub2e4"}}, {"model": "mainpage.keyword", "pk": 228, "fields": {"question": 64, "keyword_name": "\ubc14\ub2f7\ubb3c"}}, {"model": "mainpage.assignmentquestionrel", "pk": 1, "fields": {"assignment": "546A5N3Q", "question": 1}}, {"model": "mainpage.assignmentquestionrel", "pk": 2, "fields": {"assignment": "546A5N3Q", "question": 2}}, {"model": "mainpage.assignmentquestionrel", "pk": 3, "fields": {"assignment": "546A5N3Q", "question": 3}}, {"model": "mainpage.assignmentquestionrel", "pk": 4, "fields": {"assignment": "3SD533J2", "question": 4}}, {"model": "mainpage.assignmentquestionrel", "pk": 5, "fields": {"assignment": "3SD533J2", "question": 5}}, {"model": "mainpage.assignmentquestionrel", "pk": 6, "fields": {"assignment": "3SD533J2", "question": 6}}, {"model": "mainpage.assignmentquestionrel", "pk": 7, "fields": {"assignment": "SAD34WD2", "question": 7}}, {"model": "mainpage.assignmentquestionrel", "pk": 8, "fields": {"assignment": "SAD34WD2", "question": 8}}, {"model": "mainpage.assignmentquestionrel", "pk": 9, "fields": {"assignment": "SAD34WD2", "question": 9}}, {"model": "mainpage.assignmentquestionrel", "pk": 10, "fields": {"assignment": "4SADCVS2", "question": 10}}, {"model": "mainpage.assignmentquestionrel", "pk": 11, "fields": {"assignment": "4SADCVS2", "question": 1}}, {"model": "mainpage.assignmentquestionrel", "pk": 12, "fields": {"assignment": "4SADCVS2", "question": 2}}, {"model": "mainpage.assignmentquestionrel", "pk": 13, "fields": {"assignment": "24FE7OES", "question": 3}}, {"model": "mainpage.assignmentquestionrel", "pk": 14, "fields": {"assignment": "24FE7OES", "question": 4}}, {"model": "mainpage.assignmentquestionrel", "pk": 15, "fields": {"assignment": "24FE7OES", "question": 5}}, {"model": "mainpage.assignmentquestionrel", "pk": 16, "fields": {"assignment": "83SADK9D", "question": 6}}, {"model": "mainpage.assignmentquestionrel", "pk": 17, "fields": {"assignment": "83SADK9D", "question": 7}}, {"model": "mainpage.assignmentquestionrel", "pk": 18, "fields": {"assignment": "83SADK9D", "question": 8}}, {"model": "mainpage.assignmentquestionrel", "pk": 19, "fields": {"assignment": "37ASJKE3", "question": 9}}, {"model": "mainpage.assignmentquestionrel", "pk": 20, "fields": {"assignment": "37ASJKE3", "question": 10}}, {"model": "mainpage.assignmentquestionrel", "pk": 21, "fields": {"assignment": "37ASJKE3", "question": 1}}, {"model": "mainpage.assignmentquestionrel", "pk": 22, "fields": {"assignment": "518KPZ67", "question": 2}}, {"model": "mainpage.assignmentquestionrel", "pk": 23, "fields": {"assignment": "518KPZ67", "question": 3}}, {"model": "mainpage.assignmentquestionrel", "pk": 24, "fields": {"assignment": "518KPZ67", "question": 4}}, {"model": "mainpage.assignmentquestionrel", "pk": 25, "fields": {"assignment": "354VK3LK", "question": 5}}, {"model": "mainpage.assignmentquestionrel", "pk": 26, "fields": {"assignment": "354VK3LK", "question": 6}}, {"model": "mainpage.assignmentquestionrel", "pk": 27, "fields": {"assignment": "354VK3LK", "question": 7}}, {"model": "mainpage.solve", "pk": 1, "fields": {"as_qurel": 1, "student_id": 20183471, "submit_date": "2020-04-15", "response": "\ud30c\ub780\uc0c9 \uc804\uad6c\ub4e4\uacfc \ube68\uac04\uc0c9 \uc804\uad6c\ub4e4\uc740 \ubcd1\ub82c\ub85c \uc5f0\uacb0\ub418\uc5b4 \ud30c\ub780\uc0c9 \uc804\uad6c \ud558\ub098\uac00 \uace0\uc7a5\ub098\ub354\ub77c\ub3c4 \ubcd1\ub82c\ub85c \uc5f0\uacb0\ub41c \ub2e4\ub978 \uc904\uc758 \ube68\uac04\uc0c9 \uc804\uad6c\ub4e4\uc5d0\ub294 \uc804\ub958\uac00 \ud750\ub97c \uc218 \uc788\uc5c8\uae30 \ub54c\ubb38\uc774\ub2e4.", "score": "0.00", "student_name": "\uac00\ub098\ub2e4"}}, {"model": "mainpage.solve", "pk": 2, "fields": {"as_qurel": 2, "student_id": 20183472, "submit_date": "2020-04-16", "response": "\ud30c\ub780\uc0c9 \uc804\uad6c\ub4e4\uacfc \ube68\uac04\uc0c9 \uc804\uad6c\ub4e4\uc740 \ubcd1\ub82c\ub85c \uc5f0\uacb0\ub418\uc5b4 \ud30c\ub780\uc0c9 \uc804\uad6c \ud558\ub098\uac00 \uace0\uc7a5\ub098\ub354\ub77c\ub3c4 \ubcd1\ub82c\ub85c \uc5f0\uacb0\ub41c \ub2e4\ub978 \uc904\uc758 \ube68\uac04\uc0c9 \uc804\uad6c\ub4e4\uc5d0\ub294 \uc804\ub958\uac00 \ud750\ub97c \uc218 \uc788\uc5c8\uae30 \ub54c\ubb38\uc774\ub2e4.", "score": "2.00", "student_name": "\ub77c\ub9c8\ubc14"}}, {"model": "mainpage.solve", "pk": 3, "fields": {"as_qurel": 3, "student_id": 20183473, "submit_date": "2020-04-17", "response": "\ud30c\ub780\uc0c9 \uc804\uad6c\ub4e4\uacfc \ube68\uac04\uc0c9 \uc804\uad6c\ub4e4\uc740 \ubcd1\ub82c\ub85c \uc5f0\uacb0\ub418\uc5b4 \ud30c\ub780\uc0c9 \uc804\uad6c \ud558\ub098\uac00 \uace0\uc7a5\ub098\ub354\ub77c\ub3c4 \ubcd1\ub82c\ub85c \uc5f0\uacb0\ub41c \ub2e4\ub978 \uc904\uc758 \ube68\uac04\uc0c9 \uc804\uad6c\ub4e4\uc5d0\ub294 \uc804\ub958\uac00 \ud750\ub97c \uc218 \uc788\uc5c8\uae30 \ub54c\ubb38\uc774\ub2e4.", "score": "2.00", "student_name": "\uc0ac\uc544\uc790"}}, {"model": "mainpage.solve", "pk": 4, "fields": {"as_qurel": 4, "student_id": 20183471, "submit_date": "2020-04-15", "response": "\uc561\uccb4\uc5d0\uc11c\ub294 \ub530\ub73b\ud55c \uc561\uccb4\uac00 \uc704\ub85c \uc62c\ub77c\uac00\uace0, \ucc28\uac00\uc6b4 \uc561\uccb4\uac00 \uc544\ub798\ub85c \ub0b4\ub824\uac00\uba70 \uc5f4\uc774 \uc804\ub2ec\ub41c\ub2e4. \uadf8\ub7ec\ubbc0\ub85c \ub728\uac70\uc6b4 \ubb3c\uc744 \uba3c\uc800 \ud2b9\uace0 \ub098\uc911\uc5d0 \ucc28\uac00\uc6b4 \ubb3c\uc744 \ud2c0\uc5b4\uc57c \uc544\ub798\uc5d0 \uc788\ub294 \ub728\uac70\uc6b4 \ubb3c\uc774 \uc704\ub85c \uc62c\ub77c\uac00\uba74\uc11c \ub728\uac70\uc6b4 \ubb3c\uacfc \ucc28\uac00\uc6b4 \ubb3c\uc774 \uace8\uace0\ub8e8 \uc11e\uc77c \uc218 \uc788\uac8c \ub41c\ub2e4.", "score": "2.00", "student_name": "\uac00\ub098\ub2e4"}}, {"model": "mainpage.solve", "pk": 5, "fields": {"as_qurel": 5, "student_id": 20183472, "submit_date": "2020-04-16", "response": "\uc561\uccb4\uc5d0\uc11c\ub294 \ub530\ub73b\ud55c \uc561\uccb4\uac00 \uc704\ub85c \uc62c\ub77c\uac00\uace0, \ucc28\uac00\uc6b4 \uc561\uccb4\uac00 \uc544\ub798\ub85c \ub0b4\ub824\uac00\uba70 \uc5f4\uc774 \uc804\ub2ec\ub41c\ub2e4. \uadf8\ub7ec\ubbc0\ub85c \ub728\uac70\uc6b4 \ubb3c\uc744 \uba3c\uc800 \ud2b9\uace0 \ub098\uc911\uc5d0 \ucc28\uac00\uc6b4 \ubb3c\uc744 \ud2c0\uc5b4\uc57c \uc544\ub798\uc5d0 \uc788\ub294 \ub728\uac70\uc6b4 \ubb3c\uc774 \uc704\ub85c \uc62c\ub77c\uac00\uba74\uc11c \ub728\uac70\uc6b4 \ubb3c\uacfc \ucc28\uac00\uc6b4 \ubb3c\uc774 \uace8\uace0\ub8e8 \uc11e\uc77c \uc218 \uc788\uac8c \ub41c\ub2e4.", "score": "3.00", "student_name": "\ub77c\ub9c8\ubc14"}}, {"model": "mainpage.solve", "pk": 6, "fields": {"as_qurel": 6, "student_id": 20183473, "submit_date": "2020-04-17", "response": "\uc561\uccb4\uc5d0\uc11c\ub294 \ub530\ub73b\ud55c \uc561\uccb4\uac00 \uc704\ub85c \uc62c\ub77c\uac00\uace0, \ucc28\uac00\uc6b4 \uc561\uccb4\uac00 \uc544\ub798\ub85c \ub0b4\ub824\uac00\uba70 \uc5f4\uc774 \uc804\ub2ec\ub41c\ub2e4. \uadf8\ub7ec\ubbc0\ub85c \ub728\uac70\uc6b4 \ubb3c\uc744 \uba3c\uc800 \ud2b9\uace0 \ub098\uc911\uc5d0 \ucc28\uac00\uc6b4 \ubb3c\uc744 \ud2c0\uc5b4\uc57c \uc544\ub798\uc5d0 \uc788\ub294 \ub728\uac70\uc6b4 \ubb3c\uc774 \uc704\ub85c \uc62c\ub77c\uac00\uba74\uc11c \ub728\uac70\uc6b4 \ubb3c\uacfc \ucc28\uac00\uc6b4 \ubb3c\uc774 \uace8\uace0\ub8e8 \uc11e\uc77c \uc218 \uc788\uac8c \ub41c\ub2e4.", "score": "2.00", "student_name": "\uc0ac\uc544\uc790"}}, {"model": "mainpage.solve", "pk": 7, "fields": {"as_qurel": 7, "student_id": 20183471, "submit_date": "2020-04-15", "response": "\ubb3c\uc9c8\uc758 \uc0c1\ud0dc\uac00 \ubcc0\ud560 \ub54c \ubb3c\uc9c8\uc744 \uc774\ub8e8\ub294 \uc785\uc790\uc758 \uc885\ub958\uc640 \uac1c\uc218\ub294 \ubcc0\ud558\uc9c0 \uc54a\uace0 \uc785\uc790\uc758 \ubc30\uc5f4\ub9cc \ub2ec\ub77c\uc9d1\ub2c8\ub2e4.", "score": "1.00", "student_name": "\uac00\ub098\ub2e4"}}, {"model": "mainpage.solve", "pk": 8, "fields": {"as_qurel": 8, "student_id": 20183472, "submit_date": "2020-04-16", "response": "\ubb3c\uc9c8\uc758 \uc0c1\ud0dc\uac00 \ubcc0\ud560 \ub54c \ubb3c\uc9c8\uc744 \uc774\ub8e8\ub294 \uc785\uc790\uc758 \uc885\ub958\uc640 \uac1c\uc218\ub294 \ubcc0\ud558\uc9c0 \uc54a\uace0 \uc785\uc790\uc758 \ubc30\uc5f4\ub9cc \ub2ec\ub77c\uc9d1\ub2c8\ub2e4.", "score": "1.00", "student_name": "\ub77c\ub9c8\ubc14"}}, {"model": "mainpage.solve", "pk": 9, "fields": {"as_qurel": 9, "student_id": 20183473, "submit_date": "2020-04-17", "response": "\ubb3c\uc9c8\uc758 \uc0c1\ud0dc\uac00 \ubcc0\ud560 \ub54c \ubb3c\uc9c8\uc744 \uc774\ub8e8\ub294 \uc785\uc790\uc758 \uc885\ub958\uc640 \uac1c\uc218\ub294 \ubcc0\ud558\uc9c0 \uc54a\uace0 \uc785\uc790\uc758 \ubc30\uc5f4\ub9cc \ub2ec\ub77c\uc9d1\ub2c8\ub2e4.", "score": "1.00", "student_name": "\uc0ac\uc544\uc790"}}, {"model": "mainpage.solve", "pk": 10, "fields": {"as_qurel": 10, "student_id": 20183476, "submit_date": "2020-04-16", "response": "(\uc758\uc758) \uc0bc\uad6d\uc758 \ubb38\ud654\ub97c \ubaa8\uc544 \ud558\ub098\uc758 \ubbfc\uc871 \ubb38\ud654\ub85c \ubc1c\uc804\uc2dc\ud0ac \uc218 \uc788\ub294 \ud1a0\ub300\ub97c \ub9c8\ub828\ud558\uc600\ub2e4. (\ud55c\uacc4) \ub2f9\ub098\ub77c\uc758 \ud798\uc744 \ube4c\ub824 \ud1b5\uc77c\uc744 \ud588\uae30 \ub54c\ubb38\uc5d0 \uace0\uad6c\ub824\uc758 \uc601\ud1a0 \ub300\ubd80\ubd84\uc744 \uc783\uac8c \ub418\uc5c8\ub2e4.", "score": "3.00", "student_name": "\uce74\ud30c\ud558"}}, {"model": "mainpage.solve", "pk": 11, "fields": {"as_qurel": 11, "student_id": 20183472, "submit_date": "2020-04-15", "response": "(\uc758\uc758) \uc0bc\uad6d\uc758 \ubb38\ud654\ub97c \ubaa8\uc544 \ud558\ub098\uc758 \ubbfc\uc871 \ubb38\ud654\ub85c \ubc1c\uc804\uc2dc\ud0ac \uc218 \uc788\ub294 \ud1a0\ub300\ub97c \ub9c8\ub828\ud558\uc600\ub2e4. (\ud55c\uacc4) \ub2f9\ub098\ub77c\uc758 \ud798\uc744 \ube4c\ub824 \ud1b5\uc77c\uc744 \ud588\uae30 \ub54c\ubb38\uc5d0 \uace0\uad6c\ub824\uc758 \uc601\ud1a0 \ub300\ubd80\ubd84\uc744 \uc783\uac8c \ub418\uc5c8\ub2e4.", "score": "2.00", "student_name": "\uac00\ud30c\ud558"}}, {"model": "mainpage.solve", "pk": 12, "fields": {"as_qurel": 12, "student_id": 20183471, "submit_date": "2020-04-17", "response": "(\uc758\uc758) \uc0bc\uad6d\uc758 \ubb38\ud654\ub97c \ubaa8\uc544 \ud558\ub098\uc758 \ubbfc\uc871 \ubb38\ud654\ub85c \ubc1c\uc804\uc2dc\ud0ac \uc218 \uc788\ub294 \ud1a0\ub300\ub97c \ub9c8\ub828\ud558\uc600\ub2e4. (\ud55c\uacc4) \ub2f9\ub098\ub77c\uc758 \ud798\uc744 \ube4c\ub824 \ud1b5\uc77c\uc744 \ud588\uae30 \ub54c\ubb38\uc5d0 \uace0\uad6c\ub824\uc758 \uc601\ud1a0 \ub300\ubd80\ubd84\uc744 \uc783\uac8c \ub418\uc5c8\ub2e4.", "score": "1.00", "student_name": "\ud558\ucd94\ud558"}}, {"model": "mainpage.notice", "pk": 1, "fields": {"notice_target": "\uacf5\ud1b5", "notice_name": "[\uacf5\ud1b5] 2021-01 \uc790\ub3d9\ucc44\uc810 \uc5c5\ub370\uc774\ud2b8", "notice_content": "\uc560\uad6d\uac00\uc758 \uac00\uc0ac\ub294 1900\ub144\ub300 \ucd08\uc5d0 \uc4f0\uc5ec\uc84c\ub2e4. \uc791\uc0ac\uc790\ub294 \ud06c\uac8c \uc724\uce58\ud638\ub77c\ub294 \uc124\uacfc \uc548\ucc3d\ud638\ub77c\ub294 \uc124 \ub450 \uac00\uc9c0\uac00 \uc788\uc73c\uba70, \uad6d\uc0ac\ud3b8\ucc2c\uc704\uc6d0\ud68c\uc758 \uacf5\uc2dd\uc801\uc778 \uc785\uc7a5\uc73c\ub85c\ub294 \ubbf8\uc0c1\uc774\ub2e4. \uc791\uc0ac\uc790 \uc724\uce58\ud638 \uc124\uc740 \uc724\uce58\ud638\uac00 \uc560\uad6d\uac00\uc758 \uac00\uc0ac\ub97c 1907\ub144\uc5d0 \uc368\uc11c \ud6c4\uc5d0 \uadf8 \uc790\uc2e0\uc758 \uc774\ub984\uc73c\ub85c \ucd9c\ud310\ud588\ub2e4\ub294 \uac83\uc774\ub2e4. \ud55c\ud3b8 \uc548\ucc3d\ud638\uac00 \uc37c\ub2e4\ub294 \uc8fc\uc7a5\uc740 \uc548\ucc3d\ud638\uac00 \uc560\uad6d\uac00\ub97c \ubcf4\uae09\ud558\ub294 \ub370\uc5d0 \uc55e\uc7a5\uc130\ub2e4\ub294 \ub370\uc5d0 \uc911\uc810\uc744 \ub450\uace0 \uc788\ub2e4. 1908\ub144\uc5d0 \ucd9c\ud310\ub41c \uac00\uc0ac\uc9d1 \u300a\ucc2c\ubbf8\uac00\u300b\uc5d0 \uc218\ub85d\ub41c \uac83\uc744 \ube44\ub86f\ud55c \ub9ce\uc740 \uc77c\uc81c \uac15\uc810\uae30\uc758 \uc560\uad6d\uac00 \ucd9c\ud310\ubb3c\uc740 \uc724\uce58\ud638\ub97c \uc791\uc0ac\uc790\ub85c \ub3cc\ub9ac\uace0 \uc788\ub294 \ub4f1 \uc724\uce58\ud638 \uc124\uc5d0\ub294 \uc99d\uac70\uac00 \ub9ce\uc740 \ubc18\uba74[4] \uc548\ucc3d\ud638 \uc124\uc5d0\ub294 \uc2e4\uc99d\uc801\uc778 \uc790\ub8cc\uac00 \ubd80\uc871\ud558\ub2e4.", "made_date": "2020-06-07"}}, {"model": "mainpage.notice", "pk": 2, "fields": {"notice_target": "\ud559\uc0dd", "notice_name": "[\ud559\uc0dd] \uc0c8\ub85c\uc6b4 \ubb38\uc81c \uc5c5\ub370\uc774\ud2b8 \uc548\ub0b4", "notice_content": "\uc560\uad6d\uac00\uc758 \uac00\uc0ac\ub294 1900\ub144\ub300 \ucd08\uc5d0 \uc4f0\uc5ec\uc84c\ub2e4. \uc791\uc0ac\uc790\ub294 \ud06c\uac8c \uc724\uce58\ud638\ub77c\ub294 \uc124\uacfc \uc548\ucc3d\ud638\ub77c\ub294 \uc124 \ub450 \uac00\uc9c0\uac00 \uc788\uc73c\uba70, \uad6d\uc0ac\ud3b8\ucc2c\uc704\uc6d0\ud68c\uc758 \uacf5\uc2dd\uc801\uc778 \uc785\uc7a5\uc73c\ub85c\ub294 \ubbf8\uc0c1\uc774\ub2e4. \uc791\uc0ac\uc790 \uc724\uce58\ud638 \uc124\uc740 \uc724\uce58\ud638\uac00 \uc560\uad6d\uac00\uc758 \uac00\uc0ac\ub97c 1907\ub144\uc5d0 \uc368\uc11c \ud6c4\uc5d0 \uadf8 \uc790\uc2e0\uc758 \uc774\ub984\uc73c\ub85c \ucd9c\ud310\ud588\ub2e4\ub294 \uac83\uc774\ub2e4. \ud55c\ud3b8 \uc548\ucc3d\ud638\uac00 \uc37c\ub2e4\ub294 \uc8fc\uc7a5\uc740 \uc548\ucc3d\ud638\uac00 \uc560\uad6d\uac00\ub97c \ubcf4\uae09\ud558\ub294 \ub370\uc5d0 \uc55e\uc7a5\uc130\ub2e4\ub294 \ub370\uc5d0 \uc911\uc810\uc744 \ub450\uace0 \uc788\ub2e4. 1908\ub144\uc5d0 \ucd9c\ud310\ub41c \uac00\uc0ac\uc9d1 \u300a\ucc2c\ubbf8\uac00\u300b\uc5d0 \uc218\ub85d\ub41c \uac83\uc744 \ube44\ub86f\ud55c \ub9ce\uc740 \uc77c\uc81c \uac15\uc810\uae30\uc758 \uc560\uad6d\uac00 \ucd9c\ud310\ubb3c\uc740 \uc724\uce58\ud638\ub97c \uc791\uc0ac\uc790\ub85c \ub3cc\ub9ac\uace0 \uc788\ub294 \ub4f1 \uc724\uce58\ud638 \uc124\uc5d0\ub294 \uc99d\uac70\uac00 \ub9ce\uc740 \ubc18\uba74[4] \uc548\ucc3d\ud638 \uc124\uc5d0\ub294 \uc2e4\uc99d\uc801\uc778 \uc790\ub8cc\uac00 \ubd80\uc871\ud558\ub2e4.", "made_date": "2020-06-08"}}, {"model": "mainpage.notice", "pk": 3, "fields": {"notice_target": "\uc120\uc0dd\ub2d8", "notice_name": "[\uc120\uc0dd\ub2d8] 2021-01 \ud504\ub85c\uc81d\ud2b8 \uc120\uc0dd\ub2d8 \ubaa8\uc9d1\uacf5\uace0", "notice_content": "\uc560\uad6d\uac00\uc758 \uac00\uc0ac\ub294 1900\ub144\ub300 \ucd08\uc5d0 \uc4f0\uc5ec\uc84c\ub2e4. \uc791\uc0ac\uc790\ub294 \ud06c\uac8c \uc724\uce58\ud638\ub77c\ub294 \uc124\uacfc \uc548\ucc3d\ud638\ub77c\ub294 \uc124 \ub450 \uac00\uc9c0\uac00 \uc788\uc73c\uba70, \uad6d\uc0ac\ud3b8\ucc2c\uc704\uc6d0\ud68c\uc758 \uacf5\uc2dd\uc801\uc778 \uc785\uc7a5\uc73c\ub85c\ub294 \ubbf8\uc0c1\uc774\ub2e4. \uc791\uc0ac\uc790 \uc724\uce58\ud638 \uc124\uc740 \uc724\uce58\ud638\uac00 \uc560\uad6d\uac00\uc758 \uac00\uc0ac\ub97c 1907\ub144\uc5d0 \uc368\uc11c \ud6c4\uc5d0 \uadf8 \uc790\uc2e0\uc758 \uc774\ub984\uc73c\ub85c \ucd9c\ud310\ud588\ub2e4\ub294 \uac83\uc774\ub2e4. \ud55c\ud3b8 \uc548\ucc3d\ud638\uac00 \uc37c\ub2e4\ub294 \uc8fc\uc7a5\uc740 \uc548\ucc3d\ud638\uac00 \uc560\uad6d\uac00\ub97c \ubcf4\uae09\ud558\ub294 \ub370\uc5d0 \uc55e\uc7a5\uc130\ub2e4\ub294 \ub370\uc5d0 \uc911\uc810\uc744 \ub450\uace0 \uc788\ub2e4. 1908\ub144\uc5d0 \ucd9c\ud310\ub41c \uac00\uc0ac\uc9d1 \u300a\ucc2c\ubbf8\uac00\u300b\uc5d0 \uc218\ub85d\ub41c \uac83\uc744 \ube44\ub86f\ud55c \ub9ce\uc740 \uc77c\uc81c \uac15\uc810\uae30\uc758 \uc560\uad6d\uac00 \ucd9c\ud310\ubb3c\uc740 \uc724\uce58\ud638\ub97c \uc791\uc0ac\uc790\ub85c \ub3cc\ub9ac\uace0 \uc788\ub294 \ub4f1 \uc724\uce58\ud638 \uc124\uc5d0\ub294 \uc99d\uac70\uac00 \ub9ce\uc740 \ubc18\uba74[4] \uc548\ucc3d\ud638 \uc124\uc5d0\ub294 \uc2e4\uc99d\uc801\uc778 \uc790\ub8cc\uac00 \ubd80\uc871\ud558\ub2e4.", "made_date": "2020-06-09"}}, {"model": "mainpage.notice", "pk": 4, "fields": {"notice_target": "\ud559\uc0dd", "notice_name": "[\ud559\uc0dd] 2021-02 \uc0c8\ub85c\uc6b4 \ubb38\uc81c \uc5c5\ub370\uc774\ud2b8 \uc548\ub0b4", "notice_content": "\uc560\uad6d\uac00\uc758 \uac00\uc0ac\ub294 1900\ub144\ub300 \ucd08\uc5d0 \uc4f0\uc5ec\uc84c\ub2e4. \uc791\uc0ac\uc790\ub294 \ud06c\uac8c \uc724\uce58\ud638\ub77c\ub294 \uc124\uacfc \uc548\ucc3d\ud638\ub77c\ub294 \uc124 \ub450 \uac00\uc9c0\uac00 \uc788\uc73c\uba70, \uad6d\uc0ac\ud3b8\ucc2c\uc704\uc6d0\ud68c\uc758 \uacf5\uc2dd\uc801\uc778 \uc785\uc7a5\uc73c\ub85c\ub294 \ubbf8\uc0c1\uc774\ub2e4. \uc791\uc0ac\uc790 \uc724\uce58\ud638 \uc124\uc740 \uc724\uce58\ud638\uac00 \uc560\uad6d\uac00\uc758 \uac00\uc0ac\ub97c 1907\ub144\uc5d0 \uc368\uc11c \ud6c4\uc5d0 \uadf8 \uc790\uc2e0\uc758 \uc774\ub984\uc73c\ub85c \ucd9c\ud310\ud588\ub2e4\ub294 \uac83\uc774\ub2e4. \ud55c\ud3b8 \uc548\ucc3d\ud638\uac00 \uc37c\ub2e4\ub294 \uc8fc\uc7a5\uc740 \uc548\ucc3d\ud638\uac00 \uc560\uad6d\uac00\ub97c \ubcf4\uae09\ud558\ub294 \ub370\uc5d0 \uc55e\uc7a5\uc130\ub2e4\ub294 \ub370\uc5d0 \uc911\uc810\uc744 \ub450\uace0 \uc788\ub2e4. 1908\ub144\uc5d0 \ucd9c\ud310\ub41c \uac00\uc0ac\uc9d1 \u300a\ucc2c\ubbf8\uac00\u300b\uc5d0 \uc218\ub85d\ub41c \uac83\uc744 \ube44\ub86f\ud55c \ub9ce\uc740 \uc77c\uc81c \uac15\uc810\uae30\uc758 \uc560\uad6d\uac00 \ucd9c\ud310\ubb3c\uc740 \uc724\uce58\ud638\ub97c \uc791\uc0ac\uc790\ub85c \ub3cc\ub9ac\uace0 \uc788\ub294 \ub4f1 \uc724\uce58\ud638 \uc124\uc5d0\ub294 \uc99d\uac70\uac00 \ub9ce\uc740 \ubc18\uba74[4] \uc548\ucc3d\ud638 \uc124\uc5d0\ub294 \uc2e4\uc99d\uc801\uc778 \uc790\ub8cc\uac00 \ubd80\uc871\ud558\ub2e4.", "made_date": "2020-06-10"}}, {"model": "mainpage.notice", "pk": 5, "fields": {"notice_target": "\uacf5\ud1b5", "notice_name": "[\uacf5\ud1b5] 2021-02 \uc790\ub3d9\ucc44\uc810 \uc5c5\ub370\uc774\ud2b8", "notice_content": "\uc560\uad6d\uac00\uc758 \uac00\uc0ac\ub294 1900\ub144\ub300 \ucd08\uc5d0 \uc4f0\uc5ec\uc84c\ub2e4. \uc791\uc0ac\uc790\ub294 \ud06c\uac8c \uc724\uce58\ud638\ub77c\ub294 \uc124\uacfc \uc548\ucc3d\ud638\ub77c\ub294 \uc124 \ub450 \uac00\uc9c0\uac00 \uc788\uc73c\uba70, \uad6d\uc0ac\ud3b8\ucc2c\uc704\uc6d0\ud68c\uc758 \uacf5\uc2dd\uc801\uc778 \uc785\uc7a5\uc73c\ub85c\ub294 \ubbf8\uc0c1\uc774\ub2e4. \uc791\uc0ac\uc790 \uc724\uce58\ud638 \uc124\uc740 \uc724\uce58\ud638\uac00 \uc560\uad6d\uac00\uc758 \uac00\uc0ac\ub97c 1907\ub144\uc5d0 \uc368\uc11c \ud6c4\uc5d0 \uadf8 \uc790\uc2e0\uc758 \uc774\ub984\uc73c\ub85c \ucd9c\ud310\ud588\ub2e4\ub294 \uac83\uc774\ub2e4. \ud55c\ud3b8 \uc548\ucc3d\ud638\uac00 \uc37c\ub2e4\ub294 \uc8fc\uc7a5\uc740 \uc548\ucc3d\ud638\uac00 \uc560\uad6d\uac00\ub97c \ubcf4\uae09\ud558\ub294 \ub370\uc5d0 \uc55e\uc7a5\uc130\ub2e4\ub294 \ub370\uc5d0 \uc911\uc810\uc744 \ub450\uace0 \uc788\ub2e4. 1908\ub144\uc5d0 \ucd9c\ud310\ub41c \uac00\uc0ac\uc9d1 \u300a\ucc2c\ubbf8\uac00\u300b\uc5d0 \uc218\ub85d\ub41c \uac83\uc744 \ube44\ub86f\ud55c \ub9ce\uc740 \uc77c\uc81c \uac15\uc810\uae30\uc758 \uc560\uad6d\uac00 \ucd9c\ud310\ubb3c\uc740 \uc724\uce58\ud638\ub97c \uc791\uc0ac\uc790\ub85c \ub3cc\ub9ac\uace0 \uc788\ub294 \ub4f1 \uc724\uce58\ud638 \uc124\uc5d0\ub294 \uc99d\uac70\uac00 \ub9ce\uc740 \ubc18\uba74[4] \uc548\ucc3d\ud638 \uc124\uc5d0\ub294 \uc2e4\uc99d\uc801\uc778 \uc790\ub8cc\uac00 \ubd80\uc871\ud558\ub2e4.", "made_date": "2020-06-11"}}, {"model": "mainpage.notice", "pk": 6, "fields": {"notice_target": "\ud559\uc0dd", "notice_name": "[\ud559\uc0dd] \uc0c8\ub85c\uc6b4 \ubb38\uc81c \uc5c5\ub370\uc774\ud2b8 \uc548\ub0b4", "notice_content": "\uc560\uad6d\uac00\uc758 \uac00\uc0ac\ub294 1900\ub144\ub300 \ucd08\uc5d0 \uc4f0\uc5ec\uc84c\ub2e4. \uc791\uc0ac\uc790\ub294 \ud06c\uac8c \uc724\uce58\ud638\ub77c\ub294 \uc124\uacfc \uc548\ucc3d\ud638\ub77c\ub294 \uc124 \ub450 \uac00\uc9c0\uac00 \uc788\uc73c\uba70, \uad6d\uc0ac\ud3b8\ucc2c\uc704\uc6d0\ud68c\uc758 \uacf5\uc2dd\uc801\uc778 \uc785\uc7a5\uc73c\ub85c\ub294 \ubbf8\uc0c1\uc774\ub2e4. \uc791\uc0ac\uc790 \uc724\uce58\ud638 \uc124\uc740 \uc724\uce58\ud638\uac00 \uc560\uad6d\uac00\uc758 \uac00\uc0ac\ub97c 1907\ub144\uc5d0 \uc368\uc11c \ud6c4\uc5d0 \uadf8 \uc790\uc2e0\uc758 \uc774\ub984\uc73c\ub85c \ucd9c\ud310\ud588\ub2e4\ub294 \uac83\uc774\ub2e4. \ud55c\ud3b8 \uc548\ucc3d\ud638\uac00 \uc37c\ub2e4\ub294 \uc8fc\uc7a5\uc740 \uc548\ucc3d\ud638\uac00 \uc560\uad6d\uac00\ub97c \ubcf4\uae09\ud558\ub294 \ub370\uc5d0 \uc55e\uc7a5\uc130\ub2e4\ub294 \ub370\uc5d0 \uc911\uc810\uc744 \ub450\uace0 \uc788\ub2e4. 1908\ub144\uc5d0 \ucd9c\ud310\ub41c \uac00\uc0ac\uc9d1 \u300a\ucc2c\ubbf8\uac00\u300b\uc5d0 \uc218\ub85d\ub41c \uac83\uc744 \ube44\ub86f\ud55c \ub9ce\uc740 \uc77c\uc81c \uac15\uc810\uae30\uc758 \uc560\uad6d\uac00 \ucd9c\ud310\ubb3c\uc740 \uc724\uce58\ud638\ub97c \uc791\uc0ac\uc790\ub85c \ub3cc\ub9ac\uace0 \uc788\ub294 \ub4f1 \uc724\uce58\ud638 \uc124\uc5d0\ub294 \uc99d\uac70\uac00 \ub9ce\uc740 \ubc18\uba74[4] \uc548\ucc3d\ud638 \uc124\uc5d0\ub294 \uc2e4\uc99d\uc801\uc778 \uc790\ub8cc\uac00 \ubd80\uc871\ud558\ub2e4.", "made_date": "2020-06-12"}}, {"model": "mainpage.notice", "pk": 7, "fields": {"notice_target": "\uacf5\ud1b5", "notice_name": "[\uacf5\ud1b5] \ubb38\uc758\uc0ac\ud56d\uc2dc \ubb38\uc758 \ubc29\ubc95", "notice_content": "\uc560\uad6d\uac00\uc758 \uac00\uc0ac\ub294 1900\ub144\ub300 \ucd08\uc5d0 \uc4f0\uc5ec\uc84c\ub2e4. \uc791\uc0ac\uc790\ub294 \ud06c\uac8c \uc724\uce58\ud638\ub77c\ub294 \uc124\uacfc \uc548\ucc3d\ud638\ub77c\ub294 \uc124 \ub450 \uac00\uc9c0\uac00 \uc788\uc73c\uba70, \uad6d\uc0ac\ud3b8\ucc2c\uc704\uc6d0\ud68c\uc758 \uacf5\uc2dd\uc801\uc778 \uc785\uc7a5\uc73c\ub85c\ub294 \ubbf8\uc0c1\uc774\ub2e4. \uc791\uc0ac\uc790 \uc724\uce58\ud638 \uc124\uc740 \uc724\uce58\ud638\uac00 \uc560\uad6d\uac00\uc758 \uac00\uc0ac\ub97c 1907\ub144\uc5d0 \uc368\uc11c \ud6c4\uc5d0 \uadf8 \uc790\uc2e0\uc758 \uc774\ub984\uc73c\ub85c \ucd9c\ud310\ud588\ub2e4\ub294 \uac83\uc774\ub2e4. \ud55c\ud3b8 \uc548\ucc3d\ud638\uac00 \uc37c\ub2e4\ub294 \uc8fc\uc7a5\uc740 \uc548\ucc3d\ud638\uac00 \uc560\uad6d\uac00\ub97c \ubcf4\uae09\ud558\ub294 \ub370\uc5d0 \uc55e\uc7a5\uc130\ub2e4\ub294 \ub370\uc5d0 \uc911\uc810\uc744 \ub450\uace0 \uc788\ub2e4. 1908\ub144\uc5d0 \ucd9c\ud310\ub41c \uac00\uc0ac\uc9d1 \u300a\ucc2c\ubbf8\uac00\u300b\uc5d0 \uc218\ub85d\ub41c \uac83\uc744 \ube44\ub86f\ud55c \ub9ce\uc740 \uc77c\uc81c \uac15\uc810\uae30\uc758 \uc560\uad6d\uac00 \ucd9c\ud310\ubb3c\uc740 \uc724\uce58\ud638\ub97c \uc791\uc0ac\uc790\ub85c \ub3cc\ub9ac\uace0 \uc788\ub294 \ub4f1 \uc724\uce58\ud638 \uc124\uc5d0\ub294 \uc99d\uac70\uac00 \ub9ce\uc740 \ubc18\uba74[4] \uc548\ucc3d\ud638 \uc124\uc5d0\ub294 \uc2e4\uc99d\uc801\uc778 \uc790\ub8cc\uac00 \ubd80\uc871\ud558\ub2e4.", "made_date": "2020-06-13"}}, {"model": "mainpage.notice", "pk": 8, "fields": {"notice_target": "\uc120\uc0dd\ub2d8", "notice_name": "[\uc120\uc0dd\ub2d8] \uc790\ub3d9\ucc44\uc810\ud504\ub85c\uc81d\ud2b8 \uc120\uc0dd\ub2d8 \ubaa8\uc9d1\uacf5\uace0", "notice_content": "\uc560\uad6d\uac00\uc758 \uac00\uc0ac\ub294 1900\ub144\ub300 \ucd08\uc5d0 \uc4f0\uc5ec\uc84c\ub2e4. \uc791\uc0ac\uc790\ub294 \ud06c\uac8c \uc724\uce58\ud638\ub77c\ub294 \uc124\uacfc \uc548\ucc3d\ud638\ub77c\ub294 \uc124 \ub450 \uac00\uc9c0\uac00 \uc788\uc73c\uba70, \uad6d\uc0ac\ud3b8\ucc2c\uc704\uc6d0\ud68c\uc758 \uacf5\uc2dd\uc801\uc778 \uc785\uc7a5\uc73c\ub85c\ub294 \ubbf8\uc0c1\uc774\ub2e4. \uc791\uc0ac\uc790 \uc724\uce58\ud638 \uc124\uc740 \uc724\uce58\ud638\uac00 \uc560\uad6d\uac00\uc758 \uac00\uc0ac\ub97c 1907\ub144\uc5d0 \uc368\uc11c \ud6c4\uc5d0 \uadf8 \uc790\uc2e0\uc758 \uc774\ub984\uc73c\ub85c \ucd9c\ud310\ud588\ub2e4\ub294 \uac83\uc774\ub2e4. \ud55c\ud3b8 \uc548\ucc3d\ud638\uac00 \uc37c\ub2e4\ub294 \uc8fc\uc7a5\uc740 \uc548\ucc3d\ud638\uac00 \uc560\uad6d\uac00\ub97c \ubcf4\uae09\ud558\ub294 \ub370\uc5d0 \uc55e\uc7a5\uc130\ub2e4\ub294 \ub370\uc5d0 \uc911\uc810\uc744 \ub450\uace0 \uc788\ub2e4. 1908\ub144\uc5d0 \ucd9c\ud310\ub41c \uac00\uc0ac\uc9d1 \u300a\ucc2c\ubbf8\uac00\u300b\uc5d0 \uc218\ub85d\ub41c \uac83\uc744 \ube44\ub86f\ud55c \ub9ce\uc740 \uc77c\uc81c \uac15\uc810\uae30\uc758 \uc560\uad6d\uac00 \ucd9c\ud310\ubb3c\uc740 \uc724\uce58\ud638\ub97c \uc791\uc0ac\uc790\ub85c \ub3cc\ub9ac\uace0 \uc788\ub294 \ub4f1 \uc724\uce58\ud638 \uc124\uc5d0\ub294 \uc99d\uac70\uac00 \ub9ce\uc740 \ubc18\uba74[4] \uc548\ucc3d\ud638 \uc124\uc5d0\ub294 \uc2e4\uc99d\uc801\uc778 \uc790\ub8cc\uac00 \ubd80\uc871\ud558\ub2e4.", "made_date": "2020-06-14"}}, {"model": "mainpage.notice", "pk": 9, "fields": {"notice_target": "\uacf5\ud1b5", "notice_name": "[\uacf5\ud1b5] \uc11c\ubc84 \ud14c\uc2a4\ud2b8 \uc548\ub0b4", "notice_content": "\uc560\uad6d\uac00\uc758 \uac00\uc0ac\ub294 1900\ub144\ub300 \ucd08\uc5d0 \uc4f0\uc5ec\uc84c\ub2e4. \uc791\uc0ac\uc790\ub294 \ud06c\uac8c \uc724\uce58\ud638\ub77c\ub294 \uc124\uacfc \uc548\ucc3d\ud638\ub77c\ub294 \uc124 \ub450 \uac00\uc9c0\uac00 \uc788\uc73c\uba70, \uad6d\uc0ac\ud3b8\ucc2c\uc704\uc6d0\ud68c\uc758 \uacf5\uc2dd\uc801\uc778 \uc785\uc7a5\uc73c\ub85c\ub294 \ubbf8\uc0c1\uc774\ub2e4. \uc791\uc0ac\uc790 \uc724\uce58\ud638 \uc124\uc740 \uc724\uce58\ud638\uac00 \uc560\uad6d\uac00\uc758 \uac00\uc0ac\ub97c 1907\ub144\uc5d0 \uc368\uc11c \ud6c4\uc5d0 \uadf8 \uc790\uc2e0\uc758 \uc774\ub984\uc73c\ub85c \ucd9c\ud310\ud588\ub2e4\ub294 \uac83\uc774\ub2e4. \ud55c\ud3b8 \uc548\ucc3d\ud638\uac00 \uc37c\ub2e4\ub294 \uc8fc\uc7a5\uc740 \uc548\ucc3d\ud638\uac00 \uc560\uad6d\uac00\ub97c \ubcf4\uae09\ud558\ub294 \ub370\uc5d0 \uc55e\uc7a5\uc130\ub2e4\ub294 \ub370\uc5d0 \uc911\uc810\uc744 \ub450\uace0 \uc788\ub2e4. 1908\ub144\uc5d0 \ucd9c\ud310\ub41c \uac00\uc0ac\uc9d1 \u300a\ucc2c\ubbf8\uac00\u300b\uc5d0 \uc218\ub85d\ub41c \uac83\uc744 \ube44\ub86f\ud55c \ub9ce\uc740 \uc77c\uc81c \uac15\uc810\uae30\uc758 \uc560\uad6d\uac00 \ucd9c\ud310\ubb3c\uc740 \uc724\uce58\ud638\ub97c \uc791\uc0ac\uc790\ub85c \ub3cc\ub9ac\uace0 \uc788\ub294 \ub4f1 \uc724\uce58\ud638 \uc124\uc5d0\ub294 \uc99d\uac70\uac00 \ub9ce\uc740 \ubc18\uba74[4] \uc548\ucc3d\ud638 \uc124\uc5d0\ub294 \uc2e4\uc99d\uc801\uc778 \uc790\ub8cc\uac00 \ubd80\uc871\ud558\ub2e4.", "made_date": "2020-06-15"}}, {"model": "mainpage.notice", "pk": 10, "fields": {"notice_target": "\uacf5\ud1b5", "notice_name": "[\uacf5\ud1b5] \ud14c\uc2a4\ud2b8 \uc11c\ubc84 \uc548\ub0b4", "notice_content": "\uc560\uad6d\uac00\uc758 \uac00\uc0ac\ub294 1900\ub144\ub300 \ucd08\uc5d0 \uc4f0\uc5ec\uc84c\ub2e4. \uc791\uc0ac\uc790\ub294 \ud06c\uac8c \uc724\uce58\ud638\ub77c\ub294 \uc124\uacfc \uc548\ucc3d\ud638\ub77c\ub294 \uc124 \ub450 \uac00\uc9c0\uac00 \uc788\uc73c\uba70, \uad6d\uc0ac\ud3b8\ucc2c\uc704\uc6d0\ud68c\uc758 \uacf5\uc2dd\uc801\uc778 \uc785\uc7a5\uc73c\ub85c\ub294 \ubbf8\uc0c1\uc774\ub2e4. \uc791\uc0ac\uc790 \uc724\uce58\ud638 \uc124\uc740 \uc724\uce58\ud638\uac00 \uc560\uad6d\uac00\uc758 \uac00\uc0ac\ub97c 1907\ub144\uc5d0 \uc368\uc11c \ud6c4\uc5d0 \uadf8 \uc790\uc2e0\uc758 \uc774\ub984\uc73c\ub85c \ucd9c\ud310\ud588\ub2e4\ub294 \uac83\uc774\ub2e4. \ud55c\ud3b8 \uc548\ucc3d\ud638\uac00 \uc37c\ub2e4\ub294 \uc8fc\uc7a5\uc740 \uc548\ucc3d\ud638\uac00 \uc560\uad6d\uac00\ub97c \ubcf4\uae09\ud558\ub294 \ub370\uc5d0 \uc55e\uc7a5\uc130\ub2e4\ub294 \ub370\uc5d0 \uc911\uc810\uc744 \ub450\uace0 \uc788\ub2e4. 1908\ub144\uc5d0 \ucd9c\ud310\ub41c \uac00\uc0ac\uc9d1 \u300a\ucc2c\ubbf8\uac00\u300b\uc5d0 \uc218\ub85d\ub41c \uac83\uc744 \ube44\ub86f\ud55c \ub9ce\uc740 \uc77c\uc81c \uac15\uc810\uae30\uc758 \uc560\uad6d\uac00 \ucd9c\ud310\ubb3c\uc740 \uc724\uce58\ud638\ub97c \uc791\uc0ac\uc790\ub85c \ub3cc\ub9ac\uace0 \uc788\ub294 \ub4f1 \uc724\uce58\ud638 \uc124\uc5d0\ub294 \uc99d\uac70\uac00 \ub9ce\uc740 \ubc18\uba74[4] \uc548\ucc3d\ud638 \uc124\uc5d0\ub294 \uc2e4\uc99d\uc801\uc778 \uc790\ub8cc\uac00 \ubd80\uc871\ud558\ub2e4.", "made_date": "2020-06-16"}}]