[{"model": "mainpage.teacher", "pk": 0, "fields": {"teacher_name": "admin", "school": "admin", "email": "admin@gmail.com", "password": "test1234", "approve": 1}}, {"model": "mainpage.teacher", "pk": 1, "fields": {"teacher_name": "test-teacher", "school": "\u3131\ucd08\ub4f1\ud559\uad50", "email": "test-teacher@gmail.com", "password": "test1234", "approve": 1}}, {"model": "mainpage.teacher", "pk": 2, "fields": {"teacher_name": "\ud64d\uae38\ub3d92", "school": "\u3134\ucd08\ub4f1\ud559\uad50", "email": "hong2@naver.com", "password": "2143123423", "approve": 0}}, {"model": "mainpage.teacher", "pk": 3, "fields": {"teacher_name": "\ud64d\uae38\ub3d93", "school": "\u3137\uc911\ud559\uad50", "email": "hong3@naver.com", "password": "1324243", "approve": 1}}, {"model": "mainpage.teacher", "pk": 4, "fields": {"teacher_name": "\ud64d\uae38\ub3d94", "school": "\u3139\uace0\ub4f1\ud559\uad50", "email": "hong4@naver.com", "password": "13423", "approve": 1}}, {"model": "mainpage.teacher", "pk": 5, "fields": {"teacher_name": "\ud64d\uae38\ub3d95", "school": "\u3142\uc911\ud559\uad50", "email": "hong5@naver.com", "password": "24144", "approve": 0}}, {"model": "mainpage.teacher", "pk": 6, "fields": {"teacher_name": "\ud64d\uae38\ub3d96", "school": "\u3131\ucd08\ub4f1\ud559\uad50", "email": "hong6@naver.com", "password": "1431", "approve": 1}}, {"model": "mainpage.teacher", "pk": 7, "fields": {"teacher_name": "\ud64d\uae38\ub3d97", "school": "\u3134\ucd08\ub4f1\ud559\uad50", "email": "hong7@naver.com", "password": "2143123423", "approve": 0}}, {"model": "mainpage.teacher", "pk": 8, "fields": {"teacher_name": "\ud64d\uae38\ub3d98", "school": "\u3137\uc911\ud559\uad50", "email": "hong8@naver.com", "password": "1324243", "approve": 1}}, {"model": "mainpage.teacher", "pk": 9, "fields": {"teacher_name": "\ud64d\uae38\ub3d99", "school": "\u3139\uace0\ub4f1\ud559\uad50", "email": "hong9@naver.com", "password": "13423", "approve": 1}}, {"model": "mainpage.teacher", "pk": 10, "fields": {"teacher_name": "\ud64d\uae38\ub3d910", "school": "\u3142\uc911\ud559\uad50", "email": "hong10@naver.com", "password": "24144", "approve": 0}}, {"model": "mainpage.assignment", "pk": "24FE7OES", "fields": {"teacher": 1, "assignment_title": "\uacfc\ud559 4\uc8fc\ucc28 \ud3c9\uac00", "type": "\ud559\uc2b5\ud3c9\uac00", "start_date": "2020-04-21", "end_date": "2020-04-22", "made_date": "2020-04-21", "grade": 1, "school_class": 7}}, {"model": "mainpage.assignment", "pk": "354VK3LK", "fields": {"teacher": 3, "assignment_title": "\uacfc\ud559 4\uc8fc\ucc28 \uc219\uc81c", "type": "\uc219\uc81c\ud558\uae30", "start_date": "2020-05-03", "end_date": "2020-05-11", "made_date": "2020-05-01", "grade": 1, "school_class": 4}}, {"model": "mainpage.assignment", "pk": "37ASJKE3", "fields": {"teacher": 2, "assignment_title": "\uc601\uc5b4 3\uc8fc\ucc28 \ud3c9\uac00", "type": "\ud559\uc2b5\ud3c9\uac00", "start_date": "2020-04-26", "end_date": "2020-05-01", "made_date": "2020-04-29", "grade": 2, "school_class": 4}}, {"model": "mainpage.assignment", "pk": "3SD533J2", "fields": {"teacher": 1, "assignment_title": "\uacfc\ud559 3\uc8fc\ucc28 \ud3c9\uac00", "type": "\ud559\uc2b5\ud3c9\uac00", "start_date": "2020-04-13", "end_date": "2020-04-16", "made_date": "2020-04-12", "grade": 1, "school_class": 3}}, {"model": "mainpage.assignment", "pk": "4SADCVS2", "fields": {"teacher": 1, "assignment_title": "\uc0ac\ud68c 3\uc8fc\ucc28 \uc219\uc81c", "type": "\uc219\uc81c\ud558\uae30", "start_date": "2020-04-15", "end_date": "2020-04-18", "made_date": "2020-04-14", "grade": 2, "school_class": 1}}, {"model": "mainpage.assignment", "pk": "518KPZ67", "fields": {"teacher": 2, "assignment_title": "\uc218\ud559 2\uc8fc\ucc28 \ud3c9\uac00", "type": "\ud559\uc2b5\ud3c9\uac00", "start_date": "2020-04-22", "end_date": "2020-04-25", "made_date": "2020-04-22", "grade": 2, "school_class": 5}}, {"model": "mainpage.assignment", "pk": "546A5N3Q", "fields": {"teacher": 1, "assignment_title": "\uacfc\ud559 3\uc8fc\ucc28 \uc219\uc81c", "type": "\uc219\uc81c\ud558\uae30", "start_date": "2020-04-12", "end_date": "2020-04-15", "made_date": "2020-04-11", "grade": 1, "school_class": 3}}, {"model": "mainpage.assignment", "pk": "83SADK9D", "fields": {"teacher": 2, "assignment_title": "\uad6d\uc5b4 1\uc8fc\ucc28 \ud3c9\uac00", "type": "\uc219\uc81c\ud558\uae30", "start_date": "2020-04-24", "end_date": "2020-05-07", "made_date": "2020-04-24", "grade": 2, "school_class": 1}}, {"model": "mainpage.assignment", "pk": "SAD34WD2", "fields": {"teacher": 1, "assignment_title": "\uacfc\ud559 3\uc8fc\ucc28 \uc219\uc81c", "type": "\uc219\uc81c\ud558\uae30", "start_date": "2020-04-15", "end_date": "2020-04-17", "made_date": "2020-04-14", "grade": 1, "school_class": 7}}, {"model": "mainpage.makequestion", "pk": 1, "fields": {"teacher": 1, "question_name": "\ud06c\ub9ac\uc2a4\ub9c8\uc2a4 \uc804\uad6c \uc5f0\uacb0\ud558\uae30", "discription": "\ube68\uac04\uc0c9\uacfc \ud30c\ub780\uc0c9\uc73c\ub85c \uad6c\uc131\ub41c \ud06c\ub9ac\uc2a4\ub9c8\uc2a4 \uc804\uad6c\ub97c \ud06c\ub9ac\uc2a4\ub9c8\uc2a4\ud2b8\ub9ac\uc5d0 \uc124\uce58\ud558\ub2e4\uac00 \ud30c\ub780\uc0c9 \uc804\uad6c \ud55c \uac1c\uac00 \ube60\uc838\ubc84\ub838\uc2b5\ub2c8\ub2e4. \ud06c\ub9ac\uc2a4\ub9c8\uc2a4 \uc804\uad6c\ub97c \uc791\ub3d9\uc2dc\ucf1c\ubcf4\ub2c8, \ud30c\ub780\uc0c9 \uc804\uad6c\ub294 \ubaa8\ub450 \ubd88\uc774 \ub4e4\uc5b4\uc624\uc9c0 \uc54a\uc558\uc9c0\ub9cc, \ube68\uac04\uc0c9 \uc804\uad6c\ub294 \ubd88\uc774 \ub4e4\uc5b4\uc654\uc2b5\ub2c8\ub2e4. \ud06c\ub9ac\uc2a4\ub9c8\uc2a4 \uc804\uad6c\uac00 \ubaa8\ub450 \uace0\uc7a5 \ub098\uc9c0 \uc54a\uace0 \ube68\uac04\uc0c9 \uc804\uad6c\uc5d0\ub294 \ubd88\uc774 \ub4e4\uc5b4\uc628 \uc774\uc720\ub97c \uc804\uae30\uc758 \uc791\uc6a9\uacfc \uc804\uad6c\uc758 \uc5f0\uacb0 \ubc29\ubc95\uc5d0 \uad00\ud55c \uc9c0\uc2dd\uc744 \ud65c\uc6a9\ud558\uc5ec \uc790\uc138\ud558\uac8c \uc124\uba85\ud574 \ubd05\uc2dc\ub2e4.", "answer": "\ud30c\ub780\uc0c9 \uc804\uad6c\ub4e4\uacfc \ube68\uac04\uc0c9 \uc804\uad6c\ub4e4\uc740 \ubcd1\ub82c\ub85c \uc5f0\uacb0\ub418\uc5b4 \ud30c\ub780\uc0c9 \uc804\uad6c \ud558\ub098\uac00 \uace0\uc7a5\ub098\ub354\ub77c\ub3c4 \ubcd1\ub82c\ub85c \uc5f0\uacb0\ub41c \ub2e4\ub978 \uc904\uc758 \ube68\uac04\uc0c9 \uc804\uad6c\ub4e4\uc5d0\ub294 \uc804\ub958\uac00 \ud750\ub97c \uc218 \uc788\uc5c8\uae30 \ub54c\ubb38\uc774\ub2e4.", "image": "makequestion/image/make_question_1.png", "hint": "\ud30c\ub780\uc0c9 \uc804\uad6c \ud558\ub098 \ub54c\ubb38\uc5d0 \ud30c\ub780\uc0c9 \uc804\uad6c\ub4e4\uc774 \ubaa8\ub450 \ubd88\uc774 \ub4e4\uc5b4\uc9c0 \uc54a\ub294 \uc774\uc720\ub294 \ud30c\ub780\uc0c9 \uc804\uad6c\ub07c\ub9ac\ub294 \ud558\ub098\uc758 \uae38\ub85c \uc5f0\uacb0\ub418\uc5c8\uae30 \ub54c\ubb38\uc774\uaca0\uc8e0. \uadf8\ub807\ub2e4\uba74, \ud30c\ub780\uc0c9 \uc804\uad6c\ub4e4\uacfc \ube68\uac04\uc0c9 \uc804\uad6c\ub4e4\uc740 \uc5b4\ub5bb\uac8c \uc5f0\uacb0\ub418\uc5c8\uc744\uc9c0 \uacfc\ud559\uc801 \uc6a9\uc5b4\ub97c \ub5a0\uc62c\ub9ac\uba70 \uc870\uae08 \ub354 \uc0dd\uac01\uc744 \ubc1c\uc804\uc2dc\ucf1c \ubcfc\uae4c\uc694?", "made_date": "2020-04-11", "upload_check": 0}}, {"model": "mainpage.makequestion", "pk": 2, "fields": {"teacher": 2, "question_name": "\ubaa9\uc695\ubb3c \uc628\ub3c4 \ud655\uc778\ud558\uae30", "discription": "\ud604\uc9c4\uc774\ub294 \ubaa9\uc695\uc744 \ud558\uae30 \uc704\ud574 \uba3c\uc800 \ucc28\uac00\uc6b4 \ubb3c\uc744 \ud2c0\uace0, \ub728\uac70\uc6b4 \ubb3c\uc5c8\uc2b5\ub2c8\ub2e4. \ubb3c \ud45c\uba74\uc5d0 \uc190\uc744 \uc0b4\uc9dd \ub123\uc5b4\ubcf4\ub2c8 \ubb3c\uc774 \ub530\ub73b\ud558\uc5ec \ub4e4\uc5b4\uac00\ub2c8 \ubb3c\uc774 \uc5ec\uc804\ud788 \ucc28\uac00\uc6e0\uc2b5\ub2c8\ub2e4. \uadf8\ub7ec\uc790 \uc774\ub97c \ubcf8 \uc5b4\uba38\ub2c8\uaed8\uc11c \ubaa9\uc695\ubb3c\uc774 \uace8\uace0\ub8e8 \ub530\ub73b\ud574\uc9c0\uae30 \uc704\ud574\uc11c\ub294 \uba3c\uc800 \ub728\uac70\uc6b4 \ubb3c\uc744 \ud2c0\uace0 \ucc28\uac00\uc6b4 \ubb3c\uc744 \ud2c0\uc5b4\uc57c \ud55c\ub2e4\uace0 \ub9d0\uc500 \ud558\uc600\uc2b5\ub2c8\ub2e4. \uc65c \ub728\uac70\uc6b4 \ubb3c\uacfc \ucc28\uac00\uc6b4 \ubb3c\uc774 \uace8\uace0\ub8e8 \uc11e\uc774\uae30 \uc704\ud574\uc11c \ub728\uac70\uc6b4 \ubb3c\uc744 \uba3c\uc800 \ud2c0\uc5b4\uc57c \ud558\ub294\uc9c0 \uc5f4\uc758 \uc774\ub3d9\uc5d0 \uad00\ud55c \uc9c0\uc2dd\uc744 \ud65c\uc6a9\ud558\uc5ec \uc790\uc138\ud558\uac8c \uc124\uba85\ud574 \ubd05\uc2dc\ub2e4.", "answer": "\uc561\uccb4\uc5d0\uc11c\ub294 \ub530\ub73b\ud55c \uc561\uccb4\uac00 \uc704\ub85c \uc62c\ub77c\uac00\uace0, \ucc28\uac00\uc6b4 \uc561\uccb4\uac00 \uc544\ub798\ub85c \ub0b4\ub824\uac00\uba70 \uc5f4\uc774 \uc804\ub2ec\ub41c\ub2e4. \uadf8\ub7ec\ubbc0\ub85c \ub728\uac70\uc6b4 \ubb3c\uc744 \uba3c\uc800 \ud2b9\uace0 \ub098\uc911\uc5d0 \ucc28\uac00\uc6b4 \ubb3c\uc744 \ud2c0\uc5b4\uc57c \uc544\ub798\uc5d0 \uc788\ub294 \ub728\uac70\uc6b4 \ubb3c\uc774 \uc704\ub85c \uc62c\ub77c\uac00\uba74\uc11c \ub728\uac70\uc6b4 \ubb3c\uacfc \ucc28\uac00\uc6b4 \ubb3c\uc774 \uace8\uace0\ub8e8 \uc11e\uc77c \uc218 \uc788\uac8c \ub41c\ub2e4.", "image": "makequestion/image/make_question_2.png", "hint": "\ub530\ub73b\ud55c \ubb3c\uacfc \ucc28\uac00\uc6b4 \ubb3c\uc774 \uc5b4\ub514\ub85c \uc774\ub3d9\ud560\uae4c\uc694? \uc870\uae08 \ub354 \uc0dd\uac01\uc744 \ubc1c\uc804\uc2dc\ucf1c \ubcfc\uae4c\uc694?", "made_date": "2020-04-12", "upload_check": 1}}, {"model": "mainpage.makequestion", "pk": 3, "fields": {"teacher": 3, "question_name": "\ud5e4\uc5b4 \uc2a4\ud504\ub808\uc774\uac00 \ucc30\ub791\uac70\ub9ac\ub294 \uc774\uc720", "discription": "\uba4b\uc9c4 \ud5e4\uc5b4\uc2a4\ud0c0\uc77c\uc744 \ub9cc\ub4e4\uae30 \uc704\ud574\uc11c\ub294 \ud5e4\uc5b4 \uc2a4\ud504\ub808\uc774\ub97c \uc0ac\uc6a9\ud558\uace4 \ud569\ub2c8\ub2e4. \ud5e4\uc5b4 \uc2a4\ud504\ub808\uc774\ub294 \ud1b5 \uc548\uc5d0\uc11c\ub294 \uc561\uccb4 \uc0c1\ud0dc\ub85c \uc874\uc7ac\ud558\uc5ec \ud754\ub4e4\uba74 \uc18c\ub9ac\uac00 \ub098\uc9c0\ub9cc, \uba38\ub9ac\uc5d0 \ubfcc\ub9b4 \ub54c\ub294 \ubc16\uc73c\ub85c \ub098\uc624\uba74\uc11c \uae30\uccb4\uac00 \ub429\ub2c8\ub2e4. \uc774\ucc98\ub7fc \uae30\uccb4\ub85c \uc0ac\uc6a9\ud558\ub294 \ubb3c\uc9c8\uc744 \uc561\uccb4 \uc0c1\ud0dc\ub85c \ubcf4\uad00\ud558\ub294 \uc774\uc720\ub294 \ubb34\uc5c7\uc77c\uae4c\uc694? \uacfc\ud559\uc801\uc73c\ub85c \uc124\uba85\ud574\ubd05\uc2dc\ub2e4.", "answer": "\ubb3c\uc9c8\uc758 \uc0c1\ud0dc\uac00 \ubcc0\ud560 \ub54c \ubb3c\uc9c8\uc744 \uc774\ub8e8\ub294 \uc785\uc790\uc758 \uc885\ub958\uc640 \uac1c\uc218\ub294 \ubcc0\ud558\uc9c0 \uc54a\uace0 \uc785\uc790\uc758 \ubc30\uc5f4\ub9cc \ub2ec\ub77c\uc9d1\ub2c8\ub2e4. \ud5e4\uc5b4 \uc2a4\ud504\ub808\uc774\uac00 \uc561\ud654\ud558\uba74 \uc785\uc790 \uc0ac\uc774\uc758 \uac70\ub9ac\uac00 \uac00\uae4c\uc6cc\uc838 \ubd80\ud53c\uac00 \ud06c\uac8c \uc904\uc5b4\ub4ed\ub2c8\ub2e4. \uadf8\ub807\uae30 \ub54c\ubb38\uc5d0 \ubcf4\uad00\uc774 \uc6a9\uc774\ud574\uc9d1\ub2c8\ub2e4.", "image": "makequestion/image/make_question_3.png", "hint": "\uae30\uccb4 \uc0c1\ud0dc\uc640 \uc561\uccb4 \uc0c1\ud0dc\uc5d0\ub294 \uc5b4\ub5a0\ud55c \ucc28\uc774\uac00 \uc788\uc744\uae4c\uc694?", "made_date": "2020-04-14", "upload_check": 1}}, {"model": "mainpage.makequestion", "pk": 4, "fields": {"teacher": 4, "question_name": "\ubb34\uc5ed\uc744 \ud558\ub294 \uc774\uc720", "discription": "\uc6b0\ub9ac\ub098\ub77c\ub294 \ud574\uc678\ub85c \uae40, \uc778\uc0bc, \uc2a4\ub9c8\ud2b8\ud3f0 \ub4f1\uc744 \ub9ce\uc774 \uc218\ucd9c\ud558\uace0 \ucee4\ud53c, \ubc14\ub098\ub098, \uc6d0\uc720 \ub4f1\uc740 \ub2e4\ub978 \ub098\ub77c\ub85c\ubd80\ud130 \uc218\uc785\uc744 \ud569\ub2c8\ub2e4. \uc774\ucc98\ub7fc \uc11c\ub85c \ub2e4\ub978 \ub098\ub77c\ub07c\ub9ac \ub2e4\uc591\ud55c \ubb3c\uac74\uc744 \uc0ac\uace0\ud30c\ub294 \uc774\uc720\ub294 \ubb34\uc5c7\uc77c\uae4c\uc694?", "answer": "\ub098\ub77c\ub9c8\ub2e4 \uac00\uc9c4 \uc790\uc6d0\uc774 \ub2e4\ub974\uae30 \ub54c\ubb38\uc785\ub2c8\ub2e4.\n\ub098\ub77c\ub9c8\ub2e4 \uac00\uc9c4 \uae30\uc220\uc774 \ub2e4\ub974\uae30 \ub54c\ubb38\uc785\ub2c8\ub2e4.\n\ub098\ub77c\ub9c8\ub2e4 \ud544\uc694\ub85c \ud558\ub294 \ubb3c\uac74\uc774 \ub2e4\ub974\uae30 \ub54c\ubb38\uc785\ub2c8\ub2e4.\n\ubb34\uc5ed\uc744 \ud1b5\ud574 \uac01 \ub098\ub77c\uac00 \ud544\uc694\ub85c \ud558\ub294 \uac83\uc744 \uc5bb\uc744 \uc218 \uc788\uae30 \ub54c\ubb38\uc785\ub2c8\ub2e4. \n\ubb34\uc5ed\uc744 \ud1b5\ud574 \uac01 \ub098\ub77c\uac00 \ub3c8\uc744 \ubc8c \uc218 \uc788\uae30 \ub54c\ubb38\uc785\ub2c8\ub2e4.", "image": "makequestion/image/make_question_4.png", "hint": "\uc6b0\ub9ac\ub098\ub77c\uc5d0\uc11c \ub9ce\uc774 \uc0dd\uc0b0\ud558\ub294 \uac83\uc5d0\ub294 \uc5b4\ub5a4 \uac83\uc774 \uc788\ub098\uc694?\n\uc6b0\ub9ac\ub098\ub77c\uc5d0\uc11c \uc804\ud600 \uc0dd\uc0b0\ub418\uc9c0 \uc54a\ub294 \uac83\uc5d0\ub294 \uc5b4\ub5a4 \uac83\uc774 \uc788\ub098\uc694?", "made_date": "2020-04-14", "upload_check": 0}}, {"model": "mainpage.makequestion", "pk": 5, "fields": {"teacher": 5, "question_name": "\uc2dd\ubb3c \ubfcc\ub9ac\uc758 \uae30\ub2a5", "discription": "\uc2dd\ubaa9\uc77c\uc744 \ub9de\uc544 \ud0dc\ud6c8\uc774\uc640 \ud0dc\ud638\ub294 \uc544\ube60\uc640 \ud568\uaed8 \ub9c8\uc744 \ub4b7\uc0b0\uc5d0 \ub098\ubb34\ub97c \ud558\ub098 \uc2ec\uc73c\ub7ec \uac00\uae30\ub85c \ud588\uc2b5\ub2c8\ub2e4. \uc2dd\ubb3c\uc744 \ud759 \uc704\uc5d0 \uc0b4\uc9dd \uc62c\ub824\ub9cc \ub193\uc73c\ub824\uace0\ud558\ub294 \ud0dc\ud638\uc5d0\uac8c \uc544\ube60\ub294 \ub208\uc5d0\ub294 \uc548\ubcf4\uc5ec\ub3c4 \ubfcc\ub9ac\uac00 \uc2dd\ubb3c\uc774 \uc790\ub77c\ub294\ub370 \uc544\uc8fc \uc911\uc694\ud55c \uc5ed\ud560\uc744 \ud558\ub2c8 \uae4a\uac8c \uc798 \uc2ec\uc5b4\uc8fc\uc5b4\uc57c \ud55c\ub2e4\uace0 \ud558\uc168\uc2b5\ub2c8\ub2e4. \uad73\uc774 \uadf8\ub807\uac8c \ubfcc\ub9ac\uae4c\uc9c0 \uc2e0\uacbd \uc4f0\uba70 \uc2ec\uc5b4\uc57c \ud558\ub294\uc9c0 \uadc0\ucc2e\uc544\uc9c0\uae30 \uc2dc\uc791\ud55c \ud0dc\ud638\ub294 \ubd88\ub9cc\uc774 \ub9ce\uc2b5\ub2c8\ub2e4. \uc774 \ubaa8\uc2b5\uc744 \uc9c0\ucf1c\ubcf4\ub358 \ud0dc\ud6c8\uc774\ub294 \ub3d9\uc0dd\uc778 \ud0dc\ud638\uc5d0\uac8c \uc544\ube60\ub294 \uc65c \ubfcc\ub9ac\uae4c\uc9c0 \uc2e0\uacbd\uc744 \uc4f0\uc2dc\uba70 \uc798 \uc2ec\uc73c\ub824\uace0 \ud558\uc2e0 \uac83\uc77c\uc9c0 \uc54c\ub824\uc8fc\ub824\uace0 \ud569\ub2c8\ub2e4. \uc5ec\ub7ec\ubd84\uc774 \ud0dc\ud6c8\uc774\uac00 \ub418\uc5b4\uc11c \ub2e4\uc591\ud55c \uc2dd\ubb3c\uc5d0\uc11c \ubfcc\ub9ac\uac00 \ud558\ub294 \uc77c\ub4e4\uc5d0 \ub300\ud574\uc11c \uc124\uba85\ud574\ubcf4\uc138\uc694.    ", "answer": "\uc2dd\ubb3c\uc758 \ubfcc\ub9ac\ub294 \uc2dd\ubb3c\uccb4\ub97c \uc9c0\uc9c0 \ubc0f \uace0\uc815\ud574\uc8fc\ub294 \uc5ed\ud560, \uc591\ubd84\uc744 \uc800\uc7a5\ud558\ub294 \uc5ed\ud560, \ud1a0\uc591\uc18d\uc758 \ubb3c\uacfc \ubb34\uae30\uc5fc\ub958\ub97c \uc2dd\ubb3c\uccb4\ub85c \uc774\ub3d9\uc2dc\ud0a4\ub294 \uc5ed\ud560\uc744 \ud55c\ub2e4. ", "image": "makequestion/image/make_question_5.png", "hint": "\ubfcc\ub9ac\uac00 \uae4a\uc740 \ub098\ubb34\ub294 \ud0dc\ud48d\uc774 \ubd88\uc5b4\uc640\ub3c4 \uafcb\uafcb\ud558\uac8c \ubc84\ud2f0\ub294 \uacbd\uc6b0\uac00 \ub9ce\uc740\ub370 \uc65c \uadf8\ub7f4\uae4c\uc694?\n\ud654\ubd84 \uc2dd\ubb3c\uc744 \uc2ec\uace0 \ub098\uc11c \uc2a4\ud504\ub808\uc774\ub85c \uc78e\uc5d0\ub9cc \ubb3c\uc744 \uc8fc\uac8c \ub418\uba74 \uc2dd\ubb3c\uc774 \uc798 \ud06c\uc9c0 \ubabb\ud574\uc11c \ubfcc\ub9ac\uae4c\uc9c0 \uc816\ub3c4\ub85d \ubb3c\uc744 \uc8fc\ub77c\uace0 \ud558\ub294 \uc774\uc720\ub294 \ubb34\uc5c7\uc77c\uae4c\uc694?\n\ubb34\uc640 \uace0\uad6c\ub9c8\ub294 \uc720\uba85\ud55c \ubfcc\ub9ac\uc2dd\ubb3c\ub85c \uc54c\ub824\uc838 \uc788\uc2b5\ub2c8\ub2e4. \ubb34\uc640 \uace0\uad6c\ub9c8\uc640 \uac19\uc740 \uc2dd\ubb3c\uc758 \ubfcc\ub9ac\ub294 \uc65c \ub2e4\ub978 \uc2dd\ubb3c\uc758 \ubfcc\ub9ac\ubcf4\ub2e4 \ud074\uae4c\uc694?", "made_date": "2020-04-21", "upload_check": 1}}, {"model": "mainpage.makequestion", "pk": 6, "fields": {"teacher": 6, "question_name": "\ud06c\ub9ac\uc2a4\ub9c8\uc2a4 \uc804\uad6c \uc5f0\uacb0\ud558\uae30", "discription": "\ube68\uac04\uc0c9\uacfc \ud30c\ub780\uc0c9\uc73c\ub85c \uad6c\uc131\ub41c \ud06c\ub9ac\uc2a4\ub9c8\uc2a4 \uc804\uad6c\ub97c \ud06c\ub9ac\uc2a4\ub9c8\uc2a4\ud2b8\ub9ac\uc5d0 \uc124\uce58\ud558\ub2e4\uac00 \ud30c\ub780\uc0c9 \uc804\uad6c \ud55c \uac1c\uac00 \ube60\uc838\ubc84\ub838\uc2b5\ub2c8\ub2e4. \ud06c\ub9ac\uc2a4\ub9c8\uc2a4 \uc804\uad6c\ub97c \uc791\ub3d9\uc2dc\ucf1c\ubcf4\ub2c8, \ud30c\ub780\uc0c9 \uc804\uad6c\ub294 \ubaa8\ub450 \ubd88\uc774 \ub4e4\uc5b4\uc624\uc9c0 \uc54a\uc558\uc9c0\ub9cc, \ube68\uac04\uc0c9 \uc804\uad6c\ub294 \ubd88\uc774 \ub4e4\uc5b4\uc654\uc2b5\ub2c8\ub2e4. \ud06c\ub9ac\uc2a4\ub9c8\uc2a4 \uc804\uad6c\uac00 \ubaa8\ub450 \uace0\uc7a5 \ub098\uc9c0 \uc54a\uace0 \ube68\uac04\uc0c9 \uc804\uad6c\uc5d0\ub294 \ubd88\uc774 \ub4e4\uc5b4\uc628 \uc774\uc720\ub97c \uc804\uae30\uc758 \uc791\uc6a9\uacfc \uc804\uad6c\uc758 \uc5f0\uacb0 \ubc29\ubc95\uc5d0 \uad00\ud55c \uc9c0\uc2dd\uc744 \ud65c\uc6a9\ud558\uc5ec \uc790\uc138\ud558\uac8c \uc124\uba85\ud574 \ubd05\uc2dc\ub2e4.", "answer": "\ud30c\ub780\uc0c9 \uc804\uad6c\ub4e4\uacfc \ube68\uac04\uc0c9 \uc804\uad6c\ub4e4\uc740 \ubcd1\ub82c\ub85c \uc5f0\uacb0\ub418\uc5b4 \ud30c\ub780\uc0c9 \uc804\uad6c \ud558\ub098\uac00 \uace0\uc7a5\ub098\ub354\ub77c\ub3c4 \ubcd1\ub82c\ub85c \uc5f0\uacb0\ub41c \ub2e4\ub978 \uc904\uc758 \ube68\uac04\uc0c9 \uc804\uad6c\ub4e4\uc5d0\ub294 \uc804\ub958\uac00 \ud750\ub97c \uc218 \uc788\uc5c8\uae30 \ub54c\ubb38\uc774\ub2e4.", "image": "makequestion/image/make_question_1.png", "hint": "\ud30c\ub780\uc0c9 \uc804\uad6c \ud558\ub098 \ub54c\ubb38\uc5d0 \ud30c\ub780\uc0c9 \uc804\uad6c\ub4e4\uc774 \ubaa8\ub450 \ubd88\uc774 \ub4e4\uc5b4\uc9c0 \uc54a\ub294 \uc774\uc720\ub294 \ud30c\ub780\uc0c9 \uc804\uad6c\ub07c\ub9ac\ub294 \ud558\ub098\uc758 \uae38\ub85c \uc5f0\uacb0\ub418\uc5c8\uae30 \ub54c\ubb38\uc774\uaca0\uc8e0. \uadf8\ub807\ub2e4\uba74, \ud30c\ub780\uc0c9 \uc804\uad6c\ub4e4\uacfc \ube68\uac04\uc0c9 \uc804\uad6c\ub4e4\uc740 \uc5b4\ub5bb\uac8c \uc5f0\uacb0\ub418\uc5c8\uc744\uc9c0 \uacfc\ud559\uc801 \uc6a9\uc5b4\ub97c \ub5a0\uc62c\ub9ac\uba70 \uc870\uae08 \ub354 \uc0dd\uac01\uc744 \ubc1c\uc804\uc2dc\ucf1c \ubcfc\uae4c\uc694?", "made_date": "2020-05-21", "upload_check": 1}}, {"model": "mainpage.makequestion", "pk": 7, "fields": {"teacher": 7, "question_name": "\ubaa9\uc695\ubb3c \uc628\ub3c4 \ud655\uc778\ud558\uae30", "discription": "\ud604\uc9c4\uc774\ub294 \ubaa9\uc695\uc744 \ud558\uae30 \uc704\ud574 \uba3c\uc800 \ucc28\uac00\uc6b4 \ubb3c\uc744 \ud2c0\uace0, \ub728\uac70\uc6b4 \ubb3c\uc5c8\uc2b5\ub2c8\ub2e4. \ubb3c \ud45c\uba74\uc5d0 \uc190\uc744 \uc0b4\uc9dd \ub123\uc5b4\ubcf4\ub2c8 \ubb3c\uc774 \ub530\ub73b\ud558\uc5ec \ub4e4\uc5b4\uac00\ub2c8 \ubb3c\uc774 \uc5ec\uc804\ud788 \ucc28\uac00\uc6e0\uc2b5\ub2c8\ub2e4. \uadf8\ub7ec\uc790 \uc774\ub97c \ubcf8 \uc5b4\uba38\ub2c8\uaed8\uc11c \ubaa9\uc695\ubb3c\uc774 \uace8\uace0\ub8e8 \ub530\ub73b\ud574\uc9c0\uae30 \uc704\ud574\uc11c\ub294 \uba3c\uc800 \ub728\uac70\uc6b4 \ubb3c\uc744 \ud2c0\uace0 \ucc28\uac00\uc6b4 \ubb3c\uc744 \ud2c0\uc5b4\uc57c \ud55c\ub2e4\uace0 \ub9d0\uc500 \ud558\uc600\uc2b5\ub2c8\ub2e4. \uc65c \ub728\uac70\uc6b4 \ubb3c\uacfc \ucc28\uac00\uc6b4 \ubb3c\uc774 \uace8\uace0\ub8e8 \uc11e\uc774\uae30 \uc704\ud574\uc11c \ub728\uac70\uc6b4 \ubb3c\uc744 \uba3c\uc800 \ud2c0\uc5b4\uc57c \ud558\ub294\uc9c0 \uc5f4\uc758 \uc774\ub3d9\uc5d0 \uad00\ud55c \uc9c0\uc2dd\uc744 \ud65c\uc6a9\ud558\uc5ec \uc790\uc138\ud558\uac8c \uc124\uba85\ud574 \ubd05\uc2dc\ub2e4.", "answer": "\uc561\uccb4\uc5d0\uc11c\ub294 \ub530\ub73b\ud55c \uc561\uccb4\uac00 \uc704\ub85c \uc62c\ub77c\uac00\uace0, \ucc28\uac00\uc6b4 \uc561\uccb4\uac00 \uc544\ub798\ub85c \ub0b4\ub824\uac00\uba70 \uc5f4\uc774 \uc804\ub2ec\ub41c\ub2e4. \uadf8\ub7ec\ubbc0\ub85c \ub728\uac70\uc6b4 \ubb3c\uc744 \uba3c\uc800 \ud2b9\uace0 \ub098\uc911\uc5d0 \ucc28\uac00\uc6b4 \ubb3c\uc744 \ud2c0\uc5b4\uc57c \uc544\ub798\uc5d0 \uc788\ub294 \ub728\uac70\uc6b4 \ubb3c\uc774 \uc704\ub85c \uc62c\ub77c\uac00\uba74\uc11c \ub728\uac70\uc6b4 \ubb3c\uacfc \ucc28\uac00\uc6b4 \ubb3c\uc774 \uace8\uace0\ub8e8 \uc11e\uc77c \uc218 \uc788\uac8c \ub41c\ub2e4.", "image": "makequestion/image/make_question_6.png", "hint": "\ub530\ub73b\ud55c \ubb3c\uacfc \ucc28\uac00\uc6b4 \ubb3c\uc774 \uc5b4\ub514\ub85c \uc774\ub3d9\ud560\uae4c\uc694? \uc870\uae08 \ub354 \uc0dd\uac01\uc744 \ubc1c\uc804\uc2dc\ucf1c \ubcfc\uae4c\uc694?", "made_date": "2020-04-12", "upload_check": 0}}, {"model": "mainpage.makequestion", "pk": 8, "fields": {"teacher": 8, "question_name": "\ud5e4\uc5b4 \uc2a4\ud504\ub808\uc774\uac00 \ucc30\ub791\uac70\ub9ac\ub294 \uc774\uc720", "discription": "\uba4b\uc9c4 \ud5e4\uc5b4\uc2a4\ud0c0\uc77c\uc744 \ub9cc\ub4e4\uae30 \uc704\ud574\uc11c\ub294 \ud5e4\uc5b4 \uc2a4\ud504\ub808\uc774\ub97c \uc0ac\uc6a9\ud558\uace4 \ud569\ub2c8\ub2e4. \ud5e4\uc5b4 \uc2a4\ud504\ub808\uc774\ub294 \ud1b5 \uc548\uc5d0\uc11c\ub294 \uc561\uccb4 \uc0c1\ud0dc\ub85c \uc874\uc7ac\ud558\uc5ec \ud754\ub4e4\uba74 \uc18c\ub9ac\uac00 \ub098\uc9c0\ub9cc, \uba38\ub9ac\uc5d0 \ubfcc\ub9b4 \ub54c\ub294 \ubc16\uc73c\ub85c \ub098\uc624\uba74\uc11c \uae30\uccb4\uac00 \ub429\ub2c8\ub2e4. \uc774\ucc98\ub7fc \uae30\uccb4\ub85c \uc0ac\uc6a9\ud558\ub294 \ubb3c\uc9c8\uc744 \uc561\uccb4 \uc0c1\ud0dc\ub85c \ubcf4\uad00\ud558\ub294 \uc774\uc720\ub294 \ubb34\uc5c7\uc77c\uae4c\uc694? \uacfc\ud559\uc801\uc73c\ub85c \uc124\uba85\ud574\ubd05\uc2dc\ub2e4.", "answer": "\ubb3c\uc9c8\uc758 \uc0c1\ud0dc\uac00 \ubcc0\ud560 \ub54c \ubb3c\uc9c8\uc744 \uc774\ub8e8\ub294 \uc785\uc790\uc758 \uc885\ub958\uc640 \uac1c\uc218\ub294 \ubcc0\ud558\uc9c0 \uc54a\uace0 \uc785\uc790\uc758 \ubc30\uc5f4\ub9cc \ub2ec\ub77c\uc9d1\ub2c8\ub2e4. \ud5e4\uc5b4 \uc2a4\ud504\ub808\uc774\uac00 \uc561\ud654\ud558\uba74 \uc785\uc790 \uc0ac\uc774\uc758 \uac70\ub9ac\uac00 \uac00\uae4c\uc6cc\uc838 \ubd80\ud53c\uac00 \ud06c\uac8c \uc904\uc5b4\ub4ed\ub2c8\ub2e4. \uadf8\ub807\uae30 \ub54c\ubb38\uc5d0 \ubcf4\uad00\uc774 \uc6a9\uc774\ud574\uc9d1\ub2c8\ub2e4.", "image": "makequestion/image/make_question_3.png", "hint": "\uae30\uccb4 \uc0c1\ud0dc\uc640 \uc561\uccb4 \uc0c1\ud0dc\uc5d0\ub294 \uc5b4\ub5a0\ud55c \ucc28\uc774\uac00 \uc788\uc744\uae4c\uc694?", "made_date": "2020-04-13", "upload_check": 0}}, {"model": "mainpage.makequestion", "pk": 9, "fields": {"teacher": 9, "question_name": "\ubb34\uc5ed\uc744 \ud558\ub294 \uc774\uc720", "discription": "\uc6b0\ub9ac\ub098\ub77c\ub294 \ud574\uc678\ub85c \uae40, \uc778\uc0bc, \uc2a4\ub9c8\ud2b8\ud3f0 \ub4f1\uc744 \ub9ce\uc774 \uc218\ucd9c\ud558\uace0 \ucee4\ud53c, \ubc14\ub098\ub098, \uc6d0\uc720 \ub4f1\uc740 \ub2e4\ub978 \ub098\ub77c\ub85c\ubd80\ud130 \uc218\uc785\uc744 \ud569\ub2c8\ub2e4. \uc774\ucc98\ub7fc \uc11c\ub85c \ub2e4\ub978 \ub098\ub77c\ub07c\ub9ac \ub2e4\uc591\ud55c \ubb3c\uac74\uc744 \uc0ac\uace0\ud30c\ub294 \uc774\uc720\ub294 \ubb34\uc5c7\uc77c\uae4c\uc694?", "answer": "\ub098\ub77c\ub9c8\ub2e4 \uac00\uc9c4 \uc790\uc6d0\uc774 \ub2e4\ub974\uae30 \ub54c\ubb38\uc785\ub2c8\ub2e4.\n\ub098\ub77c\ub9c8\ub2e4 \uac00\uc9c4 \uae30\uc220\uc774 \ub2e4\ub974\uae30 \ub54c\ubb38\uc785\ub2c8\ub2e4.\n\ub098\ub77c\ub9c8\ub2e4 \ud544\uc694\ub85c \ud558\ub294 \ubb3c\uac74\uc774 \ub2e4\ub974\uae30 \ub54c\ubb38\uc785\ub2c8\ub2e4.\n\ubb34\uc5ed\uc744 \ud1b5\ud574 \uac01 \ub098\ub77c\uac00 \ud544\uc694\ub85c \ud558\ub294 \uac83\uc744 \uc5bb\uc744 \uc218 \uc788\uae30 \ub54c\ubb38\uc785\ub2c8\ub2e4. \n\ubb34\uc5ed\uc744 \ud1b5\ud574 \uac01 \ub098\ub77c\uac00 \ub3c8\uc744 \ubc8c \uc218 \uc788\uae30 \ub54c\ubb38\uc785\ub2c8\ub2e4.", "image": "makequestion/image/make_question_4.png", "hint": "\uc6b0\ub9ac\ub098\ub77c\uc5d0\uc11c \ub9ce\uc774 \uc0dd\uc0b0\ud558\ub294 \uac83\uc5d0\ub294 \uc5b4\ub5a4 \uac83\uc774 \uc788\ub098\uc694?\n\uc6b0\ub9ac\ub098\ub77c\uc5d0\uc11c \uc804\ud600 \uc0dd\uc0b0\ub418\uc9c0 \uc54a\ub294 \uac83\uc5d0\ub294 \uc5b4\ub5a4 \uac83\uc774 \uc788\ub098\uc694?", "made_date": "2020-04-14", "upload_check": 1}}, {"model": "mainpage.makequestion", "pk": 10, "fields": {"teacher": 10, "question_name": "\uc2dd\ubb3c \ubfcc\ub9ac\uc758 \uae30\ub2a5", "discription": "\uc2dd\ubaa9\uc77c\uc744 \ub9de\uc544 \ud0dc\ud6c8\uc774\uc640 \ud0dc\ud638\ub294 \uc544\ube60\uc640 \ud568\uaed8 \ub9c8\uc744 \ub4b7\uc0b0\uc5d0 \ub098\ubb34\ub97c \ud558\ub098 \uc2ec\uc73c\ub7ec \uac00\uae30\ub85c \ud588\uc2b5\ub2c8\ub2e4. \uc2dd\ubb3c\uc744 \ud759 \uc704\uc5d0 \uc0b4\uc9dd \uc62c\ub824\ub9cc \ub193\uc73c\ub824\uace0\ud558\ub294 \ud0dc\ud638\uc5d0\uac8c \uc544\ube60\ub294 \ub208\uc5d0\ub294 \uc548\ubcf4\uc5ec\ub3c4 \ubfcc\ub9ac\uac00 \uc2dd\ubb3c\uc774 \uc790\ub77c\ub294\ub370 \uc544\uc8fc \uc911\uc694\ud55c \uc5ed\ud560\uc744 \ud558\ub2c8 \uae4a\uac8c \uc798 \uc2ec\uc5b4\uc8fc\uc5b4\uc57c \ud55c\ub2e4\uace0 \ud558\uc168\uc2b5\ub2c8\ub2e4. \uad73\uc774 \uadf8\ub807\uac8c \ubfcc\ub9ac\uae4c\uc9c0 \uc2e0\uacbd \uc4f0\uba70 \uc2ec\uc5b4\uc57c \ud558\ub294\uc9c0 \uadc0\ucc2e\uc544\uc9c0\uae30 \uc2dc\uc791\ud55c \ud0dc\ud638\ub294 \ubd88\ub9cc\uc774 \ub9ce\uc2b5\ub2c8\ub2e4. \uc774 \ubaa8\uc2b5\uc744 \uc9c0\ucf1c\ubcf4\ub358 \ud0dc\ud6c8\uc774\ub294 \ub3d9\uc0dd\uc778 \ud0dc\ud638\uc5d0\uac8c \uc544\ube60\ub294 \uc65c \ubfcc\ub9ac\uae4c\uc9c0 \uc2e0\uacbd\uc744 \uc4f0\uc2dc\uba70 \uc798 \uc2ec\uc73c\ub824\uace0 \ud558\uc2e0 \uac83\uc77c\uc9c0 \uc54c\ub824\uc8fc\ub824\uace0 \ud569\ub2c8\ub2e4. \uc5ec\ub7ec\ubd84\uc774 \ud0dc\ud6c8\uc774\uac00 \ub418\uc5b4\uc11c \ub2e4\uc591\ud55c \uc2dd\ubb3c\uc5d0\uc11c \ubfcc\ub9ac\uac00 \ud558\ub294 \uc77c\ub4e4\uc5d0 \ub300\ud574\uc11c \uc124\uba85\ud574\ubcf4\uc138\uc694.    ", "answer": "\uc2dd\ubb3c\uc758 \ubfcc\ub9ac\ub294 \uc2dd\ubb3c\uccb4\ub97c \uc9c0\uc9c0 \ubc0f \uace0\uc815\ud574\uc8fc\ub294 \uc5ed\ud560, \uc591\ubd84\uc744 \uc800\uc7a5\ud558\ub294 \uc5ed\ud560, \ud1a0\uc591\uc18d\uc758 \ubb3c\uacfc \ubb34\uae30\uc5fc\ub958\ub97c \uc2dd\ubb3c\uccb4\ub85c \uc774\ub3d9\uc2dc\ud0a4\ub294 \uc5ed\ud560\uc744 \ud55c\ub2e4. ", "image": "makequestion/image/make_question_5.png", "hint": "\ubfcc\ub9ac\uac00 \uae4a\uc740 \ub098\ubb34\ub294 \ud0dc\ud48d\uc774 \ubd88\uc5b4\uc640\ub3c4 \uafcb\uafcb\ud558\uac8c \ubc84\ud2f0\ub294 \uacbd\uc6b0\uac00 \ub9ce\uc740\ub370 \uc65c \uadf8\ub7f4\uae4c\uc694?\n\ud654\ubd84 \uc2dd\ubb3c\uc744 \uc2ec\uace0 \ub098\uc11c \uc2a4\ud504\ub808\uc774\ub85c \uc78e\uc5d0\ub9cc \ubb3c\uc744 \uc8fc\uac8c \ub418\uba74 \uc2dd\ubb3c\uc774 \uc798 \ud06c\uc9c0 \ubabb\ud574\uc11c \ubfcc\ub9ac\uae4c\uc9c0 \uc816\ub3c4\ub85d \ubb3c\uc744 \uc8fc\ub77c\uace0 \ud558\ub294 \uc774\uc720\ub294 \ubb34\uc5c7\uc77c\uae4c\uc694?\n\ubb34\uc640 \uace0\uad6c\ub9c8\ub294 \uc720\uba85\ud55c \ubfcc\ub9ac\uc2dd\ubb3c\ub85c \uc54c\ub824\uc838 \uc788\uc2b5\ub2c8\ub2e4. \ubb34\uc640 \uace0\uad6c\ub9c8\uc640 \uac19\uc740 \uc2dd\ubb3c\uc758 \ubfcc\ub9ac\ub294 \uc65c \ub2e4\ub978 \uc2dd\ubb3c\uc758 \ubfcc\ub9ac\ubcf4\ub2e4 \ud074\uae4c\uc694?", "made_date": "2020-04-15", "upload_check": 1}}, {"model": "mainpage.selfsolvedata", "pk": 1, "fields": {"make_question": 1, "response": "\ud06c\ub9ac\uc2a4\ub9c8\uc2a4 \uc804\uad6c\uc5d0 \ub300\ud55c \ub2f5\ubcc0\uc785\ub2c8\ub2e4.", "score": "0.00", "submit_date": "2020-04-15"}}, {"model": "mainpage.selfsolvedata", "pk": 2, "fields": {"make_question": 1, "response": "\ud30c\ub780\uc0c9 \uc804\uad6c\ub4e4\uacfc \ube68\uac04\uc0c9 \uc804\uad6c\ub4e4\uc740 \ubcd1\ub82c\ub85c \uc5f0\uacb0\ub418\uc5b4 \ud30c\ub780\uc0c9 \uc804\uad6c \ud558\ub098\uac00 \uace0\uc7a5\ub098\ub354\ub77c\ub3c4 \ubcd1\ub82c\ub85c \uc5f0\uacb0\ub41c \ub2e4\ub978 \uc904\uc758 \ube68\uac04\uc0c9 \uc804\uad6c\ub4e4\uc5d0\ub294 \uc804\ub958\uac00 \ud750\ub97c \uc218 \uc788\uc5c8\uae30 \ub54c\ubb38\uc774\ub2e4.", "score": "3.00", "submit_date": "2020-04-16"}}, {"model": "mainpage.selfsolvedata", "pk": 3, "fields": {"make_question": 2, "response": "\uc561\uccb4\uc5d0\uc11c\ub294 \ub530\ub73b\ud55c \uc561\uccb4\uac00 \uc704\ub85c \uc62c\ub77c\uac00\uace0, \ucc28\uac00\uc6b4 \uc561\uccb4\uac00 \uc544\ub798\ub85c \ub0b4\ub824\uac00\uba70 \uc5f4\uc774 \uc804\ub2ec\ub41c\ub2e4. \uadf8\ub7ec\ubbc0\ub85c \ub728\uac70\uc6b4 \ubb3c\uc744 \uba3c\uc800 \ud2b9\uace0 \ub098\uc911\uc5d0 \ucc28\uac00\uc6b4 \ubb3c\uc744 \ud2c0\uc5b4\uc57c \uc544\ub798\uc5d0 \uc788\ub294 \ub728\uac70\uc6b4 \ubb3c\uc774 \uc704\ub85c \uc62c\ub77c\uac00\uba74\uc11c \ub728\uac70\uc6b4 \ubb3c\uacfc \ucc28\uac00\uc6b4 \ubb3c\uc774 \uace8\uace0\ub8e8 \uc11e\uc77c \uc218 \uc788\uac8c \ub41c\ub2e4.", "score": "2.00", "submit_date": "2020-04-17"}}, {"model": "mainpage.selfsolvedata", "pk": 4, "fields": {"make_question": 3, "response": "\ubb3c\uc9c8\uc758 \uc0c1\ud0dc\uac00...", "score": "0.00", "submit_date": "2020-04-18"}}, {"model": "mainpage.selfsolvedata", "pk": 5, "fields": {"make_question": 3, "response": "\ubb3c\uc9c8\uc758 \uc0c1\ud0dc\uac00 \ubcc0\ud560 \ub54c \ubb3c\uc9c8\uc744 \uc774\ub8e8\ub294 \uc785\uc790\uc758 \uc885\ub958\uc640 \uac1c\uc218\ub294 \ubcc0\ud558\uc9c0 \uc54a\uace0 \uc785\uc790\uc758 \ubc30\uc5f4\ub9cc \ub2ec\ub77c\uc9d1\ub2c8\ub2e4. \ud5e4\uc5b4 \uc2a4\ud504\ub808\uc774\uac00 \uc561\ud654\ud558\uba74 \uc785\uc790 \uc0ac\uc774\uc758 \uac70\ub9ac\uac00 \uac00\uae4c\uc6cc\uc838 \ubd80\ud53c\uac00 \ud06c\uac8c \uc904\uc5b4\ub4ed\ub2c8\ub2e4. \uadf8\ub807\uae30 \ub54c\ubb38\uc5d0 \ubcf4\uad00\uc774 \uc6a9\uc774\ud574\uc9d1\ub2c8\ub2e4.", "score": "3.00", "submit_date": "2020-04-22"}}, {"model": "mainpage.selfsolvedata", "pk": 6, "fields": {"make_question": 2, "response": "\uc561\uccb4\uc5d0\uc11c\ub294 \ub530\ub73b\ud55c \uc561\uccb4\uac00 \uc704\ub85c \uc62c\ub77c\uac00\uace0, \ucc28\uac00\uc6b4 \uc561\uccb4\uac00 \uc544\ub798\ub85c \ub0b4\ub824\uac00\uba70 \uc5f4\uc774 \uc804\ub2ec\ub41c\ub2e4. \uadf8\ub7ec\ubbc0\ub85c \ub728\uac70\uc6b4 \ubb3c\uc744 \uba3c\uc800 \ud2b9\uace0 \ub098\uc911\uc5d0 \ucc28\uac00\uc6b4 \ubb3c\uc744 \ud2c0\uc5b4\uc57c \uc544\ub798\uc5d0 \uc788\ub294 \ub728\uac70\uc6b4 \ubb3c\uc774 \uc704\ub85c \uc62c\ub77c\uac00\uba74\uc11c \ub728\uac70\uc6b4 \ubb3c\uacfc \ucc28\uac00\uc6b4 \ubb3c\uc774 \uace8\uace0\ub8e8 \uc11e\uc77c \uc218 \uc788\uac8c \ub41c\ub2e4.", "score": "2.00", "submit_date": "2020-04-20"}}, {"model": "mainpage.selfsolvedata", "pk": 7, "fields": {"make_question": 3, "response": "\ubb3c\uc9c8\uc758 \uc0c1\ud0dc\uac00...", "score": "0.00", "submit_date": "2020-04-21"}}, {"model": "mainpage.selfsolvedata", "pk": 8, "fields": {"make_question": 3, "response": "\ubb3c\uc9c8\uc758 \uc0c1\ud0dc\uac00 \ubcc0\ud560 \ub54c \ubb3c\uc9c8\uc744 \uc774\ub8e8\ub294 \uc785\uc790\uc758 \uc885\ub958\uc640 \uac1c\uc218\ub294 \ubcc0\ud558\uc9c0 \uc54a\uace0 \uc785\uc790\uc758 \ubc30\uc5f4\ub9cc \ub2ec\ub77c\uc9d1\ub2c8\ub2e4. \ud5e4\uc5b4 \uc2a4\ud504\ub808\uc774\uac00 \uc561\ud654\ud558\uba74 \uc785\uc790 \uc0ac\uc774\uc758 \uac70\ub9ac\uac00 \uac00\uae4c\uc6cc\uc838 \ubd80\ud53c\uac00 \ud06c\uac8c \uc904\uc5b4\ub4ed\ub2c8\ub2e4. \uadf8\ub807\uae30 \ub54c\ubb38\uc5d0 \ubcf4\uad00\uc774 \uc6a9\uc774\ud574\uc9d1\ub2c8\ub2e4.", "score": "3.00", "submit_date": "2020-04-22"}}, {"model": "mainpage.mark", "pk": 1, "fields": {"make_question": 1, "mark_text": "\ud06c\ub9ac\uc2a4\ub9c8\uc2a4_\uc804\uad6c_\ucc44\uc810\uc900\uac701"}}, {"model": "mainpage.mark", "pk": 2, "fields": {"make_question": 1, "mark_text": "\ud06c\ub9ac\uc2a4\ub9c8\uc2a4_\uc804\uad6c_\ucc44\uc810\uc900\uac702"}}, {"model": "mainpage.mark", "pk": 3, "fields": {"make_question": 1, "mark_text": "\ud06c\ub9ac\uc2a4\ub9c8\uc2a4_\uc804\uad6c_\ucc44\uc810\uc900\uac703"}}, {"model": "mainpage.mark", "pk": 4, "fields": {"make_question": 2, "mark_text": "\ubaa9\uc695\ubb3c_\uc628\ub3c4_\ucc44\uc810\uc900\uac701"}}, {"model": "mainpage.mark", "pk": 5, "fields": {"make_question": 2, "mark_text": "\ubaa9\uc695\ubb3c_\uc628\ub3c4_\ucc44\uc810\uc900\uac702"}}, {"model": "mainpage.mark", "pk": 6, "fields": {"make_question": 2, "mark_text": "\ubaa9\uc695\ubb3c_\uc628\ub3c4_\ucc44\uc810\uc900\uac703"}}, {"model": "mainpage.mark", "pk": 7, "fields": {"make_question": 3, "mark_text": "\ud5e4\uc5b4_\uc2a4\ud504\ub808\uc774_\ucc44\uc810\uc900\uac70_1"}}, {"model": "mainpage.mark", "pk": 8, "fields": {"make_question": 3, "mark_text": "\ud5e4\uc5b4_\uc2a4\ud504\ub808\uc774_\ucc44\uc810\uc900\uac70_2"}}, {"model": "mainpage.mark", "pk": 9, "fields": {"make_question": 4, "mark_text": "\ubb34\uc5ed_\uc774\uc720_\ucc44\uc810\uc900\uac70_1"}}, {"model": "mainpage.mark", "pk": 10, "fields": {"make_question": 4, "mark_text": "\ubb34\uc5ed_\uc774\uc720_\ucc44\uc810\uc900\uac70_2"}}, {"model": "mainpage.mark", "pk": 11, "fields": {"make_question": 5, "mark_text": "\uc2dd\ubb3c_\ucc44\uc810\uc900\uac70_1"}}, {"model": "mainpage.mark", "pk": 12, "fields": {"make_question": 5, "mark_text": "\uc2dd\ubb3c_\ucc44\uc810\uc900\uac70_2"}}, {"model": "mainpage.mark", "pk": 13, "fields": {"make_question": 5, "mark_text": "\uc2dd\ubb3c_\ucc44\uc810\uc900\uac70_3"}}, {"model": "mainpage.mark", "pk": 14, "fields": {"make_question": 6, "mark_text": "\ud06c\ub9ac\uc2a4\ub9c8\uc2a4\uc804\uad6c_\ucc44\uc810\uc900\uac701"}}, {"model": "mainpage.mark", "pk": 15, "fields": {"make_question": 6, "mark_text": "\ud06c\ub9ac\uc2a4\ub9c8\uc2a4\uc804\uad6c_\ucc44\uc810\uc900\uac702"}}, {"model": "mainpage.mark", "pk": 16, "fields": {"make_question": 6, "mark_text": "\ud06c\ub9ac\uc2a4\ub9c8\uc2a4\uc804\uad6c_\ucc44\uc810\uc900\uac703"}}, {"model": "mainpage.mark", "pk": 17, "fields": {"make_question": 7, "mark_text": "\ubaa9\uc695\ubb3c_\ucc44\uc810\uc900\uac70_1"}}, {"model": "mainpage.mark", "pk": 18, "fields": {"make_question": 7, "mark_text": "\ubaa9\uc695\ubb3c_\ucc44\uc810\uc900\uac70_2"}}, {"model": "mainpage.mark", "pk": 19, "fields": {"make_question": 7, "mark_text": "\ubaa9\uc695\ubb3c_\ucc44\uc810\uc900\uac70_3"}}, {"model": "mainpage.mark", "pk": 20, "fields": {"make_question": 8, "mark_text": "\ud5e4\uc5b4\uc2a4\ud504\ub808\uc774_\ucc44\uc810\uc900\uac70_1"}}, {"model": "mainpage.mark", "pk": 21, "fields": {"make_question": 8, "mark_text": "\ud5e4\uc5b4\uc2a4\ud504\ub808\uc774_\ucc44\uc810\uc900\uac70_2"}}, {"model": "mainpage.mark", "pk": 22, "fields": {"make_question": 9, "mark_text": "\ubb34\uc5ed_\ucc44\uc810\uc900\uac70_1"}}, {"model": "mainpage.mark", "pk": 23, "fields": {"make_question": 9, "mark_text": "\ubb34\uc5ed_\ucc44\uc810\uc900\uac70_2"}}, {"model": "mainpage.mark", "pk": 24, "fields": {"make_question": 9, "mark_text": "\ubb34\uc5ed_\ucc44\uc810\uc900\uac70_3"}}, {"model": "mainpage.mark", "pk": 25, "fields": {"make_question": 10, "mark_text": "\uc2dd\ubb3c_\ucc44\uc810\uc900\uac70_1"}}, {"model": "mainpage.mark", "pk": 26, "fields": {"make_question": 10, "mark_text": "\uc2dd\ubb3c_\ucc44\uc810\uc900\uac70_2"}}, {"model": "mainpage.mark", "pk": 27, "fields": {"make_question": 10, "mark_text": "\uc2dd\ubb3c_\ucc44\uc810\uc900\uac70_3"}}, {"model": "mainpage.category", "pk": 1, "fields": {"category_name": "\uad6d\uc5b4"}}, {"model": "mainpage.category", "pk": 2, "fields": {"category_name": "\uc218\ud559"}}, {"model": "mainpage.category", "pk": 3, "fields": {"category_name": "\uc0ac\ud68c"}}, {"model": "mainpage.category", "pk": 4, "fields": {"category_name": "\uacfc\ud559"}}, {"model": "mainpage.category", "pk": 5, "fields": {"category_name": "\uc601\uc5b4"}}, {"model": "mainpage.category", "pk": 6, "fields": {"category_name": "\uc5ed\uc0ac"}}, {"model": "mainpage.category", "pk": 7, "fields": {"category_name": "\uc815\ubcf4"}}, {"model": "mainpage.category", "pk": 8, "fields": {"category_name": "\ub3c4\ub355"}}, {"model": "mainpage.question", "pk": 1, "fields": {"category": 4, "question_name": "\ud06c\ub9ac\uc2a4\ub9c8\uc2a4 \uc804\uad6c \uc5f0\uacb0\ud558\uae30", "discription": "\ube68\uac04\uc0c9\uacfc \ud30c\ub780\uc0c9\uc73c\ub85c \uad6c\uc131\ub41c \ud06c\ub9ac\uc2a4\ub9c8\uc2a4 \uc804\uad6c\ub97c \ud06c\ub9ac\uc2a4\ub9c8\uc2a4\ud2b8\ub9ac\uc5d0 \uc124\uce58\ud558\ub2e4\uac00 \ud30c\ub780\uc0c9 \uc804\uad6c \ud55c \uac1c\uac00 \ube60\uc838\ubc84\ub838\uc2b5\ub2c8\ub2e4. \ud06c\ub9ac\uc2a4\ub9c8\uc2a4 \uc804\uad6c\ub97c \uc791\ub3d9\uc2dc\ucf1c\ubcf4\ub2c8, \ud30c\ub780\uc0c9 \uc804\uad6c\ub294 \ubaa8\ub450 \ubd88\uc774 \ub4e4\uc5b4\uc624\uc9c0 \uc54a\uc558\uc9c0\ub9cc, \ube68\uac04\uc0c9 \uc804\uad6c\ub294 \ubd88\uc774 \ub4e4\uc5b4\uc654\uc2b5\ub2c8\ub2e4. \ud06c\ub9ac\uc2a4\ub9c8\uc2a4 \uc804\uad6c\uac00 \ubaa8\ub450 \uace0\uc7a5 \ub098\uc9c0 \uc54a\uace0 \ube68\uac04\uc0c9 \uc804\uad6c\uc5d0\ub294 \ubd88\uc774 \ub4e4\uc5b4\uc628 \uc774\uc720\ub97c \uc804\uae30\uc758 \uc791\uc6a9\uacfc \uc804\uad6c\uc758 \uc5f0\uacb0 \ubc29\ubc95\uc5d0 \uad00\ud55c \uc9c0\uc2dd\uc744 \ud65c\uc6a9\ud558\uc5ec \uc790\uc138\ud558\uac8c \uc124\uba85\ud574 \ubd05\uc2dc\ub2e4.", "answer": "\ud30c\ub780\uc0c9 \uc804\uad6c\ub4e4\uacfc \ube68\uac04\uc0c9 \uc804\uad6c\ub4e4\uc740 \ubcd1\ub82c\ub85c \uc5f0\uacb0\ub418\uc5b4 \ud30c\ub780\uc0c9 \uc804\uad6c \ud558\ub098\uac00 \uace0\uc7a5\ub098\ub354\ub77c\ub3c4 \ubcd1\ub82c\ub85c \uc5f0\uacb0\ub41c \ub2e4\ub978 \uc904\uc758 \ube68\uac04\uc0c9 \uc804\uad6c\ub4e4\uc5d0\ub294 \uc804\ub958\uac00 \ud750\ub97c \uc218 \uc788\uc5c8\uae30 \ub54c\ubb38\uc774\ub2e4. ", "image": "question/image/question_1.png", "hint": "\ud30c\ub780\uc0c9 \uc804\uad6c \ud558\ub098 \ub54c\ubb38\uc5d0 \ud30c\ub780\uc0c9 \uc804\uad6c\ub4e4\uc774 \ubaa8\ub450 \ubd88\uc774 \ub4e4\uc5b4\uc624\uc9c0 \uc54a\ub294 \uc774\uc720\ub294 \ud30c\ub780\uc0c9 \uc804\uad6c\ub07c\ub9ac\ub294 \ud558\ub098\uc758 \uae38\ub85c \uc5f0\uacb0\ub418\uc5c8\uae30 \ub54c\ubb38\uc785\ub2c8\ub2e4. \uadf8\ub807\ub2e4\uba74, \ud30c\ub780\uc0c9 \uc804\uad6c\ub4e4\uacfc \ube68\uac04\uc0c9 \uc804\uad6c\ub4e4\uc740 \uc5b4\ub5bb\uac8c \uc5f0\uacb0\ub418\uc5c8\uc744\uc9c0 \uacfc\ud559\uc801 \uc6a9\uc5b4\ub97c \ub5a0\uc62c\ub9ac\uba70 \uc870\uae08 \ub354 \uc0dd\uac01\uc744 \ubc1c\uc804\uc2dc\ucf1c \ubcfc\uae4c\uc694?", "made_date": "2020-08-06", "ques_concept": "\ubcd1\ub82c \uc5f0\uacb0\uc5d0\uc11c\ub294 \ud55c \ub3c4\uc120\uc758 \ud750\ub984\uc774 \ub04a\uc5b4\uc838\ub3c4 \ub2e4\ub978 \ud68c\ub85c\ub294 \ub3c5\ub9bd\uc801\uc73c\ub85c \uc804\ub958\uac00 \ud750\ub978\ub2e4. ", "scoring_keyword": null, "ml_model_check": 1, "upload_check": 1}}, {"model": "mainpage.question", "pk": 2, "fields": {"category": 4, "question_name": "\ubaa9\uc695\ubb3c \uc628\ub3c4 \ud655\uc778\ud558\uae30", "discription": "\ud604\uc9c4\uc774\ub294 \ubaa9\uc695\uc744 \ud558\uae30 \uc704\ud574 \uba3c\uc800 \ucc28\uac00\uc6b4 \ubb3c\uc744 \ud2c0\uace0, \ub728\uac70\uc6b4 \ubb3c\uc744 \ud2c0\uc5c8\uc2b5\ub2c8\ub2e4. \ubb3c \ud45c\uba74\uc5d0 \uc190\uc744 \uc0b4\uc9dd \ub123\uc5b4\ubcf4\ub2c8 \ubb3c\uc774 \ub530\ub73b\ud558\uc5ec \ub4e4\uc5b4\uac00\ub2c8 \ubb3c\uc774 \uc5ec\uc804\ud788 \ucc28\uac00\uc6e0\uc2b5\ub2c8\ub2e4. \uadf8\ub7ec\uc790 \uc774\ub97c \ubcf8 \uc5b4\uba38\ub2c8\uaed8\uc11c \ubaa9\uc695\ubb3c\uc774 \uace8\uace0\ub8e8 \ub530\ub73b\ud574\uc9c0\uae30 \uc704\ud574\uc11c\ub294 \uba3c\uc800 \ub728\uac70\uc6b4 \ubb3c\uc744 \ud2c0\uace0 \ucc28\uac00\uc6b4 \ubb3c\uc744 \ud2c0\uc5b4\uc57c \ud55c\ub2e4\uace0 \ub9d0\uc500 \ud558\uc168\uc2b5\ub2c8\ub2e4. \uc65c \ub728\uac70\uc6b4 \ubb3c\uacfc \ucc28\uac00\uc6b4 \ubb3c\uc774 \uace8\uace0\ub8e8 \uc11e\uc774\uae30 \uc704\ud574\uc11c \ub728\uac70\uc6b4 \ubb3c\uc744 \uba3c\uc800 \ud2c0\uc5b4\uc57c \ud558\ub294\uc9c0 \uc5f4\uc758 \uc774\ub3d9\uc5d0 \uad00\ud55c \uc9c0\uc2dd\uc744 \ud65c\uc6a9\ud558\uc5ec \uc790\uc138\ud558\uac8c \uc124\uba85\ud574 \ubd05\uc2dc\ub2e4.", "answer": "\uc561\uccb4\uc5d0\uc11c\ub294 \ub530\ub73b\ud55c \uc561\uccb4\uac00 \uc704\ub85c \uc62c\ub77c\uac00\uace0, \ucc28\uac00\uc6b4 \uc561\uccb4\uac00 \uc544\ub798\ub85c \ub0b4\ub824\uac00\uba70 \uc5f4\uc774 \uc804\ub2ec\ub41c\ub2e4. \uadf8\ub7ec\ubbc0\ub85c \ub728\uac70\uc6b4 \ubb3c\uc744 \uba3c\uc800 \ud2c0\uace0 \ub098\uc911\uc5d0 \ucc28\uac00\uc6b4 \ubb3c\uc744 \ud2c0\uc5b4\uc57c \uc544\ub798\uc5d0 \uc788\ub294 \ub728\uac70\uc6b4 \ubb3c\uc774 \uc704\ub85c \uc62c\ub77c\uac00\uba74\uc11c \ub728\uac70\uc6b4 \ubb3c\uacfc \ucc28\uac00\uc6b4 \ubb3c\uc774 \uace8\uace0\ub8e8 \uc11e\uc77c \uc218 \uc788\uac8c \ub41c\ub2e4.", "image": "question/image/question_2.png", "hint": "\ub530\ub73b\ud55c \ubb3c\uacfc \ucc28\uac00\uc6b4 \ubb3c\uc774 \uc5b4\ub514\ub85c \uc774\ub3d9\ud560\uae4c\uc694? \uc870\uae08 \ub354 \uc0dd\uac01\uc744 \ubc1c\uc804\uc2dc\ucf1c \ubcfc\uae4c\uc694?", "made_date": "2020-08-06", "ques_concept": "\ub300\ub958\ub294 \uc561\uccb4\ub098 \uae30\uccb4\uc5d0\uc11c \uc77c\uc5b4\ub098\ub294 \uc5f4 \uc804\ub2ec \ubc29\ubc95\uc774\ub2e4. ", "scoring_keyword": null, "ml_model_check": 1, "upload_check": 1}}, {"model": "mainpage.question", "pk": 3, "fields": {"category": 4, "question_name": "\ud5e4\uc5b4 \uc2a4\ud504\ub808\uc774\uac00 \ucc30\ub791\uac70\ub9ac\ub294 \uc774\uc720", "discription": "\uba4b\uc9c4 \ud5e4\uc5b4\uc2a4\ud0c0\uc77c\uc744 \ub9cc\ub4e4\uae30 \uc704\ud574\uc11c\ub294 \ud5e4\uc5b4 \uc2a4\ud504\ub808\uc774\ub97c \uc0ac\uc6a9\ud558\uace4 \ud569\ub2c8\ub2e4. \ud5e4\uc5b4 \uc2a4\ud504\ub808\uc774\ub294 \ud1b5 \uc548\uc5d0\uc11c\ub294 \uc561\uccb4 \uc0c1\ud0dc\ub85c \uc874\uc7ac\ud558\uc5ec \ud754\ub4e4\uba74 \uc18c\ub9ac\uac00 \ub098\uc9c0\ub9cc, \uba38\ub9ac\uc5d0 \ubfcc\ub9b4 \ub54c\ub294 \ubc16\uc73c\ub85c \ub098\uc624\uba74\uc11c \uae30\uccb4\uac00 \ub429\ub2c8\ub2e4. \uc774\ucc98\ub7fc \uae30\uccb4\ub85c \uc0ac\uc6a9\ud558\ub294 \ubb3c\uc9c8\uc744 \uc561\uccb4 \uc0c1\ud0dc\ub85c \ubcf4\uad00\ud558\ub294 \uc774\uc720\ub294 \ubb34\uc5c7\uc77c\uae4c\uc694? \uacfc\ud559\uc801\uc73c\ub85c \uc124\uba85\ud574\ubd05\uc2dc\ub2e4.", "answer": "\ubb3c\uc9c8\uc758 \uc0c1\ud0dc\uac00 \ubcc0\ud560 \ub54c \ubb3c\uc9c8\uc744 \uc774\ub8e8\ub294 \uc785\uc790\uc758 \uc885\ub958\uc640 \uac1c\uc218\ub294 \ubcc0\ud558\uc9c0 \uc54a\uace0 \uc785\uc790\uc758 \ubc30\uc5f4\ub9cc \ub2ec\ub77c\uc9c4\ub2e4. \ud5e4\uc5b4 \uc2a4\ud504\ub808\uc774\uac00 \uc561\ud654\ud558\uba74 \uc785\uc790 \uc0ac\uc774\uc758 \uac70\ub9ac\uac00 \uac00\uae4c\uc6cc\uc838 \ubd80\ud53c\uac00 \ud06c\uac8c \uc904\uc5b4\ub4e0\ub2e4. \uadf8\ub807\uae30 \ub54c\ubb38\uc5d0 \ubcf4\uad00\uc774 \uc6a9\uc774\ud574\uc9c4\ub2e4.", "image": "question/image/question_3.png", "hint": "\uae30\uccb4 \uc0c1\ud0dc\uc640 \uc561\uccb4 \uc0c1\ud0dc\uc5d0\ub294 \uc5b4\ub5a0\ud55c \ucc28\uc774\uac00 \uc788\uc744\uae4c\uc694?", "made_date": "2020-08-06", "ques_concept": "\ubb3c\uc9c8\uc758 \uc0c1\ud0dc\uac00 \ub2ec\ub77c\uc9c0\uba74 \uc785\uc790\uc758 \ubc30\uc5f4\uc774 \ub2ec\ub77c\uc9c4\ub2e4. \uc785\uc790\uc758 \ubc30\uc5f4\uc5d0 \ub530\ub77c \uc785\uc790 \uc0ac\uc774\uc758 \uac70\ub9ac\uac00 \ub2ec\ub77c\uc9c4\ub2e4.", "scoring_keyword": null, "ml_model_check": 1, "upload_check": 1}}, {"model": "mainpage.question", "pk": 4, "fields": {"category": 3, "question_name": "\ubb34\uc5ed\uc744 \ud558\ub294 \uc774\uc720", "discription": "\uc6b0\ub9ac\ub098\ub77c\ub294 \ud574\uc678\ub85c \uae40, \uc778\uc0bc, \uc2a4\ub9c8\ud2b8\ud3f0 \ub4f1\uc744 \ub9ce\uc774 \uc218\ucd9c\ud558\uace0 \ucee4\ud53c, \ubc14\ub098\ub098, \uc6d0\uc720 \ub4f1\uc740 \ub2e4\ub978 \ub098\ub77c\ub85c\ubd80\ud130 \uc218\uc785\uc744 \ud569\ub2c8\ub2e4. \uc774\ucc98\ub7fc \uc11c\ub85c \ub2e4\ub978 \ub098\ub77c\ub07c\ub9ac \ub2e4\uc591\ud55c \ubb3c\uac74\uc744 \uc0ac\uace0\ud30c\ub294 \uc774\uc720\ub294 \ubb34\uc5c7\uc77c\uae4c\uc694?", "answer": "\ub098\ub77c\ub9c8\ub2e4 \uac00\uc9c4 \uc790\uc6d0\uc774 \ub2e4\ub974\uae30 \ub54c\ubb38\uc785\ub2c8\ub2e4. \ub098\ub77c\ub9c8\ub2e4 \uac00\uc9c4 \uae30\uc220\uc774 \ub2e4\ub974\uae30 \ub54c\ubb38\uc785\ub2c8\ub2e4. \ub098\ub77c\ub9c8\ub2e4 \ud544\uc694\ub85c \ud558\ub294 \ubb3c\uac74\uc774 \ub2e4\ub974\uae30 \ub54c\ubb38\uc785\ub2c8\ub2e4. \ubb34\uc5ed\uc744 \ud1b5\ud574 \uac01 \ub098\ub77c\uac00 \ud544\uc694\ub85c \ud558\ub294 \uac83\uc744 \uc5bb\uc744 \uc218 \uc788\uae30 \ub54c\ubb38\uc785\ub2c8\ub2e4.\u00a0\ubb34\uc5ed\uc744 \ud1b5\ud574 \uac01 \ub098\ub77c\uac00 \ub3c8\uc744 \ubc8c \uc218 \uc788\uae30 \ub54c\ubb38\uc785\ub2c8\ub2e4.", "image": "question/image/question_4.png", "hint": "\uc6b0\ub9ac\ub098\ub77c\uc5d0\uc11c \ub9ce\uc774 \uc0dd\uc0b0\ud558\ub294 \uac83\uc5d0\ub294 \uc5b4\ub5a4 \uac83\uc774 \uc788\ub098\uc694? \uc6b0\ub9ac\ub098\ub77c\uc5d0\uc11c \uc804\ud600 \uc0dd\uc0b0\ub418\uc9c0 \uc54a\ub294 \uac83\uc5d0\ub294 \uc5b4\ub5a4 \uac83\uc774 \uc788\ub098\uc694?", "made_date": "2020-08-06", "ques_concept": "\ubb34\uc5ed\uc740 \uac01 \ub098\ub77c\uac00 \ucc98\ud55c \uc870\uac74\uc774 \ub2e4\ub974\uae30 \ub54c\ubb38\uc5d0 \ubc1c\uc0dd\ud55c\ub2e4. \uac01 \ub098\ub77c\ub294 \ubb34\uc5ed\uc744 \ud1b5\ud574 \ud544\uc694\ud55c \uac83\uc744 \uc5bb\ub294\ub2e4.", "scoring_keyword": null, "ml_model_check": 1, "upload_check": 1}}, {"model": "mainpage.question", "pk": 5, "fields": {"category": 4, "question_name": "\uc2dd\ubb3c \ubfcc\ub9ac\uc758 \uae30\ub2a5", "discription": "\uc2dd\ubaa9\uc77c\uc744 \ub9de\uc544 \ud0dc\ud6c8\uc774\uc640 \ud0dc\ud638\ub294 \uc544\ube60\uc640 \ud568\uaed8 \ub9c8\uc744 \ub4b7\uc0b0\uc5d0 \ub098\ubb34\ub97c \ud558\ub098 \uc2ec\uc73c\ub7ec \uac00\uae30\ub85c \ud588\uc2b5\ub2c8\ub2e4. \uc2dd\ubb3c\uc744 \ud759 \uc704\uc5d0 \uc0b4\uc9dd \uc62c\ub824\ub9cc \ub193\uc73c\ub824\uace0\ud558\ub294 \ud0dc\ud638\uc5d0\uac8c \uc544\ube60\ub294 \ub208\uc5d0\ub294 \uc548\ubcf4\uc5ec\ub3c4 \ubfcc\ub9ac\uac00 \uc2dd\ubb3c\uc774 \uc790\ub77c\ub294\ub370 \uc544\uc8fc \uc911\uc694\ud55c \uc5ed\ud560\uc744 \ud558\ub2c8 \uae4a\uac8c \uc798 \uc2ec\uc5b4\uc8fc\uc5b4\uc57c \ud55c\ub2e4\uace0 \ud558\uc168\uc2b5\ub2c8\ub2e4. \uad73\uc774 \uadf8\ub807\uac8c \ubfcc\ub9ac\uae4c\uc9c0 \uc2e0\uacbd \uc4f0\uba70 \uc2ec\uc5b4\uc57c \ud558\ub294\uc9c0 \uadc0\ucc2e\uc544\uc9c0\uae30 \uc2dc\uc791\ud55c \ud0dc\ud638\ub294 \ubd88\ub9cc\uc774 \ub9ce\uc2b5\ub2c8\ub2e4. \uc774 \ubaa8\uc2b5\uc744 \uc9c0\ucf1c\ubcf4\ub358 \ud0dc\ud6c8\uc774\ub294 \ub3d9\uc0dd\uc778 \ud0dc\ud638\uc5d0\uac8c \uc544\ube60\ub294 \uc65c \ubfcc\ub9ac\uae4c\uc9c0 \uc2e0\uacbd\uc744 \uc4f0\uc2dc\uba70 \uc798 \uc2ec\uc73c\ub824\uace0 \ud558\uc2e0 \uac83\uc77c\uc9c0 \uc54c\ub824\uc8fc\ub824\uace0 \ud569\ub2c8\ub2e4. \uc5ec\ub7ec\ubd84\uc774 \ud0dc\ud6c8\uc774\uac00 \ub418\uc5b4\uc11c \ub2e4\uc591\ud55c \uc2dd\ubb3c\uc5d0\uc11c \ubfcc\ub9ac\uac00 \ud558\ub294 \uc77c\ub4e4\uc5d0 \ub300\ud574\uc11c \uc124\uba85\ud574\ubcf4\uc138\uc694.", "answer": "\uc2dd\ubb3c\uc758 \ubfcc\ub9ac\ub294 \uc2dd\ubb3c\uccb4\ub97c \uc9c0\uc9c0 \ubc0f \uace0\uc815\ud574\uc8fc\ub294 \uc5ed\ud560, \uc591\ubd84\uc744 \uc800\uc7a5\ud558\ub294 \uc5ed\ud560, \ud1a0\uc591 \uc18d\uc758 \ubb3c\uacfc \ubb34\uae30\uc5fc\ub958\ub97c \uc2dd\ubb3c\uccb4\ub85c \uc774\ub3d9\uc2dc\ud0a4\ub294 \uc5ed\ud560\uc744 \ud55c\ub2e4.", "image": "question/image/question_5.png", "hint": "\ubfcc\ub9ac\uac00 \uae4a\uc740 \ub098\ubb34\ub294 \ud0dc\ud48d\uc774 \ubd88\uc5b4\uc640\ub3c4 \uafcb\uafcb\ud558\uac8c \ubc84\ud2f0\ub294 \uacbd\uc6b0\uac00 \ub9ce\uc740\ub370 \uc65c \uadf8\ub7f4\uae4c\uc694? \ud654\ubd84 \uc2dd\ubb3c\uc744 \uc2ec\uace0 \ub098\uc11c \uc2a4\ud504\ub808\uc774\ub85c \uc78e\uc5d0\ub9cc \ubb3c\uc744 \uc8fc\uac8c \ub418\uba74 \uc2dd\ubb3c\uc774 \uc798 \ud06c\uc9c0 \ubabb\ud574\uc11c \ubfcc\ub9ac\uae4c\uc9c0 \uc816\ub3c4\ub85d \ubb3c\uc744 \uc8fc\ub77c\uace0 \ud558\ub294 \uc774\uc720\ub294 \ubb34\uc5c7\uc77c\uae4c\uc694? \ubb34\uc640 \uace0\uad6c\ub9c8\ub294 \uc720\uba85\ud55c \ubfcc\ub9ac\uc2dd\ubb3c\ub85c \uc54c\ub824\uc838 \uc788\uc2b5\ub2c8\ub2e4. \ubb34\uc640 \uace0\uad6c\ub9c8\uc640 \uac19\uc740 \uc2dd\ubb3c\uc758 \ubfcc\ub9ac\ub294 \uc65c \ub2e4\ub978 \uc2dd\ubb3c\uc758 \ubfcc\ub9ac\ubcf4\ub2e4 \ud074\uae4c\uc694?", "made_date": "2020-08-06", "ques_concept": "\uc2dd\ubb3c\uc758 \ubfcc\ub9ac\ub294 \uc2dd\ubb3c\uccb4\ub97c \uc9c0\ud0f1\ud574\uc8fc\ub294 \uc5ed\ud560, \ub545\uc73c\ub85c\ubd80\ud130 \ubb3c\uacfc \ubb34\uae30\uc5fc\ub958\ub97c \ud761\uc218\ud558\ub294 \uc5ed\ud560\uc744 \ud558\uba70, \uc591\ubd84\uc744 \uc800\uc7a5\ud558\ub294 \uc5ed\ud560\uc744 \ud55c\ub2e4.", "scoring_keyword": null, "ml_model_check": 1, "upload_check": 1}}, {"model": "mainpage.question", "pk": 6, "fields": {"category": 4, "question_name": "\uc2dd\ubb3c \ubfcc\ub9ac\uc758 \uc5ed\ud560", "discription": "\uc624\ub798 \uc0b4\ub358 \uc815\ub4e0 \uc9d1\uc744 \ub5a0\ub098 \ub2e4\ub978 \uc9c0\uc5ed\uc73c\ub85c \uc774\uc0ac\ud558\uac8c \ub41c \uc138\ud654\ub124\ub294 \ud560\uc544\ubc84\uc9c0 \ub54c\ubd80\ud130 \ud0a4\uc6b0\ub358 \ub9c8\ub2f9\uc758 \uc791\uc740 \ub2e8\ud48d\ub098\ubb34\ub97c \ubc84\ub9ac\uace0 \uac00\uae30 \uc548\ud0c0\uae4c\uc6cc\uc11c \uc0c8 \uc9d1\uc73c\ub85c \ub098\ubb34\ub97c \uc62e\uae30\uae30\ub85c \uacb0\uc815\ud558\uc600\uc2b5\ub2c8\ub2e4. \uc138\ud654\ub294 \ub2e4\ub978 \uc774\uc0bf\uc9d0\uc5d0 \ud759\uc774 \ubb3b\ub294 \uac83\uc774 \uc2eb\uc5b4\uc11c \ubfcc\ub9ac\ub97c \ubaa8\ub450 \uc798\ub77c \uae68\ub057\ud558\uac8c \uc815\ub9ac\ud558\ub824 \ud588\uc2b5\ub2c8\ub2e4. \uadf8\ub7f0\ub370 \uc774\ub7f0 \uc138\ud654\uc758 \ud589\ub3d9\uc744 \uc9c0\ucf1c\ubcf4\ub358 \uc5b8\ub2c8\ub294 \uac00\uc704\ub97c \ube8f\uc73c\uba70 \uc808\ub300 \uc790\ub974\uba74 \uc548 \ub41c\ub2e4\uace0 \uc57c\ub2e8\uc744 \uce69\ub2c8\ub2e4. \uc2dd\ubb3c\uc758 \ubfcc\ub9ac\ub97c \uc798\ub77c\ub0b4\uba74 \uc2dd\ubb3c\uc5d0\ub294 \uc5b4\ub5a4 \uc77c\uc774 \uc0dd\uae38\uae4c\uc694? \uc2dd\ubb3c\uc758 \uad6c\uc870\uc640 \uae30\ub2a5\uc5d0 \uad00\ud55c \uc9c0\uc2dd\uc744 \ud65c\uc6a9\ud558\uc5ec \ubfcc\ub9ac\uc758 \uae30\ub2a5\uc5d0 \ub300\ud574 \uc790\uc138\ud558\uac8c \uc124\uba85\ud558\uc5ec \ubd05\uc2dc\ub2e4.", "answer": "\uc2dd\ubb3c\uc758 \ubfcc\ub9ac\ub294 \uc2dd\ubb3c\uccb4\ub97c \uc9c0\uc9c0 \ubc0f \uace0\uc815\ud574\uc8fc\ub294 \uc5ed\ud560, \uc591\ubd84\uc744 \uc800\uc7a5\ud558\ub294 \uc5ed\ud560, \ud1a0\uc591\uc18d\uc758 \ubb3c\uacfc \ubb34\uae30\uc5fc\ub958\ub97c \uc2dd\ubb3c\uccb4\ub85c \uc774\ub3d9\uc2dc\ud0a4\ub294 \uc5ed\ud560\uc744 \ud55c\ub2e4. ", "image": "question/image/question_6.png", "hint": "\ubfcc\ub9ac\uac00 \uae4a\uc740 \ub098\ubb34\ub294 \ud0dc\ud48d\uc774 \ubd88\uc5b4\uc640\ub3c4 \uafcb\uafcb\ud558\uac8c \ubc84\ud2f0\ub294 \uacbd\uc6b0\uac00 \ub9ce\uc740\ub370 \uc65c \uadf8\ub7f4\uae4c\uc694? \ud654\ubd84 \uc2dd\ubb3c\uc744 \uc2ec\uace0 \ub098\uc11c \uc2a4\ud504\ub808\uc774\ub85c \uc78e\uc5d0\ub9cc \ubb3c\uc744 \uc8fc\uac8c \ub418\uba74 \uc2dd\ubb3c\uc774 \uc798 \ud06c\uc9c0 \ubabb\ud574\uc11c \ubfcc\ub9ac\uae4c\uc9c0 \uc816\ub3c4\ub85d \ubb3c\uc744 \uc8fc\ub77c\uace0 \ud558\ub294 \uc774\uc720\ub294 \ubb34\uc5c7\uc77c\uae4c\uc694? \ubb34\uc640 \uace0\uad6c\ub9c8\ub294 \uc720\uba85\ud55c \ubfcc\ub9ac\uc2dd\ubb3c\ub85c \uc54c\ub824\uc838 \uc788\uc2b5\ub2c8\ub2e4. \ubb34\uc640 \uace0\uad6c\ub9c8\uc640 \uac19\uc740 \uc2dd\ubb3c\uc758 \ubfcc\ub9ac\ub294 \uc65c \ub2e4\ub978 \uc2dd\ubb3c\uc758 \ubfcc\ub9ac\ubcf4\ub2e4 \ud074\uae4c\uc694?", "made_date": "2020-08-06", "ques_concept": "\uc2dd\ubb3c\uc758 \ubfcc\ub9ac\ub294 \uc2dd\ubb3c\uccb4\ub97c \uc9c0\ud0f1\ud574\uc8fc\ub294 \uc5ed\ud560, \ub545\uc73c\ub85c\ubd80\ud130 \ubb3c\uacfc \ubb34\uae30\uc5fc\ub958\ub97c \ud761\uc218\ud558\ub294 \uc5ed\ud560\uc744 \ud558\uba70, \uc591\ubd84\uc744 \uc800\uc7a5\ud558\ub294 \uc5ed\ud560\uc744 \ud55c\ub2e4.", "scoring_keyword": null, "ml_model_check": 1, "upload_check": 1}}, {"model": "mainpage.question", "pk": 7, "fields": {"category": 4, "question_name": "\uc0dd\ubb3c\ub2e4\uc591\uc131\uc758 \ub0a0", "discription": "\ub9e4\ub144 5\uc6d4 22\uc77c\uc740 \uad6d\uc81c \uc0dd\ubb3c\ub2e4\uc591\uc131\uc758 \ub0a0\uc785\ub2c8\ub2e4. \uc0dd\ubb3c \ub2e4\uc591\uc131\uc758 \ub0a0\uc740 \uc0dd\ubb3c \ub2e4\uc591\uc131\uc774 \uc0ac\ub77c\uc9c0\ub294 \uac83\uacfc \uadf8\uc5d0 \uc5bd\ud78c \uc5ec\ub7ec \ubb38\uc81c\ub4e4\uc5d0 \ub300\ud55c \uc0ac\ub78c\ub4e4\uc758 \uacbd\uac01\uc2ec\uc744 \uc77c\uae68\uc6b0\uae30 \uc704\ud558\uc5ec \uad6d\uc81c\uc5f0\ud569(UN)\uc774 \uc81c\uc815\ud55c \ub0a0\uc785\ub2c8\ub2e4. \uc0dd\ubb3c\ub2e4\uc591\uc131 \ud611\uc57d\uc774 \ubc1c\ud45c\ub41c 1922\ub144 5\uc6d4 22\uc77c\uc744 \uae30\ub150\ud558\uc5ec \uc815\ud574\uc84c\uc2b5\ub2c8\ub2e4. \uadf8\ub807\ub2e4\uba74 UN\uc774 \uad6d\uc81c\ud611\uc57d\uacfc \uae30\ub150\uc77c\uae4c\uc9c0 \uc81c\uc815\ud558\uba74\uc11c\uae4c\uc9c0 \uc0dd\ubb3c\ub2e4\uc591\uc131\uc758 \uc911\uc694\uc131\uc744 \uac15\uc870\ud558\ub294 \uc774\uc720\ub294 \ubb34\uc5c7\uc77c\uae4c\uc694? \uc0dd\ud0dc\uacc4\uc640 \uc0dd\ubb3c \ub2e4\uc591\uc131\uc5d0 \uad00\ud55c \uc9c0\uc2dd\uc744 \ud65c\uc6a9\ud558\uc5ec \uc790\uc138\ud558\uac8c \uc124\uba85\ud558\uc5ec \ubd05\uc2dc\ub2e4.", "answer": "\uc0dd\ubb3c\ub2e4\uc591\uc131\uc740 \uc0dd\ud0dc\uacc4\uc758 \uc548\uc815\uc801 \uc720\uc9c0\ub97c \uc704\ud574 \ud544\uc694\ud558\ub2e4. \ub610\ud55c \uc0dd\ubb3c\ub2e4\uc591\uc131\uc758 \uc190\uc2e4\uc740 \uc778\ub958\uc758 \ubb38\ud654\uc640 \ubcf5\uc9c0, \ub354 \ub098\uc544\uac00\uc11c \uc778\ub958\uc758 \uc0dd\uc874\uc744 \uc704\ud611\ud560 \uc218 \uc788\uae30 \ub54c\ubb38\uc774\ub2e4.", "image": "question/image/question_7.png", "hint": "\ubc8c\uc774 \uba78\uc885\ub41c\ub2e4\uba74 \uc6b0\ub9ac\ub294 \uc5b4\ub5bb\uac8c \ub420\uae4c\uc694? \uc9c0\uad6c\uc0c1\uc758 \uc5ec\ub7ec \uc0dd\ubb3c\ub4e4\uc758 \uad00\uacc4\ub97c \ud1b5\ud574 \uc0dd\uac01\ud574 \ubcfc\uae4c\uc694?", "made_date": "2020-08-06", "ques_concept": "\uc0dd\ubb3c\ub2e4\uc591\uc131\uc740 \uc0dd\ud0dc\uacc4\uc758 \uc720\uc9c0\uc5d0 \ud544\uc218\uc801\uc778 \uc694\uc18c\uc785\ub2c8\ub2e4. \uc0dd\ubb3c\ub2e4\uc591\uc131\uc740 \uc790\uc5f0\uacfc \ud568\uaed8 \uc0dd\uc874\ud558\ub294 \uc778\uac04\uc5d0 \ud070 \uc601\ud5a5\uc744 \uc90d\ub2c8\ub2e4.", "scoring_keyword": null, "ml_model_check": 1, "upload_check": 1}}, {"model": "mainpage.question", "pk": 8, "fields": {"category": 4, "question_name": "\ud558\ub298 \uc704\uc5d0 \ub5a0 \uc788\ub294 \uad6c\ub984", "discription": "\ud30c\ub780 \ud558\ub298\uc5d0 \uad6c\ub984\uc774 \ub5a0\ub2e4\ub2d9\ub2c8\ub2e4. \uad6c\ub984\uc758 \ubaa8\uc591\uc740 \uc815\ub9d0 \ub2e4\uc591\ud569\ub2c8\ub2e4. \uc5b4\ub5a4 \ub0a0\uc5d0\ub294 \uadc0\uc5ec\uc6b4 \uac15\uc544\uc9c0 \ubaa8\uc591\uc73c\ub85c, \uc5b4\ub5a4 \ub0a0\uc5d0\ub294 \ubb34\uc11c\uc6b4 \ud638\ub791\uc774 \ubaa8\uc591\uc744 \ud560 \ub54c\ub3c4 \uc788\uc2b5\ub2c8\ub2e4. \uad6c\ub984\uc774 \ub9ce\uc544\uc9c0\uba74 \ube44\uac00 \ub0b4\ub9ac\uae30\ub3c4 \ud569\ub2c8\ub2e4. \ud558\ub298\uc5d0 \ub5a0 \uc788\ub294 \uad6c\ub984\uc740 \uc5b4\ub5bb\uac8c \uc0dd\uacbc\uc744\uae4c\uc694? \uacfc\ud559\uc801\uc73c\ub85c \uc124\uba85\ud574 \ubd05\uc2dc\ub2e4.", "answer": "\uc9c0\ud45c\uba74\uc5d0\uc11c \uac00\uc5f4\ub41c \uacf5\uae30\ub294 \uc704\ub85c \uc62c\ub77c\uac00\uba74\uc11c \ubd80\ud53c\uac00 \uc810\uc810 \ucee4\uc9c0\uace0 \uc628\ub3c4\uac00 \ub0ae\uc544\uc9c0\ub294 \ub2e8\uc5f4\ud33d\ucc3d\uc774 \uc2dc\uc791\ub429\ub2c8\ub2e4. \uc628\ub3c4\uac00 \ub0ae\uc544\uc838\uc11c \uc218\uc99d\uae30\uac00 \uc751\uacb0\ud558\uc5ec \uc791\uc740 \ubb3c\ubc29\uc6b8\uc774\ub098 \uc5bc\uc74c \uc54c\uac31\uc774\uac00 \ub429\ub2c8\ub2e4.", "image": "question/image/question_8.png", "hint": "\ub545\uc5d0\uc11c \uac00\uc5f4\ub41c \uacf5\uae30\ub294 \ud558\ub298\ub85c \uc62c\ub77c\uac00\uba74 \ubd80\ud53c\uc640 \uc628\ub3c4 \ubcc0\ud654\ub294 \uc5b4\ub5bb\uac8c \ub420\uae4c\uc694? \uc628\ub3c4\uac00 \uc810\uc810 \ub0b4\ub824\uac00\uba74 \uc218\uc99d\uae30\uc5d0\ub294 \uc5b4\ub5a4 \ubcc0\ud654\uac00 \uc788\uc744\uae4c\uc694?", "made_date": "2020-08-06", "ques_concept": "\uc9c0\ud45c\uba74\uc5d0\uc11c \uac00\uc5f4\ub41c \uacf5\uae30\ub294 \uc704\ub85c \uc62c\ub77c\uac00\uba74\uc11c \ubd80\ud53c\uac00 \uc810\uc810 \ucee4\uc9c0\uace0 \uc628\ub3c4\uac00 \ub0ae\uc544\uc9c0\ub294 \ub2e8\uc5f4\ud33d\ucc3d\uc774 \uc2dc\uc791\ub41c\ub2e4. \uc628\ub3c4\uac00 \ub0ae\uc544\uc838\uc11c \uc218\uc99d\uae30\uac00 \uc751\uacb0\ud558\uc5ec \uc791\uc740 \ubb3c\ubc29\uc6b8\uc774\ub098 \uc5bc\uc74c \uc54c\uac31\uc774\uac00 \ub41c\ub2e4.", "scoring_keyword": null, "ml_model_check": 1, "upload_check": 1}}, {"model": "mainpage.question", "pk": 9, "fields": {"category": 4, "question_name": "\uc9c0\uad6c\uc758 \uc790\uc804", "discription": "\uc6b0\ub9ac\uac00 \uc0b4\uace0 \uc788\ub294 \uc9c0\uad6c\ub294 \ube44\ub85d \ub290\ub07c\uc9c0 \ubabb\ud558\uc9c0\ub9cc \uc790\uc804\ucd95\uc744 \ub530\ub77c \uc2a4\uc2a4\ub85c \uacc4\uc18d \ub3cc\uace0 \uc788\uc2b5\ub2c8\ub2e4. \uc9c0\uad6c\uac00 \uc6c0\uc9c1\uc774\ub294 \uac83\uc744 \ub290\ub07c\uc9c0\ub294 \ubabb\ud558\uc9c0\ub9cc \ub2e4\ub978 \ub450 \uac00\uc9c0 \ud604\uc0c1\uc73c\ub85c \uc9c0\uad6c\uc758 \uc790\uc804\uc744 \uacbd\ud5d8\ud560 \uc218 \uc788\uc2b5\ub2c8\ub2e4. \uc9c0\uad6c\uc758 \uc790\uc804\uc73c\ub85c \uc77c\uc5b4\ub098\ub294 \uc790\uc5f0 \ud604\uc0c1\uc740 \ubb34\uc5c7\uc77c\uae4c\uc694?", "answer": "\uc9c0\uad6c\uac00 \uc790\uc804\ud558\uc5ec \ub0ae\uacfc \ubc24\uc774 \uc0dd\uae34\ub2e4. \ud558\ub298\uc758 \ubcc4\uc774 \ud558\ub8e8 \ub3d9\uc548 \uc77c\uc8fc \uc6b4\ub3d9\uc744 \ud55c\ub2e4.", "image": "question/image/question_9.png", "hint": "\uc9c0\uad6c\uac00 \uc790\uc804\ud558\uc5ec \ud0dc\uc591\uc774 \uc788\ub2e4 \uc5c6\ub2e4\ub97c \ubc18\ubcf5\ud558\uace0 \uc788\uc8e0? \ud558\ub298\uc5d0 \ub9ce\uc774 \ubcf4\uc774\ub294 \ubcc4\uacfc \uad00\ub828\uc9c0\uc5b4 \uc0dd\uac01\ud574 \ubcfc\uae4c\uc694?", "made_date": "2020-08-06", "ques_concept": "\uc9c0\uad6c\uac00 \uc790\uc804\ud558\uc5ec \ub0ae\uacfc \ubc24\uc774 \uc0dd\uae34\ub2e4. \ud558\ub298\uc758 \ubcc4\uc774 \ud558\ub8e8 \ub3d9\uc548 \uc77c\uc8fc \uc6b4\ub3d9\uc744 \ud55c\ub2e4.", "scoring_keyword": null, "ml_model_check": 1, "upload_check": 1}}, {"model": "mainpage.question", "pk": 10, "fields": {"category": 4, "question_name": "\uc800\uae30\uc555\uc5d0\uc11c\uc758 \ub0a0\uc528", "discription": "\ub0a0\uc528 \uc608\ubcf4\ub97c \ub4e4\uc73c\uba74 \uc800\uae30\uc555\uc758 \uc601\ud5a5\uc73c\ub85c \ub0a0\uc528\uac00 \ud750\ub9ac\ub2e4\uace0 \ud569\ub2c8\ub2e4. \ub0a0\uc528\uac00 \ud750\ub9ac\ub2e4\ub294 \uac83\uc740 \ud558\ub298\uc5d0 \uad6c\ub984\uc774 \uc788\ub2e4\ub294 \uac83\uc744 \uc758\ubbf8\ud558\uc8e0. \uc65c \uc800\uae30\uc555\uc5d0\uc11c\ub294 \uc65c \ub9d1\uc9c0 \uc54a\uace0 \ud750\ub9b4\uae4c\uc694?", "answer": "\uae30\uc555\uc774 \ub0ae\uc740 \uc800\uae30\uc555\uc9c0\uc5ed\uc5d0\ub294 \uc0c1\uc2b9\uae30\ub958\uac00 \ubc1c\uc0dd\ud55c\ub2e4. \uacf5\uae30\uac00 \uc0c1\uc2b9\ud558\uba74 \ubd80\ud53c\uac00 \ub298\uc5b4\ub098\uace0 \uc628\ub3c4\uac00 \ub5a8\uc5b4\uc9c0\ub294 \ub2e8\uc5f4\ud33d\ucc3d\uc774 \uc77c\uc5b4\ub09c\ub2e4. \uc628\ub3c4\uac00 \ub0ae\uc544\uc9c0\uba74 \uacf5\uae30 \uc18d \uc218\uc99d\uae30\ub294 \uc751\uacb0\ud558\uc5ec \uad6c\ub984\uc774 \uc0dd\uc131\ub41c\ub2e4.", "image": "question/image/question_10.png", "hint": "\uae30\uc555\uc774 \ub0ae\uc740 \uc800\uae30\uc555\uc9c0\uc5ed\uc5d0 \uacf5\uae30 \ud750\ub984\uc740 \uc5b4\ub5a8\uae4c\uc694? \uacf5\uae30\uac00 \uc0c1\uc2b9\ud558\uba74 \uc5b4\ub5a4 \ud604\uc0c1\uc774 \uc0dd\uae38\uae4c\uc694? \uc628\ub3c4\uac00 \ub0ae\uc544\uc9c0\uba74 \uacf5\uae30 \uc18d \uc218\uc99d\uae30\ub294 \uc5b4\ub5bb\uac8c \ub420\uae4c\uc694?", "made_date": "2020-08-06", "ques_concept": "\uae30\uc555\uc774 \ub0ae\uc740 \uc800\uae30\uc555\uc9c0\uc5ed\uc5d0\ub294 \uc0c1\uc2b9\uae30\ub958\uac00 \ubc1c\uc0dd\ud55c\ub2e4. \uacf5\uae30\uac00 \uc0c1\uc2b9\ud558\uba74 \ubd80\ud53c\uac00 \ub298\uc5b4\ub098\uace0 \uc628\ub3c4\uac00 \ub5a8\uc5b4\uc9c0\ub294 \ub2e8\uc5f4\ud33d\ucc3d\uc774 \uc77c\uc5b4\ub09c\ub2e4. \uc628\ub3c4\uac00 \ub0ae\uc544\uc9c0\uba74 \uacf5\uae30 \uc18d \uc218\uc99d\uae30\ub294 \uc751\uacb0\ud558\uc5ec \uad6c\ub984\uc774 \uc0dd\uc131\ub41c\ub2e4.", "scoring_keyword": null, "ml_model_check": 1, "upload_check": 1}}, {"model": "mainpage.question", "pk": 11, "fields": {"category": 3, "question_name": "\uc2e0\ub77c\uc758 \uc0bc\uad6d\ud1b5\uc77c", "discription": "\uc2e0\ub77c\ub294 \ub2f9\ub098\ub77c\uc640 \uc5f0\ud569\ud558\uc5ec \ubc31\uc81c\uc640 \uace0\uad6c\ub824\ub97c \ucc28\ub840\ub85c \uba78\ub9dd\uc2dc\ud0a4\uace0 \uc0bc\uad6d\uc744 \ud1b5\uc77c\ud558\uc600\uc2b5\ub2c8\ub2e4. \uc2e0\ub77c\uac00 \ud1b5\uc77c\uc744 \uc774\ub8ec \ub2f9\uc2dc \ud55c\ubc18\ub3c4\uc758 \ubaa8\uc2b5\uc740 \uadf8\ub9bc\uacfc \uac19\uc2b5\ub2c8\ub2e4. \uc2e0\ub77c\uc758 \uc0bc\uad6d\ud1b5\uc77c\uc774 \uac00\uc9c0\ub294 \uc758\uc758\uc640 \ud55c\uacc4\ub294 \uac01\uac01 \ubb34\uc5c7\uc77c\uae4c\uc694?", "answer": "(\uc758\uc758) \uc0bc\uad6d\uc758 \ubb38\ud654\ub97c \ubaa8\uc544 \ud558\ub098\uc758 \ubbfc\uc871 \ubb38\ud654\ub85c \ubc1c\uc804\uc2dc\ud0ac \uc218 \uc788\ub294 \ud1a0\ub300\ub97c \ub9c8\ub828\ud558\uc600\ub2e4. \ud55c\ubc18\ub3c4\uc5d0\uc11c \ucd5c\ucd08\ub85c \ud1b5\uc77c\uc744 \uc774\ub8e8\uc5c8\ub2e4. (\ud55c\uacc4) \ub2f9\ub098\ub77c\uc758 \ud798\uc744 \ube4c\ub824 \ud1b5\uc77c\uc744 \ud588\uae30 \ub54c\ubb38\uc5d0 \uace0\uad6c\ub824\uc758 \uc601\ud1a0 \ub300\ubd80\ubd84\uc744 \uc783\uac8c \ub418\uc5c8\ub2e4. \ud55c\ubc18\ub3c4 \uc804\uccb4\uac00 \uc544\ub2cc \uc77c\ubd80\ub9cc\uc744 \ud1b5\uc77c\ud558\uc600\ub2e4.", "image": "question/image/question_11.png", "hint": "\uc6d0\ub798 \uace0\uad6c\ub824, \ubc31\uc81c, \uc2e0\ub77c\ub85c \ub098\ub258\uc5b4 \uc788\uc5c8\uc744 \ub54c\uc640 \ud1b5\uc77c\uc774 \ub418\uc5c8\uc744 \ub54c\uc758 \uc601\ud1a0\ub294 \uc5b4\ub5a4 \ucc28\uc774\uac00 \uc788\uc744\uae4c\uc694?", "made_date": "2020-08-06", "ques_concept": "\uc2e0\ub77c\uc758 \uc0bc\uad6d \ud1b5\uc77c\ub85c \ubbfc\uc871 \ubb38\ud654 \ubc1c\uc804\uc758 \uacc4\uae30\uac00 \ub9c8\ub828\ub418\uc5c8\uc9c0\ub9cc, \ud1b5\uc77c \uad6d\uac00\uc758 \uc601\ud1a0\ub294 \ud06c\uac8c \ucd95\uc18c\ub418\uc5c8\ub2e4.", "scoring_keyword": null, "ml_model_check": 1, "upload_check": 1}}, {"model": "mainpage.question", "pk": 12, "fields": {"category": 4, "question_name": "\ud558\ub298\ub85c \ub5a0\uc624\ub974\ub294 \uc5f0\ub4f1", "discription": "\uc740\uc11c\ub294 \uc9c0\uc5ed \ucd95\uc81c\uc5d0 \ucc38\uac00\ud588\ub2e4\uac00 \uc218\ub9ce\uc740 \uc5f0\ub4f1\uc774 \ud558\ub298\ub85c \ub5a0\uc624\ub974\ub294 \uac83\uc744 \ubcf4\uc558\uc2b5\ub2c8\ub2e4. \uc740\uc11c\ub3c4 \ub4f1 \uc548\uc5d0 \ubd88\uc744 \ubd99\uc774\uace0 \uc190\uc744 \ub193\uc558\ub354\ub2c8 \ubc1d\uc740 \uc5f0\ub4f1\uc774 \uc810\ucc28 \ud558\ub298\ub85c \ub5a0\uc62c\ub77c \ubc24\ud558\ub298\ub85c \uc0ac\ub77c\uc84c\uc2b5\ub2c8\ub2e4. \uc65c \uc5f0\ub4f1\uc5d0 \ubd88\uc744 \ucf1c\uba74 \ud558\ub298\ub85c \uc62c\ub77c\uac00\uac8c \ub418\ub294 \uac83\uc77c\uae4c\uc694? \uc628\ub3c4\uc5d0 \ub530\ub978 \uae30\uccb4\uc758 \ud2b9\uc131\uc744 \uc0dd\uac01\ud558\uba70 \uc124\uba85\ud574\ubcf4\uc138\uc694.", "answer": "\uc5f0\ub4f1 \uc548\uc5d0 \ubd88\uc744 \ucf1c\uba74 \uc5f0\ub4f1 \ub0b4\ubd80\uc758 \uacf5\uae30 \uc628\ub3c4\uac00 \ub192\uc544\uc9c4\ub2e4. \uc628\ub3c4\uac00 \ub192\uc544\uc9c0\uba74 \uae30\uccb4 \ubd84\uc790\uc758 \uc6b4\ub3d9\uc774 \ud65c\ubc1c\ud574\uc9c0\uace0, \uae30\uccb4\uc758 \ubc00\ub3c4\uac00 \ub0ae\uc544\uc9c4\ub2e4. \uc8fc\ubcc0\ubcf4\ub2e4 \ubc00\ub3c4\uac00 \ub0ae\uc740 \uae30\uccb4\ub294 \uc704\ub85c \ub5a0\uc624\ub974\uac8c \ub41c\ub2e4.", "image": "question/image/question_12.png", "hint": "\uacf5\uae30\uc758 \uc628\ub3c4\uac00 \uc0c1\uc2b9\ud558\uba74 \ubd84\uc790\uc758 \uc6b4\ub3d9\uc774 \ubc14\ub01d\ub2c8\ub2e4. \uacf5\uae30\uc758 \uc628\ub3c4\uac00 \uc0c1\uc2b9\ud558\uba74 \ubc00\ub3c4\ub294 \uc5b4\ub5bb\uac8c \ubc14\ub014\uae4c\uc694?", "made_date": "2020-08-06", "ques_concept": "\uacf5\uae30\uc758 \uc628\ub3c4\uac00 \uc0c1\uc2b9\ud558\uba74 \ubd84\uc790\uc758 \uc6b4\ub3d9\uc774 \ud65c\ubc1c\ud574\uc9c4\ub2e4. \uc774\uc5d0 \ub530\ub77c \uacf5\uae30\uc758 \ubc00\ub3c4\uac00 \ub0ae\uc544\uc9c4\ub2e4.", "scoring_keyword": null, "ml_model_check": 1, "upload_check": 1}}, {"model": "mainpage.question", "pk": 13, "fields": {"category": 4, "question_name": "\uc5d0\uc5b4\ucea1\uc73c\ub85c \uc2e4\ub0b4\uc628\ub3c4 \uc720\uc9c0\ud558\uae30", "discription": "\uaca8\uc6b8\ucca0 \uc2e4\ub0b4\ub97c \ub530\ub73b\ud558\uac8c \uc720\uc9c0\ud558\ub294 \uc5ec\ub7ec \uac00\uc9c0 \ubc29\ubc95\uc774 \uc788\uc2b5\ub2c8\ub2e4. \uadf8 \uc911 \uac04\ud3b8\ud55c \ubc29\ubc95\uc73c\ub85c\ub294 \ucc3d\ubb38\uc5d0 \uc5d0\uc5b4\ucea1(\ubf41\ubf41\uc774)\ub97c \ubd99\uc774\ub294 \ubc29\ubc95\uc774 \uc788\uc2b5\ub2c8\ub2e4. \uc5d0\uc5b4\ucea1\uc744 \ubd99\uc600\uc744 \ub54c \uc2e4\ub0b4 \uc628\ub3c4\uac00 \ub530\ub73b\ud558\uac8c \uc720\uc9c0\ub418\ub294 \uc774\uc720\ub294 \ubb34\uc5c7\uc77c\uae4c\uc694? \uc5f4\uc758 \ud2b9\uc9d5\uc5d0 \uad00\ud55c \uc9c0\uc2dd\uc744 \ud65c\uc6a9\ud558\uc5ec \uc790\uc138\ud558\uac8c \uc124\uba85\ud574 \ubd05\uc2dc\ub2e4.", "answer": "\uc5d0\uc5b4\ucea1 \uc548\uc5d0 \ub4e4\uc5b4 \uc788\ub294 \uacf5\uae30\uac00 \uc5f4\uc758 \uc774\ub3d9\uc744 \ub9c9\uc544 \uc2e4\ub0b4 \uc628\ub3c4\ub97c \ub192\uac8c \uc720\uc9c0\uc2dc\ud0a8\ub2e4.", "image": "question/image/question_13.png", "hint": "\uc5d0\uc5b4\ucea1\uc744 \ucc44\uc6b0\uace0 \uc788\ub294 \ubb3c\uc9c8\uc740 \uc5b4\ub5a4 \uc5ed\ud560\uc744 \ud558\ub294\uc9c0 \uc870\uae08 \ub354 \uc0dd\uac01\uc744 \ubc1c\uc804\uc2dc\ucf1c \ubcfc\uae4c\uc694?", "made_date": "2020-08-06", "ques_concept": "\ub300\ub958, \uc804\ub3c4, \ubcf5\uc0ac\uc5d0 \uc758\ud55c \uc5f4\uc758 \uc774\ub3d9\uc744 \ub9c9\ub294 \uac83\uc744 \ub2e8\uc5f4\uc774\ub77c\uace0 \ud558\uba70, \uacf5\uae30\ub3c4 \ub2e8\uc5f4\uc758 \uc7ac\ub8cc\uac00 \ub420 \uc218 \uc788\ub2e4. ", "scoring_keyword": null, "ml_model_check": 1, "upload_check": 1}}, {"model": "mainpage.question", "pk": 14, "fields": {"category": 4, "question_name": "\uc785\uc790\uc758 \ub04a\uc784\uc5c6\ub294 \uc6b4\ub3d9", "discription": "\uc2dc\uc5f0\uc774\ub294 \uacfc\ud559 \uc2dc\uac04\uc5d0 \uc120\uc0dd\ub2d8\uaed8\uc11c \uc785\uc790\uc758 \uc6b4\ub3d9\uc5d0 \ub300\ud574 \uc124\uba85\ud558\uc2dc\ub294 \uac83\uc744 \ub4e4\uc5c8\uc2b5\ub2c8\ub2e4. \ubb3c\uc9c8\uc744 \uc774\ub8e8\ub294 \uc785\uc790\ub294 \uc815\uc9c0\ud574 \uc788\ub294 \uac83\uc774 \uc544\ub2c8\ub77c \ub04a\uc784 \uc5c6\uc774 \uc6b4\ub3d9\ud558\uace0 \uc788\ub2e4\ub294 \ub0b4\uc6a9\uc774\uc5c8\uc2b5\ub2c8\ub2e4. \uc2dc\uc5f0\uc774\ub294 \uc6b0\ub9ac \uc8fc\ubcc0\uc5d0\uc11c \uc785\uc790\uc758 \uc6b4\ub3d9\uc73c\ub85c \uc778\ud574 \uc77c\uc5b4\ub098\ub294 \uc790\uc5f0 \ud604\uc0c1\ub4e4\uc774 \ubb34\uc5c7\uc774 \uc788\uc744\uc9c0 \uc0dd\uac01\ud574\ubcf4\uae30\ub85c \ud588\uc2b5\ub2c8\ub2e4. \uc785\uc790\uc758 \uc6b4\ub3d9\uc5d0 \uad00\ud55c \uc9c0\uc2dd\uc744 \ud65c\uc6a9\ud558\uc5ec \uc774\ub97c \uc790\uc138\ud558\uac8c \uc124\uba85\ud574\ubd05\uc2dc\ub2e4.", "answer": "\uc785\uc790\uc758 \uc6b4\ub3d9\uc73c\ub85c \uc778\ud574 \ubb3c\uc9c8\uc758 \uc0c1\ud0dc \ubcc0\ud654\uac00 \uc77c\uc5b4\ub09c\ub2e4. \ub300\ud45c\uc801\uc778 \ubb3c\uc9c8\uc758 \uc0c1\ud0dc \ubcc0\ud654\ub85c\ub294 \uc99d\ubc1c\uc774 \uc788\ub2e4. \ubb3c\uc9c8\uc758 \uc0c1\ud0dc \ubcc0\ud654\uac00 \uc544\ub2c8\ub354\ub77c\ub3c4, \uae30\uccb4\uc758 \ud655\uc0b0\uc740 \uc785\uc790\uc758 \uc6b4\ub3d9 \ub54c\ubb38\uc5d0 \uc77c\uc5b4\ub09c\ub2e4. \uae30\uc555 \uc790\uccb4\ub3c4 \uc785\uc790\uc758 \uc6b4\ub3d9 \ub54c\ubb38\uc5d0 \uc874\uc7ac\ud558\ub294 \uac83\uc774\ub2e4.", "image": "question/image/question_14.png", "hint": "\uc785\uc790\uc758 \uc6b4\ub3d9\uc744 \uc6b0\uc120 \ubb3c\uc9c8\uc758 \uc0c1\ud0dc\uc640 \uc5f0\uad00 \uc9c0\uc5b4 \uc774\ud574\ud560 \uc218 \uc788\uc2b5\ub2c8\ub2e4. \uadf8 \ub2e4\uc74c\uc73c\ub85c \ubb3c\uc9c8\uc758 \uc0c1\ud0dc \ubcc0\ud654\uc640 \uad00\uacc4 \uc5c6\ub294 \uc785\uc790\uc758 \uc6b4\ub3d9\uc744 \uc0dd\uac01\ud574\ubcfc \uc218 \uc788\uc2b5\ub2c8\ub2e4.", "made_date": "2020-08-06", "ques_concept": "\uc785\uc790\uc758 \uc6b4\ub3d9\uc73c\ub85c \uc778\ud574 \ubb3c\uc9c8\uc758 \uc0c1\ud0dc \ubcc0\ud654\uac00 \uc77c\uc5b4\ub09c\ub2e4. \ub300\ud45c\uc801\uc778 \ubb3c\uc9c8\uc758 \uc0c1\ud0dc \ubcc0\ud654\ub85c\ub294 \uc99d\ubc1c\uc774 \uc788\ub2e4. \ud55c\ud3b8 \uae30\uccb4 \uc0c1\ud0dc\uc5d0\uc11c\ub294 \ud655\uc0b0 \ud604\uc0c1\uc774 \uc785\uc790\uc758 \uc6b4\ub3d9\uc73c\ub85c \ub098\ud0c0\ub09c\ub2e4. \uae30\uccb4\uc758 \uc555\ub825 \uc790\uccb4\ub3c4 \uc785\uc790\uc758 \uc6b4\ub3d9\uc73c\ub85c \uc778\ud574 \uc874\uc7ac\ud55c\ub2e4.", "scoring_keyword": null, "ml_model_check": 1, "upload_check": 1}}, {"model": "mainpage.question", "pk": 15, "fields": {"category": 4, "question_name": "\uc0b0\uacfc \uc5fc\uae30\uac00 \ub9cc\ub0a0 \ub54c", "discription": "pH \uc885\uc774\ub97c \uc774\uc6a9\ud558\uba74 \uc6a9\uc561\uc774 \uc0b0\uc131\uc744 \ub760\ub294\uc9c0 \uc5fc\uae30\uc131\uc744 \ub760\ub294\uc9c0 \ud655\uc778\ud560 \uc218 \uc788\uc2b5\ub2c8\ub2e4. \ubbfc\uc218\ub294 \uc2e4\ud5d8\uc744 \ud558\ub358 \ub3c4\uc911 \uc0b0\uc131 \uc6a9\uc561\uc5d0 \uc5fc\uae30\uc131 \uc6a9\uc561\uc744 \ub5a8\uc5b4\ub728\ub9b4\uc218\ub85d \uc0b0\uc131\uc774 \uc810\uc810 \uc57d\ud574\uc9c0\uace0, \ubc18\ub300\ub85c \uc5fc\uae30\uc131 \uc6a9\uc561\uc5d0 \uc0b0\uc131 \uc6a9\uc561\uc744 \ub5a8\uc5b4\ub728\ub9b4\uc218\ub85d \uc5fc\uae30\uc131\uc774 \uc810\uc810 \uc57d\ud574\uc9c0\ub294 \uac83\uc744 \uad00\ucc30\ud558\uc600\uc2b5\ub2c8\ub2e4. \ubbfc\uc218\ub294 \uc0b0\uacfc \uc5fc\uae30\uac00 \ub9cc\ub098\uba74 \uac01\uac01\uc758 \uc131\uc9c8\uc774 \uc57d\ud574\uc9c4\ub2e4\uace0 \uc0dd\uac01\ud558\uac8c \ub418\uc5c8\uc2b5\ub2c8\ub2e4. \uadf8\ub807\ub2e4\uba74 \uc0b0\uacfc \uc5fc\uae30\uac00 \ub9cc\ub098\uba74 \uc65c \uac01\uac01\uc758 \uc131\uc9c8\uc774 \uc57d\ud574\uc9c0\ub294 \uac83\uc77c\uae4c\uc694?", "answer": "\uc11c\ub85c \uc0c1\ubc18\ub418\ub294 \uc131\uc9c8\uc744 \uc9c0\ub2cc \uc0b0\uacfc \uc5fc\uae30\uac00 \ub9cc\ub098\uba74, \uc0b0\uc131\uacfc \uc5fc\uae30\uc131\uc744 \ub760\ub294 \ubb3c\uc9c8(\uc785\uc790)\uc774 \uc11c\ub85c \uc9dd\uc744 \ub9de\ucd94\uc5b4 \ubc18\uc751\ud558\uba74\uc11c(\uc911\ud654\ubc18\uc751) \uac01\uac01\uc758 \uc131\uc9c8\uc744 \uc783\uc5b4\ubc84\ub9ac\uae30 \ub54c\ubb38\uc774\ub2e4.", "image": "question/image/question_15.png", "hint": "\uc0b0\uacfc \uc5fc\uae30\uac00 \ub9cc\ub098\uba74 \uc5b4\ub5a4 \uc77c\uc774 \ubc8c\uc5b4\uc9c8\uae4c\uc694? \uc0b0\uacfc \uc5fc\uae30\ub294 \ub9cc\ub098\ub294 \ube44\uc728\uc740 \uc5b4\ub5a0\ud560\uae4c\uc694?", "made_date": "2020-08-06", "ques_concept": "\uc0b0\uacfc \uc5fc\uae30\ub294 \uc11c\ub85c \uc0c1\ubc18\ub418\ub294 \uc131\uc9c8\uc744 \uc9c0\ub2cc\ub2e4. \uc0b0\uacfc \uc5fc\uae30\uac00 \ub9cc\ub098\uba74 \uc0b0\uc131\uacfc \uc5fc\uae30\uc131\uc744 \ub760\ub294 \ubb3c\uc9c8(\uc785\uc790)\uc774 \uc11c\ub85c \uc9dd\uc744 \ub9de\ucd94\uc5b4 \ubc18\uc751\ud55c\ub2e4.(\uc911\ud654\ubc18\uc751) \uc774 \ubc18\uc751\uc758 \uacb0\uacfc\ub85c \uac01\uac01\uc758 \uc131\uc9c8\uc744 \uc783\uc5b4\ubc84\ub9ac\uac8c \ub41c\ub2e4.", "scoring_keyword": null, "ml_model_check": 1, "upload_check": 1}}, {"model": "mainpage.question", "pk": 16, "fields": {"category": 3, "question_name": "\uc815\ubcf4 \uc0ac\ud68c\uc758 \ubb38\uc81c\uc810", "discription": "\uc624\ub298\ub0a0 \uc6b0\ub9ac \uc0ac\ud68c\ub294 \uc815\ubcf4 \uc0ac\ud68c\ub85c \ubd88\ub9bd\ub2c8\ub2e4. \uc815\ubcf4 \uc0ac\ud68c\ub294 \uc815\ubcf4 \ud1b5\uc2e0 \uae30\uc220\uc758 \ubc1c\ub2ec\uacfc \ud568\uaed8 \uc815\ubcf4\uc758 \uac00\uce58\uac00 \ub9e4\uc6b0 \uc911\uc694\ud558\uac8c \uc5ec\uaca8\uc9c0\ub294 \uc0ac\ud68c\uc785\ub2c8\ub2e4. \uc815\ubcf4 \uc0ac\ud68c\ub294 \uc6b0\ub9ac \uc0dd\ud65c\uc744 \ub9e4\uc6b0 \ud3b8\ub9ac\ud558\uac8c \ud574 \uc8fc\uc9c0\ub9cc, \ub2e4\ub978 \ud55c\ud3b8\uc73c\ub85c \ub9ce\uc740 \ubb38\uc81c\uc810\ub3c4 \uac00\uc838\uc635\ub2c8\ub2e4. \uc815\ubcf4 \uc0ac\ud68c\uc5d0\uc11c \ub098\ud0c0\ub098\ub294 \ubb38\uc81c\uc810\uc5d0\ub294 \uc5b4\ub5a4 \uac83\uc774 \uc788\uc744\uae4c\uc694?", "answer": "\uc815\ubcf4 \uae30\uae30 \uc911\ub3c5(\ud734\ub300\ud3f0, \uc778\ud130\ub137, \uac8c\uc784 \uc911\ub3c5 \ub4f1), \uc815\ubcf4 \uae30\uae30\uc5d0 \ub300\ud55c \ub192\uc740 \uc758\uc874\ub3c4, \uba74\ub300\uba74 \ub300\uc778\uad00\uacc4 \uc57d\ud654, \uc0ac\uc0dd\ud65c \uce68\ud574(\uac1c\uc778 \uc815\ubcf4 \uc720\ucd9c \ub4f1), \uc0ac\uc774\ubc84 \ubc94\uc8c4(\uc545\uc131 \ub313\uae00, \uc0ac\uc774\ubc84 \ud3ed\ub825 \ub4f1), \uac70\uc9d3 \uc815\ubcf4(\uac00\uc9dc \ub274\uc2a4 \ub4f1) \uc720\ud3ec, \uc800\uc791\uad8c \uce68\ud574, \uc815\ubcf4 \uaca9\ucc28(\uc815\ubcf4 \ubd88\ud3c9\ub4f1) \ub4f1", "image": "question/image/question_16.png", "hint": "\uc6b0\ub9ac\uac00 \ud3c9\uc18c\uc5d0 \ub9ce\uc774 \uc0ac\uc6a9\ud558\ub294 \uc2a4\ub9c8\ud2b8\ud3f0\uc774\ub098 \uc778\ud130\ub137\uacfc \uad00\ub828\ub41c \ubb38\uc81c\uc810\uc744 \ub5a0\uc62c\ub824 \ubd05\uc2dc\ub2e4.", "made_date": "2020-08-06", "ques_concept": "\uc815\ubcf4 \uc0ac\ud68c\ub294 \uae0d\uc815\uc801\uc778 \uce21\uba74\uacfc \ubd80\uc815\uc801\uc778 \uce21\uba74\uc744 \ubaa8\ub450 \uac00\uc9c0\uace0 \uc788\ub2e4.", "scoring_keyword": null, "ml_model_check": 1, "upload_check": 1}}, {"model": "mainpage.question", "pk": 17, "fields": {"category": 4, "question_name": "\uba78\uc885\uc704\uae30\uc5d0 \ucc98\ud55c \uc0dd\ubb3c\ub4e4", "discription": "2019\ub144 5\uc6d4 \uc804\uc138\uacc4 132\uac1c\uad6d\uc774 \ucc38\uc5ec\ud558\ub294 \uc0dd\ubb3c\ub2e4\uc591\uc131\uacfc\ud559\uae30\uad6c(IPBES)\uc5d0\uc11c\ub294 \uc9c0\uad6c\uc0c1\uc758 \ub3d9\uc2dd\ubb3c 100\ub9cc\uc885\uc774 \uba78\uc885 \uc704\uae30\uc5d0 \ube60\uc84c\ub2e4\ub294 \uc870\uc0ac \uacb0\uacfc\ub97c \ub2f4\uc740 \ubcf4\uace0\uc11c\ub97c \ubc1c\ud45c\ud558\uc600\uc2b5\ub2c8\ub2e4. \uc774 \ubcf4\uace0\uc11c\ub294 \u201c\ud604\uc7ac \uc9c0\uad6c\uc5d0\ub294 800\ub9cc\uc885\uc758 \uc0dd\ubb3c\uc774 \uc0ac\ub294 \uac83\uc73c\ub85c \ucd94\uc815\ub418\ub294\ub370, \uba78\uc885 \uc18d\ub3c4\uac00 \uacfc\uac70 1000\ub9cc\ub144 \ud3c9\uade0\ubcf4\ub2e4 \uc218\uc2ed \ubc30\ub098 \ube60\ub974\uace0 \uac00\uc18d\ud654\ub418\uace0 \uc788\ub2e4\u201d\uace0 \uc9c0\uc801\ud588\uc2b5\ub2c8\ub2e4. \ucd5c\uadfc \ub4e4\uc5b4 \uc774\ub807\uac8c \uc9c0\uad6c\uc0c1\uc5d0\uc11c\uc758 \uba78\uc885\uc704\uae30 \uc885\uc774 \ub9ce\uc544\uc9c0\uace0 \uadf8 \uc18d\ub3c4\ub3c4 \ube68\ub77c\uc9c0\ub294 \uc774\uc720\ub294 \ubb34\uc5c7\uc77c\uae4c\uc694? \uc0dd\ubb3c\uc5d0 \uad00\ud55c \uc9c0\uc2dd\uc744 \ud65c\uc6a9\ud558\uc5ec \uc790\uc138\ud558\uac8c \uc124\uba85\ud558\uc5ec \ubd05\uc2dc\ub2e4.", "answer": "\uc778\uac04\ud65c\ub3d9\uc5d0 \uc758\ud55c \ud658\uacbd\ud30c\uad34\uc640 \uae30\ud6c4\ubcc0\ud654\ub85c \uc778\ud574 \uc0dd\ubb3c\ub4e4\uc758 \uc11c\uc2dd\uc9c0\uac00 \ud30c\uad34\ub418\uc5b4 \uc0dd\ubb3c\ub4e4\uc774 \uc548\uc88b\uc740 \uc601\ud5a5\uc744 \ubc1b\uae30 \ub54c\ubb38\uc774\ub2e4. ", "image": "question/image/question_17.png", "hint": "\ucd5c\uadfc \uadf9\uc9c0\ubc29\uc758 \ube59\ud558\uac00 \ube60\ub978 \uc18d\ub3c4\ub85c \ub179\uc73c\uba70 \ubd81\uadf9 \uc0dd\ubb3c\ub4e4\uc774 \uc0b4 \uacf3\uc744 \uc783\uc5b4\uac00\uace0 \uc788\ub2e4\uace0 \ud569\ub2c8\ub2e4. \ub610\ud55c \uc544\ub9c8\uc874\uc5d0\uc11c\ub294 \uc9c0\ub098\uce5c \ub3c4\ub85c \uacf5\uc0ac\ub85c \uc5f4\ub300\uc6b0\ub9bc\uc774 \uc810\uc810 \ud30c\uad34\ub418\uace0 \uc788\ub2e4\uace0 \ud569\ub2c8\ub2e4. \uadf8 \uc774\uc720\ub97c \uc911\uc2ec\uc73c\ub85c \uc0dd\uac01\ud574\ubcfc\uae4c\uc694? \ub300\ubd80\ubd84\uc758 \uc790\uc5f0 \ud30c\uad34\ub294 \ub204\uad6c\uc5d0 \uc758\ud558\uc5ec \uc0dd\uae30\ub294\uc9c0 \uc0dd\uac01\ud574 \ubcfc\uae4c\uc694?", "made_date": "2020-08-06", "ques_concept": "\uc778\uac04\ud65c\ub3d9\uc73c\ub85c \uc778\ud55c \ud658\uacbd\uc624\uc5fc\uacfc \uae30\ud6c4\ubcc0\ud654\ub85c \uc0dd\ubb3c\ub4e4\uc758 \uc11c\uc2dd\uc9c0\uac00 \ud30c\uad34\ub418\uace0 \uc0dd\ubb3c\ub2e4\uc591\uc131\uc774 \uc704\ud611\ub418\uace0 \uc788\ub2e4. ", "scoring_keyword": null, "ml_model_check": 1, "upload_check": 1}}, {"model": "mainpage.question", "pk": 18, "fields": {"category": 6, "question_name": "\uace0\ub824\uc758 \uacbd\uc81c\uc640 \ubb38\ud654", "discription": "\ub2e4\uc74c \uc790\ub8cc\ub97c \ud1b5\ud574 \uc54c \uc218 \uc788\ub294 \uace0\ub824 \uc2dc\ub300\uc758 \uacbd\uc81c\uc640 \ubb38\ud654\uc758 \ud2b9\uc9d5\uc744 \uac01\uac01 \uc4f0\uc2dc\uc624.", "answer": "(\uacbd\uc81c\uc758 \ud2b9\uc9d5) \ub2e4\ub978 \ub098\ub77c\uc640 \ud65c\ubc1c\ud558\uac8c \ubb34\uc5ed\uc744 \ud558\uba74\uc11c \ubc1c\uc804\ud558\uc600\ub2e4.  (\ubb38\ud654\uc758 \ud2b9\uc9d5) \uc804\uad6d\uc801\uc73c\ub85c \ubd88\uad50 \ubb38\ud654\uac00 \ud06c\uac8c \ubc1c\ub2ec\ud558\uc600\ub2e4.", "image": "question/image/question_18.png", "hint": "\ub2e4\ub978 \ub098\ub77c\uc640 \ubb3c\uac74\uc744 \uc0ac\uace0 \ud30c\ub294 \uac83\uc744 \ubb34\uc5c7\uc774\ub77c\uace0 \ud560\uae4c\uc694? \uc808, \ubd88\uc0c1, \uc11d\ud0d1, \uc5f0\ub4f1\ud68c, \ud314\uad00\ud68c \ub4f1\uc740 \uc5b4\ub5a4 \uc885\uad50\uc640 \uad00\ub828\uc774 \uc788\uc744\uae4c\uc694?", "made_date": "2020-08-06", "ques_concept": "\uace0\ub824 \uc2dc\ub300\uc5d0\ub294 \ub300\uc678 \ubb34\uc5ed\uacfc \ubd88\uad50\uac00 \ud06c\uac8c \ubc1c\uc804\ud558\uc600\ub2e4.", "scoring_keyword": null, "ml_model_check": 1, "upload_check": 1}}, {"model": "mainpage.studysolvedata", "pk": 1, "fields": {"question": 1, "school": "\ucd08\ub4f1\ud559\uad50", "gender": "\ub0a8", "response": "\ud30c\ub780\uc0c9 \uc804\uad6c\ub4e4\uacfc \ube68\uac04\uc0c9 \uc804\uad6c\ub4e4\uc740 \ubcd1\ub82c\ub85c \uc5f0\uacb0\ub418\uc5b4 \ud30c\ub780\uc0c9 \uc804\uad6c \ud558\ub098\uac00 \uace0\uc7a5\ub098\ub354\ub77c\ub3c4 \ubcd1\ub82c\ub85c \uc5f0\uacb0\ub41c \ub2e4\ub978 \uc904\uc758 \ube68\uac04\uc0c9 \uc804\uad6c\ub4e4\uc5d0\ub294 \uc804\ub958\uac00 \ud750\ub97c \uc218 \uc788\uc5c8\uae30 \ub54c\ubb38\uc774\ub2e4.", "score": "0.00", "submit_date": "2020-04-11"}}, {"model": "mainpage.studysolvedata", "pk": 2, "fields": {"question": 2, "school": "\uc911\ud559\uad50", "gender": "\uc5ec", "response": "\uc561\uccb4\uc5d0\uc11c\ub294 \ub530\ub73b\ud55c \uc561\uccb4\uac00 \uc704\ub85c \uc62c\ub77c\uac00\uace0, \ucc28\uac00\uc6b4 \uc561\uccb4\uac00 \uc544\ub798\ub85c \ub0b4\ub824\uac00\uba70 \uc5f4\uc774 \uc804\ub2ec\ub41c\ub2e4. \uadf8\ub7ec\ubbc0\ub85c \ub728\uac70\uc6b4 \ubb3c\uc744 \uba3c\uc800 \ud2b9\uace0 \ub098\uc911\uc5d0 \ucc28\uac00\uc6b4 \ubb3c\uc744 \ud2c0\uc5b4\uc57c \uc544\ub798\uc5d0 \uc788\ub294 \ub728\uac70\uc6b4 \ubb3c\uc774 \uc704\ub85c \uc62c\ub77c\uac00\uba74\uc11c \ub728\uac70\uc6b4 \ubb3c\uacfc \ucc28\uac00\uc6b4 \ubb3c\uc774 \uace8\uace0\ub8e8 \uc11e\uc77c \uc218 \uc788\uac8c \ub41c\ub2e4.", "score": "2.00", "submit_date": "2020-04-12"}}, {"model": "mainpage.studysolvedata", "pk": 3, "fields": {"question": 3, "school": "\ucd08\ub4f1\ud559\uad50", "gender": "\ub0a8", "response": "\ubb3c\uc9c8\uc758 \uc0c1\ud0dc\uac00 \ubcc0\ud560 \ub54c \ubb3c\uc9c8\uc744 \uc774\ub8e8\ub294 \uc785\uc790\uc758 \uc885\ub958\uc640 \uac1c\uc218\ub294 \ubcc0\ud558\uc9c0 \uc54a\uace0 \uc785\uc790\uc758 \ubc30\uc5f4\ub9cc \ub2ec\ub77c\uc9d1\ub2c8\ub2e4.", "score": "1.00", "submit_date": "2020-04-12"}}, {"model": "mainpage.studysolvedata", "pk": 4, "fields": {"question": 4, "school": "\uace0\ub4f1\ud559\uad50", "gender": "\uc5ec", "response": "\ub098\ub77c\ub9c8\ub2e4 \uac00\uc9c4 \uc790\uc6d0\uc774 \ub2e4\ub974\uae30 \ub54c\ubb38\uc785\ub2c8\ub2e4.", "score": "3.00", "submit_date": "2020-04-14"}}, {"model": "mainpage.studysolvedata", "pk": 5, "fields": {"question": 5, "school": "\uace0\ub4f1\ud559\uad50", "gender": "\ub0a8", "response": "\uc2dd\ubb3c\uc758 \ubfcc\ub9ac\ub294 \uc2dd\ubb3c\uccb4\ub97c \uc9c0\uc9c0 \ubc0f \uace0\uc815\ud574\uc8fc\ub294 \uc5ed\ud560, \uc591\ubd84\uc744 \uc800\uc7a5\ud558\ub294 \uc5ed\ud560, \ud1a0\uc591\uc18d\uc758 \ubb3c\uacfc \ubb34\uae30\uc5fc\ub958\ub97c \uc2dd\ubb3c\uccb4\ub85c \uc774\ub3d9\uc2dc\ud0a4\ub294 \uc5ed\ud560\uc744 \ud55c\ub2e4. ", "score": "1.00", "submit_date": "2020-04-15"}}, {"model": "mainpage.studysolvedata", "pk": 6, "fields": {"question": 1, "school": "\ucd08\ub4f1\ud559\uad50", "gender": "\ub0a8", "response": "\ubb3c\uc9c8\uc758 \uc0c1\ud0dc\uac00 \ubcc0\ud560 \ub54c \ubb3c\uc9c8\uc744 \uc774\ub8e8\ub294 \uc785\uc790\uc758 \uc885\ub958\uc640 \uac1c\uc218\ub294 \ubcc0\ud558\uc9c0 \uc54a\uace0 \uc785\uc790\uc758 \ubc30\uc5f4\ub9cc \ub2ec\ub77c\uc9d1\ub2c8\ub2e4.", "score": "1.00", "submit_date": "2020-05-01"}}, {"model": "mainpage.studysolvedata", "pk": 7, "fields": {"question": 2, "school": "\uc911\ud559\uad50", "gender": "\uc5ec", "response": "\ub098\ub77c\ub9c8\ub2e4 \uac00\uc9c4 \uc790\uc6d0\uc774 \ub2e4\ub974\uae30 \ub54c\ubb38\uc785\ub2c8\ub2e4.", "score": "3.00", "submit_date": "2020-05-02"}}, {"model": "mainpage.studysolvedata", "pk": 8, "fields": {"question": 3, "school": "\ucd08\ub4f1\ud559\uad50", "gender": "\ub0a8", "response": "\uc2dd\ubb3c\uc758 \ubfcc\ub9ac\ub294 \uc2dd\ubb3c\uccb4\ub97c \uc9c0\uc9c0 \ubc0f \uace0\uc815\ud574\uc8fc\ub294 \uc5ed\ud560, \uc591\ubd84\uc744 \uc800\uc7a5\ud558\ub294 \uc5ed\ud560, \ud1a0\uc591\uc18d\uc758 \ubb3c\uacfc \ubb34\uae30\uc5fc\ub958\ub97c \uc2dd\ubb3c\uccb4\ub85c \uc774\ub3d9\uc2dc\ud0a4\ub294 \uc5ed\ud560\uc744 \ud55c\ub2e4. ", "score": "1.00", "submit_date": "2020-05-03"}}, {"model": "mainpage.studysolvedata", "pk": 9, "fields": {"question": 4, "school": "\uace0\ub4f1\ud559\uad50", "gender": "\uc5ec", "response": "\ub098\ub77c\ub9c8\ub2e4 \uac00\uc9c4 \uc790\uc6d0\uc774 \ub2e4\ub974\uae30 \ub54c\ubb38\uc785\ub2c8\ub2e4.", "score": "3.00", "submit_date": "2020-05-04"}}, {"model": "mainpage.studysolvedata", "pk": 10, "fields": {"question": 5, "school": "\uace0\ub4f1\ud559\uad50", "gender": "\ub0a8", "response": "\uc2dd\ubb3c\uc758 \ubfcc\ub9ac\ub294 \uc2dd\ubb3c\uccb4\ub97c \uc9c0\uc9c0 \ubc0f \uace0\uc815\ud574\uc8fc\ub294 \uc5ed\ud560, \uc591\ubd84\uc744 \uc800\uc7a5\ud558\ub294 \uc5ed\ud560, \ud1a0\uc591\uc18d\uc758 \ubb3c\uacfc \ubb34\uae30\uc5fc\ub958\ub97c \uc2dd\ubb3c\uccb4\ub85c \uc774\ub3d9\uc2dc\ud0a4\ub294 \uc5ed\ud560\uc744 \ud55c\ub2e4. ", "score": "1.00", "submit_date": "2020-05-05"}}, {"model": "mainpage.keyword", "pk": 1, "fields": {"question": 1, "keyword_name": "\uc804\uae30\ud68c\ub85c"}}, {"model": "mainpage.keyword", "pk": 2, "fields": {"question": 1, "keyword_name": "\uc804\ub958"}}, {"model": "mainpage.keyword", "pk": 3, "fields": {"question": 1, "keyword_name": "\uc800\ud56d"}}, {"model": "mainpage.keyword", "pk": 4, "fields": {"question": 1, "keyword_name": "\uc804\uae30\uc758 \uc774\uc6a9"}}, {"model": "mainpage.keyword", "pk": 5, "fields": {"question": 1, "keyword_name": "\uc804\uae30\uc640 \uc790\uae30"}}, {"model": "mainpage.keyword", "pk": 6, "fields": {"question": 2, "keyword_name": "\uc628\ub3c4"}}, {"model": "mainpage.keyword", "pk": 7, "fields": {"question": 2, "keyword_name": "\ub300\ub958"}}, {"model": "mainpage.keyword", "pk": 8, "fields": {"question": 2, "keyword_name": "\uc5f4\uc758 \uc774\ub3d9 \ubc29\uc2dd"}}, {"model": "mainpage.keyword", "pk": 9, "fields": {"question": 2, "keyword_name": "\uc628\ub3c4\uc640 \uc5f4"}}, {"model": "mainpage.keyword", "pk": 10, "fields": {"question": 2, "keyword_name": "\uc5f4\uacfc \uc6b0\ub9ac \uc0dd\ud65c"}}, {"model": "mainpage.keyword", "pk": 11, "fields": {"question": 3, "keyword_name": "\ubb3c\uc9c8\uc758 \uc0c1\ud0dc"}}, {"model": "mainpage.keyword", "pk": 12, "fields": {"question": 3, "keyword_name": "\uc785\uc790 \ubc30\uc5f4"}}, {"model": "mainpage.keyword", "pk": 13, "fields": {"question": 4, "keyword_name": "\ubb34\uc5ed"}}, {"model": "mainpage.keyword", "pk": 14, "fields": {"question": 4, "keyword_name": "\uc218\ucd9c"}}, {"model": "mainpage.keyword", "pk": 15, "fields": {"question": 4, "keyword_name": "\uc218\uc785"}}, {"model": "mainpage.keyword", "pk": 16, "fields": {"question": 4, "keyword_name": "\uacbd\uc81c\uc801 \uad50\ub958"}}, {"model": "mainpage.keyword", "pk": 17, "fields": {"question": 5, "keyword_name": "\uc2dd\ubaa9\uc77c"}}, {"model": "mainpage.keyword", "pk": 18, "fields": {"question": 5, "keyword_name": "\uc2dd\ubb3c"}}, {"model": "mainpage.keyword", "pk": 19, "fields": {"question": 5, "keyword_name": "\ub098\ubb34"}}, {"model": "mainpage.keyword", "pk": 20, "fields": {"question": 5, "keyword_name": "\ubfcc\ub9ac"}}, {"model": "mainpage.keyword", "pk": 21, "fields": {"question": 5, "keyword_name": "\uae30\ub2a5"}}, {"model": "mainpage.keyword", "pk": 22, "fields": {"question": 6, "keyword_name": "\uc2dd\ubb3c"}}, {"model": "mainpage.keyword", "pk": 23, "fields": {"question": 6, "keyword_name": "\ub098\ubb34"}}, {"model": "mainpage.keyword", "pk": 24, "fields": {"question": 6, "keyword_name": "\ubfcc\ub9ac"}}, {"model": "mainpage.keyword", "pk": 25, "fields": {"question": 7, "keyword_name": "\uc0dd\ubb3c\ub2e4\uc591\uc131\uc758 \ub0a0"}}, {"model": "mainpage.keyword", "pk": 26, "fields": {"question": 7, "keyword_name": "\uc0dd\ud0dc\uacc4"}}, {"model": "mainpage.keyword", "pk": 27, "fields": {"question": 7, "keyword_name": "\uba39\uc774\uc0ac\uc2ac"}}, {"model": "mainpage.keyword", "pk": 28, "fields": {"question": 8, "keyword_name": "\ub2e8\uc5f4\ud33d\ucc3d"}}, {"model": "mainpage.keyword", "pk": 29, "fields": {"question": 8, "keyword_name": "\uad6c\ub984\uc0dd\uc131"}}, {"model": "mainpage.keyword", "pk": 30, "fields": {"question": 8, "keyword_name": "\uae30\uc555"}}, {"model": "mainpage.keyword", "pk": 31, "fields": {"question": 8, "keyword_name": "\uc628\ub3c4\ubcc0\ud654"}}, {"model": "mainpage.keyword", "pk": 32, "fields": {"question": 8, "keyword_name": "\uc218\uc99d\uae30"}}, {"model": "mainpage.keyword", "pk": 33, "fields": {"question": 8, "keyword_name": "\uc751\uacb0"}}, {"model": "mainpage.keyword", "pk": 34, "fields": {"question": 9, "keyword_name": "\uc9c0\uad6c \uc790\uc804"}}, {"model": "mainpage.keyword", "pk": 35, "fields": {"question": 9, "keyword_name": "\uc77c\uc8fc\uc6b4\ub3d9"}}, {"model": "mainpage.keyword", "pk": 36, "fields": {"question": 9, "keyword_name": "\ub0ae\uacfc \ubc24"}}, {"model": "mainpage.keyword", "pk": 37, "fields": {"question": 9, "keyword_name": "\ud0dc\uc591"}}, {"model": "mainpage.keyword", "pk": 38, "fields": {"question": 10, "keyword_name": "\uc800\uae30\uc555"}}, {"model": "mainpage.keyword", "pk": 39, "fields": {"question": 10, "keyword_name": "\ub0a0\uc528"}}, {"model": "mainpage.keyword", "pk": 40, "fields": {"question": 10, "keyword_name": "\uae30\ub958"}}, {"model": "mainpage.keyword", "pk": 41, "fields": {"question": 10, "keyword_name": "\ub2e8\uc5f4\ud33d\ucc3d"}}, {"model": "mainpage.keyword", "pk": 42, "fields": {"question": 10, "keyword_name": "\uc751\uacb0"}}, {"model": "mainpage.keyword", "pk": 43, "fields": {"question": 11, "keyword_name": "\uc2e0\ub77c"}}, {"model": "mainpage.keyword", "pk": 44, "fields": {"question": 11, "keyword_name": "\uc0bc\uad6d\ud1b5\uc77c"}}, {"model": "mainpage.keyword", "pk": 45, "fields": {"question": 11, "keyword_name": "\ub098\ub2f9\uc5f0\ud569"}}, {"model": "mainpage.keyword", "pk": 46, "fields": {"question": 12, "keyword_name": "\uae30\uccb4 \ubd84\uc790\uc758 \uc6b4\ub3d9"}}, {"model": "mainpage.keyword", "pk": 47, "fields": {"question": 12, "keyword_name": "\uc5f4\uc5d0 \ub530\ub978 \uc785\uc790\uc758 \uc6b4\ub3d9"}}, {"model": "mainpage.keyword", "pk": 48, "fields": {"question": 13, "keyword_name": "\uc628\ub3c4"}}, {"model": "mainpage.keyword", "pk": 49, "fields": {"question": 13, "keyword_name": "\ub2e8\uc5f4"}}, {"model": "mainpage.keyword", "pk": 50, "fields": {"question": 13, "keyword_name": "\uc628\ub3c4\uc640 \uc5f4"}}, {"model": "mainpage.keyword", "pk": 51, "fields": {"question": 13, "keyword_name": "\uc5f4\uacfc \uc6b0\ub9ac \uc0dd\ud65c"}}, {"model": "mainpage.keyword", "pk": 52, "fields": {"question": 14, "keyword_name": "\uc785\uc790\uc758 \uc6b4\ub3d9"}}, {"model": "mainpage.keyword", "pk": 53, "fields": {"question": 14, "keyword_name": "\uae30\uce58 \ubd84\uc790 \uc6b4\ub3d9\ub860"}}, {"model": "mainpage.keyword", "pk": 54, "fields": {"question": 14, "keyword_name": "\ud655\uc0b0"}}, {"model": "mainpage.keyword", "pk": 55, "fields": {"question": 15, "keyword_name": "\uc99d\ubc1c"}}, {"model": "mainpage.keyword", "pk": 56, "fields": {"question": 15, "keyword_name": "\uc0b0"}}, {"model": "mainpage.keyword", "pk": 57, "fields": {"question": 15, "keyword_name": "\uc5fc\uae30"}}, {"model": "mainpage.keyword", "pk": 58, "fields": {"question": 15, "keyword_name": "\uc0b0\uc5fc\uae30 \ubc18\uc751"}}, {"model": "mainpage.keyword", "pk": 59, "fields": {"question": 15, "keyword_name": "\uc911\ud654\ubc18\uc751"}}, {"model": "mainpage.keyword", "pk": 60, "fields": {"question": 16, "keyword_name": "\uc815\ubcf4 \uc0ac\ud68c"}}, {"model": "mainpage.keyword", "pk": 61, "fields": {"question": 16, "keyword_name": "\ubb38\uc81c\uc810"}}, {"model": "mainpage.keyword", "pk": 62, "fields": {"question": 17, "keyword_name": "\uc0dd\ubb3c\ub2e4\uc591\uc131"}}, {"model": "mainpage.keyword", "pk": 63, "fields": {"question": 17, "keyword_name": "\uba78\uc885"}}, {"model": "mainpage.keyword", "pk": 64, "fields": {"question": 17, "keyword_name": "\uc0dd\ubb3c\uc885"}}, {"model": "mainpage.keyword", "pk": 65, "fields": {"question": 17, "keyword_name": "\uae30\ud6c4\ubcc0\ud654"}}, {"model": "mainpage.keyword", "pk": 66, "fields": {"question": 17, "keyword_name": "\uc11c\uc2dd\uc9c0"}}, {"model": "mainpage.keyword", "pk": 67, "fields": {"question": 18, "keyword_name": "\uace0\ub824"}}, {"model": "mainpage.keyword", "pk": 68, "fields": {"question": 18, "keyword_name": "\ubb34\uc5ed"}}, {"model": "mainpage.keyword", "pk": 69, "fields": {"question": 18, "keyword_name": "\ubd88\uad50"}}, {"model": "mainpage.assignmentquestionrel", "pk": 1, "fields": {"assignment": "546A5N3Q", "question": 1}}, {"model": "mainpage.assignmentquestionrel", "pk": 2, "fields": {"assignment": "546A5N3Q", "question": 2}}, {"model": "mainpage.assignmentquestionrel", "pk": 3, "fields": {"assignment": "546A5N3Q", "question": 3}}, {"model": "mainpage.assignmentquestionrel", "pk": 4, "fields": {"assignment": "3SD533J2", "question": 4}}, {"model": "mainpage.assignmentquestionrel", "pk": 5, "fields": {"assignment": "3SD533J2", "question": 5}}, {"model": "mainpage.assignmentquestionrel", "pk": 6, "fields": {"assignment": "3SD533J2", "question": 6}}, {"model": "mainpage.assignmentquestionrel", "pk": 7, "fields": {"assignment": "SAD34WD2", "question": 7}}, {"model": "mainpage.assignmentquestionrel", "pk": 8, "fields": {"assignment": "SAD34WD2", "question": 8}}, {"model": "mainpage.assignmentquestionrel", "pk": 9, "fields": {"assignment": "SAD34WD2", "question": 9}}, {"model": "mainpage.assignmentquestionrel", "pk": 10, "fields": {"assignment": "4SADCVS2", "question": 10}}, {"model": "mainpage.assignmentquestionrel", "pk": 11, "fields": {"assignment": "4SADCVS2", "question": 1}}, {"model": "mainpage.assignmentquestionrel", "pk": 12, "fields": {"assignment": "4SADCVS2", "question": 2}}, {"model": "mainpage.assignmentquestionrel", "pk": 13, "fields": {"assignment": "24FE7OES", "question": 3}}, {"model": "mainpage.assignmentquestionrel", "pk": 14, "fields": {"assignment": "24FE7OES", "question": 4}}, {"model": "mainpage.assignmentquestionrel", "pk": 15, "fields": {"assignment": "24FE7OES", "question": 5}}, {"model": "mainpage.assignmentquestionrel", "pk": 16, "fields": {"assignment": "83SADK9D", "question": 6}}, {"model": "mainpage.assignmentquestionrel", "pk": 17, "fields": {"assignment": "83SADK9D", "question": 7}}, {"model": "mainpage.assignmentquestionrel", "pk": 18, "fields": {"assignment": "83SADK9D", "question": 8}}, {"model": "mainpage.assignmentquestionrel", "pk": 19, "fields": {"assignment": "37ASJKE3", "question": 9}}, {"model": "mainpage.assignmentquestionrel", "pk": 20, "fields": {"assignment": "37ASJKE3", "question": 10}}, {"model": "mainpage.assignmentquestionrel", "pk": 21, "fields": {"assignment": "37ASJKE3", "question": 1}}, {"model": "mainpage.assignmentquestionrel", "pk": 22, "fields": {"assignment": "518KPZ67", "question": 2}}, {"model": "mainpage.assignmentquestionrel", "pk": 23, "fields": {"assignment": "518KPZ67", "question": 3}}, {"model": "mainpage.assignmentquestionrel", "pk": 24, "fields": {"assignment": "518KPZ67", "question": 4}}, {"model": "mainpage.assignmentquestionrel", "pk": 25, "fields": {"assignment": "354VK3LK", "question": 5}}, {"model": "mainpage.assignmentquestionrel", "pk": 26, "fields": {"assignment": "354VK3LK", "question": 6}}, {"model": "mainpage.assignmentquestionrel", "pk": 27, "fields": {"assignment": "354VK3LK", "question": 7}}, {"model": "mainpage.solve", "pk": 1, "fields": {"as_qurel": 1, "student_id": 20183471, "submit_date": "2020-04-15", "response": "\ud30c\ub780\uc0c9 \uc804\uad6c\ub4e4\uacfc \ube68\uac04\uc0c9 \uc804\uad6c\ub4e4\uc740 \ubcd1\ub82c\ub85c \uc5f0\uacb0\ub418\uc5b4 \ud30c\ub780\uc0c9 \uc804\uad6c \ud558\ub098\uac00 \uace0\uc7a5\ub098\ub354\ub77c\ub3c4 \ubcd1\ub82c\ub85c \uc5f0\uacb0\ub41c \ub2e4\ub978 \uc904\uc758 \ube68\uac04\uc0c9 \uc804\uad6c\ub4e4\uc5d0\ub294 \uc804\ub958\uac00 \ud750\ub97c \uc218 \uc788\uc5c8\uae30 \ub54c\ubb38\uc774\ub2e4.", "score": "0.00", "student_name": "\uac00\ub098\ub2e4"}}, {"model": "mainpage.solve", "pk": 2, "fields": {"as_qurel": 2, "student_id": 20183472, "submit_date": "2020-04-16", "response": "\ud30c\ub780\uc0c9 \uc804\uad6c\ub4e4\uacfc \ube68\uac04\uc0c9 \uc804\uad6c\ub4e4\uc740 \ubcd1\ub82c\ub85c \uc5f0\uacb0\ub418\uc5b4 \ud30c\ub780\uc0c9 \uc804\uad6c \ud558\ub098\uac00 \uace0\uc7a5\ub098\ub354\ub77c\ub3c4 \ubcd1\ub82c\ub85c \uc5f0\uacb0\ub41c \ub2e4\ub978 \uc904\uc758 \ube68\uac04\uc0c9 \uc804\uad6c\ub4e4\uc5d0\ub294 \uc804\ub958\uac00 \ud750\ub97c \uc218 \uc788\uc5c8\uae30 \ub54c\ubb38\uc774\ub2e4.", "score": "2.00", "student_name": "\ub77c\ub9c8\ubc14"}}, {"model": "mainpage.solve", "pk": 3, "fields": {"as_qurel": 3, "student_id": 20183473, "submit_date": "2020-04-17", "response": "\ud30c\ub780\uc0c9 \uc804\uad6c\ub4e4\uacfc \ube68\uac04\uc0c9 \uc804\uad6c\ub4e4\uc740 \ubcd1\ub82c\ub85c \uc5f0\uacb0\ub418\uc5b4 \ud30c\ub780\uc0c9 \uc804\uad6c \ud558\ub098\uac00 \uace0\uc7a5\ub098\ub354\ub77c\ub3c4 \ubcd1\ub82c\ub85c \uc5f0\uacb0\ub41c \ub2e4\ub978 \uc904\uc758 \ube68\uac04\uc0c9 \uc804\uad6c\ub4e4\uc5d0\ub294 \uc804\ub958\uac00 \ud750\ub97c \uc218 \uc788\uc5c8\uae30 \ub54c\ubb38\uc774\ub2e4.", "score": "2.00", "student_name": "\uc0ac\uc544\uc790"}}, {"model": "mainpage.solve", "pk": 4, "fields": {"as_qurel": 4, "student_id": 20183471, "submit_date": "2020-04-15", "response": "\uc561\uccb4\uc5d0\uc11c\ub294 \ub530\ub73b\ud55c \uc561\uccb4\uac00 \uc704\ub85c \uc62c\ub77c\uac00\uace0, \ucc28\uac00\uc6b4 \uc561\uccb4\uac00 \uc544\ub798\ub85c \ub0b4\ub824\uac00\uba70 \uc5f4\uc774 \uc804\ub2ec\ub41c\ub2e4. \uadf8\ub7ec\ubbc0\ub85c \ub728\uac70\uc6b4 \ubb3c\uc744 \uba3c\uc800 \ud2b9\uace0 \ub098\uc911\uc5d0 \ucc28\uac00\uc6b4 \ubb3c\uc744 \ud2c0\uc5b4\uc57c \uc544\ub798\uc5d0 \uc788\ub294 \ub728\uac70\uc6b4 \ubb3c\uc774 \uc704\ub85c \uc62c\ub77c\uac00\uba74\uc11c \ub728\uac70\uc6b4 \ubb3c\uacfc \ucc28\uac00\uc6b4 \ubb3c\uc774 \uace8\uace0\ub8e8 \uc11e\uc77c \uc218 \uc788\uac8c \ub41c\ub2e4.", "score": "2.00", "student_name": "\uac00\ub098\ub2e4"}}, {"model": "mainpage.solve", "pk": 5, "fields": {"as_qurel": 5, "student_id": 20183472, "submit_date": "2020-04-16", "response": "\uc561\uccb4\uc5d0\uc11c\ub294 \ub530\ub73b\ud55c \uc561\uccb4\uac00 \uc704\ub85c \uc62c\ub77c\uac00\uace0, \ucc28\uac00\uc6b4 \uc561\uccb4\uac00 \uc544\ub798\ub85c \ub0b4\ub824\uac00\uba70 \uc5f4\uc774 \uc804\ub2ec\ub41c\ub2e4. \uadf8\ub7ec\ubbc0\ub85c \ub728\uac70\uc6b4 \ubb3c\uc744 \uba3c\uc800 \ud2b9\uace0 \ub098\uc911\uc5d0 \ucc28\uac00\uc6b4 \ubb3c\uc744 \ud2c0\uc5b4\uc57c \uc544\ub798\uc5d0 \uc788\ub294 \ub728\uac70\uc6b4 \ubb3c\uc774 \uc704\ub85c \uc62c\ub77c\uac00\uba74\uc11c \ub728\uac70\uc6b4 \ubb3c\uacfc \ucc28\uac00\uc6b4 \ubb3c\uc774 \uace8\uace0\ub8e8 \uc11e\uc77c \uc218 \uc788\uac8c \ub41c\ub2e4.", "score": "3.00", "student_name": "\ub77c\ub9c8\ubc14"}}, {"model": "mainpage.solve", "pk": 6, "fields": {"as_qurel": 6, "student_id": 20183473, "submit_date": "2020-04-17", "response": "\uc561\uccb4\uc5d0\uc11c\ub294 \ub530\ub73b\ud55c \uc561\uccb4\uac00 \uc704\ub85c \uc62c\ub77c\uac00\uace0, \ucc28\uac00\uc6b4 \uc561\uccb4\uac00 \uc544\ub798\ub85c \ub0b4\ub824\uac00\uba70 \uc5f4\uc774 \uc804\ub2ec\ub41c\ub2e4. \uadf8\ub7ec\ubbc0\ub85c \ub728\uac70\uc6b4 \ubb3c\uc744 \uba3c\uc800 \ud2b9\uace0 \ub098\uc911\uc5d0 \ucc28\uac00\uc6b4 \ubb3c\uc744 \ud2c0\uc5b4\uc57c \uc544\ub798\uc5d0 \uc788\ub294 \ub728\uac70\uc6b4 \ubb3c\uc774 \uc704\ub85c \uc62c\ub77c\uac00\uba74\uc11c \ub728\uac70\uc6b4 \ubb3c\uacfc \ucc28\uac00\uc6b4 \ubb3c\uc774 \uace8\uace0\ub8e8 \uc11e\uc77c \uc218 \uc788\uac8c \ub41c\ub2e4.", "score": "2.00", "student_name": "\uc0ac\uc544\uc790"}}, {"model": "mainpage.solve", "pk": 7, "fields": {"as_qurel": 7, "student_id": 20183471, "submit_date": "2020-04-15", "response": "\ubb3c\uc9c8\uc758 \uc0c1\ud0dc\uac00 \ubcc0\ud560 \ub54c \ubb3c\uc9c8\uc744 \uc774\ub8e8\ub294 \uc785\uc790\uc758 \uc885\ub958\uc640 \uac1c\uc218\ub294 \ubcc0\ud558\uc9c0 \uc54a\uace0 \uc785\uc790\uc758 \ubc30\uc5f4\ub9cc \ub2ec\ub77c\uc9d1\ub2c8\ub2e4.", "score": "1.00", "student_name": "\uac00\ub098\ub2e4"}}, {"model": "mainpage.solve", "pk": 8, "fields": {"as_qurel": 8, "student_id": 20183472, "submit_date": "2020-04-16", "response": "\ubb3c\uc9c8\uc758 \uc0c1\ud0dc\uac00 \ubcc0\ud560 \ub54c \ubb3c\uc9c8\uc744 \uc774\ub8e8\ub294 \uc785\uc790\uc758 \uc885\ub958\uc640 \uac1c\uc218\ub294 \ubcc0\ud558\uc9c0 \uc54a\uace0 \uc785\uc790\uc758 \ubc30\uc5f4\ub9cc \ub2ec\ub77c\uc9d1\ub2c8\ub2e4.", "score": "1.00", "student_name": "\ub77c\ub9c8\ubc14"}}, {"model": "mainpage.solve", "pk": 9, "fields": {"as_qurel": 9, "student_id": 20183473, "submit_date": "2020-04-17", "response": "\ubb3c\uc9c8\uc758 \uc0c1\ud0dc\uac00 \ubcc0\ud560 \ub54c \ubb3c\uc9c8\uc744 \uc774\ub8e8\ub294 \uc785\uc790\uc758 \uc885\ub958\uc640 \uac1c\uc218\ub294 \ubcc0\ud558\uc9c0 \uc54a\uace0 \uc785\uc790\uc758 \ubc30\uc5f4\ub9cc \ub2ec\ub77c\uc9d1\ub2c8\ub2e4.", "score": "1.00", "student_name": "\uc0ac\uc544\uc790"}}, {"model": "mainpage.solve", "pk": 10, "fields": {"as_qurel": 10, "student_id": 20183476, "submit_date": "2020-04-16", "response": "(\uc758\uc758) \uc0bc\uad6d\uc758 \ubb38\ud654\ub97c \ubaa8\uc544 \ud558\ub098\uc758 \ubbfc\uc871 \ubb38\ud654\ub85c \ubc1c\uc804\uc2dc\ud0ac \uc218 \uc788\ub294 \ud1a0\ub300\ub97c \ub9c8\ub828\ud558\uc600\ub2e4. (\ud55c\uacc4) \ub2f9\ub098\ub77c\uc758 \ud798\uc744 \ube4c\ub824 \ud1b5\uc77c\uc744 \ud588\uae30 \ub54c\ubb38\uc5d0 \uace0\uad6c\ub824\uc758 \uc601\ud1a0 \ub300\ubd80\ubd84\uc744 \uc783\uac8c \ub418\uc5c8\ub2e4.", "score": "3.00", "student_name": "\uce74\ud30c\ud558"}}, {"model": "mainpage.solve", "pk": 11, "fields": {"as_qurel": 11, "student_id": 20183472, "submit_date": "2020-04-15", "response": "(\uc758\uc758) \uc0bc\uad6d\uc758 \ubb38\ud654\ub97c \ubaa8\uc544 \ud558\ub098\uc758 \ubbfc\uc871 \ubb38\ud654\ub85c \ubc1c\uc804\uc2dc\ud0ac \uc218 \uc788\ub294 \ud1a0\ub300\ub97c \ub9c8\ub828\ud558\uc600\ub2e4. (\ud55c\uacc4) \ub2f9\ub098\ub77c\uc758 \ud798\uc744 \ube4c\ub824 \ud1b5\uc77c\uc744 \ud588\uae30 \ub54c\ubb38\uc5d0 \uace0\uad6c\ub824\uc758 \uc601\ud1a0 \ub300\ubd80\ubd84\uc744 \uc783\uac8c \ub418\uc5c8\ub2e4.", "score": "2.00", "student_name": "\uac00\ud30c\ud558"}}, {"model": "mainpage.solve", "pk": 12, "fields": {"as_qurel": 12, "student_id": 20183471, "submit_date": "2020-04-17", "response": "(\uc758\uc758) \uc0bc\uad6d\uc758 \ubb38\ud654\ub97c \ubaa8\uc544 \ud558\ub098\uc758 \ubbfc\uc871 \ubb38\ud654\ub85c \ubc1c\uc804\uc2dc\ud0ac \uc218 \uc788\ub294 \ud1a0\ub300\ub97c \ub9c8\ub828\ud558\uc600\ub2e4. (\ud55c\uacc4) \ub2f9\ub098\ub77c\uc758 \ud798\uc744 \ube4c\ub824 \ud1b5\uc77c\uc744 \ud588\uae30 \ub54c\ubb38\uc5d0 \uace0\uad6c\ub824\uc758 \uc601\ud1a0 \ub300\ubd80\ubd84\uc744 \uc783\uac8c \ub418\uc5c8\ub2e4.", "score": "1.00", "student_name": "\ud558\ucd94\ud558"}}, {"model": "mainpage.notice", "pk": 1, "fields": {"notice_target": "\uacf5\ud1b5", "notice_name": "[\uacf5\ud1b5] 2021-01 \uc790\ub3d9\ucc44\uc810 \uc5c5\ub370\uc774\ud2b8", "notice_content": "\uc560\uad6d\uac00\uc758 \uac00\uc0ac\ub294 1900\ub144\ub300 \ucd08\uc5d0 \uc4f0\uc5ec\uc84c\ub2e4. \uc791\uc0ac\uc790\ub294 \ud06c\uac8c \uc724\uce58\ud638\ub77c\ub294 \uc124\uacfc \uc548\ucc3d\ud638\ub77c\ub294 \uc124 \ub450 \uac00\uc9c0\uac00 \uc788\uc73c\uba70, \uad6d\uc0ac\ud3b8\ucc2c\uc704\uc6d0\ud68c\uc758 \uacf5\uc2dd\uc801\uc778 \uc785\uc7a5\uc73c\ub85c\ub294 \ubbf8\uc0c1\uc774\ub2e4. \uc791\uc0ac\uc790 \uc724\uce58\ud638 \uc124\uc740 \uc724\uce58\ud638\uac00 \uc560\uad6d\uac00\uc758 \uac00\uc0ac\ub97c 1907\ub144\uc5d0 \uc368\uc11c \ud6c4\uc5d0 \uadf8 \uc790\uc2e0\uc758 \uc774\ub984\uc73c\ub85c \ucd9c\ud310\ud588\ub2e4\ub294 \uac83\uc774\ub2e4. \ud55c\ud3b8 \uc548\ucc3d\ud638\uac00 \uc37c\ub2e4\ub294 \uc8fc\uc7a5\uc740 \uc548\ucc3d\ud638\uac00 \uc560\uad6d\uac00\ub97c \ubcf4\uae09\ud558\ub294 \ub370\uc5d0 \uc55e\uc7a5\uc130\ub2e4\ub294 \ub370\uc5d0 \uc911\uc810\uc744 \ub450\uace0 \uc788\ub2e4. 1908\ub144\uc5d0 \ucd9c\ud310\ub41c \uac00\uc0ac\uc9d1 \u300a\ucc2c\ubbf8\uac00\u300b\uc5d0 \uc218\ub85d\ub41c \uac83\uc744 \ube44\ub86f\ud55c \ub9ce\uc740 \uc77c\uc81c \uac15\uc810\uae30\uc758 \uc560\uad6d\uac00 \ucd9c\ud310\ubb3c\uc740 \uc724\uce58\ud638\ub97c \uc791\uc0ac\uc790\ub85c \ub3cc\ub9ac\uace0 \uc788\ub294 \ub4f1 \uc724\uce58\ud638 \uc124\uc5d0\ub294 \uc99d\uac70\uac00 \ub9ce\uc740 \ubc18\uba74[4] \uc548\ucc3d\ud638 \uc124\uc5d0\ub294 \uc2e4\uc99d\uc801\uc778 \uc790\ub8cc\uac00 \ubd80\uc871\ud558\ub2e4.", "made_date": "2020-06-07"}}, {"model": "mainpage.notice", "pk": 2, "fields": {"notice_target": "\ud559\uc0dd", "notice_name": "[\ud559\uc0dd] \uc0c8\ub85c\uc6b4 \ubb38\uc81c \uc5c5\ub370\uc774\ud2b8 \uc548\ub0b4", "notice_content": "\uc560\uad6d\uac00\uc758 \uac00\uc0ac\ub294 1900\ub144\ub300 \ucd08\uc5d0 \uc4f0\uc5ec\uc84c\ub2e4. \uc791\uc0ac\uc790\ub294 \ud06c\uac8c \uc724\uce58\ud638\ub77c\ub294 \uc124\uacfc \uc548\ucc3d\ud638\ub77c\ub294 \uc124 \ub450 \uac00\uc9c0\uac00 \uc788\uc73c\uba70, \uad6d\uc0ac\ud3b8\ucc2c\uc704\uc6d0\ud68c\uc758 \uacf5\uc2dd\uc801\uc778 \uc785\uc7a5\uc73c\ub85c\ub294 \ubbf8\uc0c1\uc774\ub2e4. \uc791\uc0ac\uc790 \uc724\uce58\ud638 \uc124\uc740 \uc724\uce58\ud638\uac00 \uc560\uad6d\uac00\uc758 \uac00\uc0ac\ub97c 1907\ub144\uc5d0 \uc368\uc11c \ud6c4\uc5d0 \uadf8 \uc790\uc2e0\uc758 \uc774\ub984\uc73c\ub85c \ucd9c\ud310\ud588\ub2e4\ub294 \uac83\uc774\ub2e4. \ud55c\ud3b8 \uc548\ucc3d\ud638\uac00 \uc37c\ub2e4\ub294 \uc8fc\uc7a5\uc740 \uc548\ucc3d\ud638\uac00 \uc560\uad6d\uac00\ub97c \ubcf4\uae09\ud558\ub294 \ub370\uc5d0 \uc55e\uc7a5\uc130\ub2e4\ub294 \ub370\uc5d0 \uc911\uc810\uc744 \ub450\uace0 \uc788\ub2e4. 1908\ub144\uc5d0 \ucd9c\ud310\ub41c \uac00\uc0ac\uc9d1 \u300a\ucc2c\ubbf8\uac00\u300b\uc5d0 \uc218\ub85d\ub41c \uac83\uc744 \ube44\ub86f\ud55c \ub9ce\uc740 \uc77c\uc81c \uac15\uc810\uae30\uc758 \uc560\uad6d\uac00 \ucd9c\ud310\ubb3c\uc740 \uc724\uce58\ud638\ub97c \uc791\uc0ac\uc790\ub85c \ub3cc\ub9ac\uace0 \uc788\ub294 \ub4f1 \uc724\uce58\ud638 \uc124\uc5d0\ub294 \uc99d\uac70\uac00 \ub9ce\uc740 \ubc18\uba74[4] \uc548\ucc3d\ud638 \uc124\uc5d0\ub294 \uc2e4\uc99d\uc801\uc778 \uc790\ub8cc\uac00 \ubd80\uc871\ud558\ub2e4.", "made_date": "2020-06-08"}}, {"model": "mainpage.notice", "pk": 3, "fields": {"notice_target": "\uc120\uc0dd\ub2d8", "notice_name": "[\uc120\uc0dd\ub2d8] 2021-01 \ud504\ub85c\uc81d\ud2b8 \uc120\uc0dd\ub2d8 \ubaa8\uc9d1\uacf5\uace0", "notice_content": "\uc560\uad6d\uac00\uc758 \uac00\uc0ac\ub294 1900\ub144\ub300 \ucd08\uc5d0 \uc4f0\uc5ec\uc84c\ub2e4. \uc791\uc0ac\uc790\ub294 \ud06c\uac8c \uc724\uce58\ud638\ub77c\ub294 \uc124\uacfc \uc548\ucc3d\ud638\ub77c\ub294 \uc124 \ub450 \uac00\uc9c0\uac00 \uc788\uc73c\uba70, \uad6d\uc0ac\ud3b8\ucc2c\uc704\uc6d0\ud68c\uc758 \uacf5\uc2dd\uc801\uc778 \uc785\uc7a5\uc73c\ub85c\ub294 \ubbf8\uc0c1\uc774\ub2e4. \uc791\uc0ac\uc790 \uc724\uce58\ud638 \uc124\uc740 \uc724\uce58\ud638\uac00 \uc560\uad6d\uac00\uc758 \uac00\uc0ac\ub97c 1907\ub144\uc5d0 \uc368\uc11c \ud6c4\uc5d0 \uadf8 \uc790\uc2e0\uc758 \uc774\ub984\uc73c\ub85c \ucd9c\ud310\ud588\ub2e4\ub294 \uac83\uc774\ub2e4. \ud55c\ud3b8 \uc548\ucc3d\ud638\uac00 \uc37c\ub2e4\ub294 \uc8fc\uc7a5\uc740 \uc548\ucc3d\ud638\uac00 \uc560\uad6d\uac00\ub97c \ubcf4\uae09\ud558\ub294 \ub370\uc5d0 \uc55e\uc7a5\uc130\ub2e4\ub294 \ub370\uc5d0 \uc911\uc810\uc744 \ub450\uace0 \uc788\ub2e4. 1908\ub144\uc5d0 \ucd9c\ud310\ub41c \uac00\uc0ac\uc9d1 \u300a\ucc2c\ubbf8\uac00\u300b\uc5d0 \uc218\ub85d\ub41c \uac83\uc744 \ube44\ub86f\ud55c \ub9ce\uc740 \uc77c\uc81c \uac15\uc810\uae30\uc758 \uc560\uad6d\uac00 \ucd9c\ud310\ubb3c\uc740 \uc724\uce58\ud638\ub97c \uc791\uc0ac\uc790\ub85c \ub3cc\ub9ac\uace0 \uc788\ub294 \ub4f1 \uc724\uce58\ud638 \uc124\uc5d0\ub294 \uc99d\uac70\uac00 \ub9ce\uc740 \ubc18\uba74[4] \uc548\ucc3d\ud638 \uc124\uc5d0\ub294 \uc2e4\uc99d\uc801\uc778 \uc790\ub8cc\uac00 \ubd80\uc871\ud558\ub2e4.", "made_date": "2020-06-09"}}, {"model": "mainpage.notice", "pk": 4, "fields": {"notice_target": "\ud559\uc0dd", "notice_name": "[\ud559\uc0dd] 2021-02 \uc0c8\ub85c\uc6b4 \ubb38\uc81c \uc5c5\ub370\uc774\ud2b8 \uc548\ub0b4", "notice_content": "\uc560\uad6d\uac00\uc758 \uac00\uc0ac\ub294 1900\ub144\ub300 \ucd08\uc5d0 \uc4f0\uc5ec\uc84c\ub2e4. \uc791\uc0ac\uc790\ub294 \ud06c\uac8c \uc724\uce58\ud638\ub77c\ub294 \uc124\uacfc \uc548\ucc3d\ud638\ub77c\ub294 \uc124 \ub450 \uac00\uc9c0\uac00 \uc788\uc73c\uba70, \uad6d\uc0ac\ud3b8\ucc2c\uc704\uc6d0\ud68c\uc758 \uacf5\uc2dd\uc801\uc778 \uc785\uc7a5\uc73c\ub85c\ub294 \ubbf8\uc0c1\uc774\ub2e4. \uc791\uc0ac\uc790 \uc724\uce58\ud638 \uc124\uc740 \uc724\uce58\ud638\uac00 \uc560\uad6d\uac00\uc758 \uac00\uc0ac\ub97c 1907\ub144\uc5d0 \uc368\uc11c \ud6c4\uc5d0 \uadf8 \uc790\uc2e0\uc758 \uc774\ub984\uc73c\ub85c \ucd9c\ud310\ud588\ub2e4\ub294 \uac83\uc774\ub2e4. \ud55c\ud3b8 \uc548\ucc3d\ud638\uac00 \uc37c\ub2e4\ub294 \uc8fc\uc7a5\uc740 \uc548\ucc3d\ud638\uac00 \uc560\uad6d\uac00\ub97c \ubcf4\uae09\ud558\ub294 \ub370\uc5d0 \uc55e\uc7a5\uc130\ub2e4\ub294 \ub370\uc5d0 \uc911\uc810\uc744 \ub450\uace0 \uc788\ub2e4. 1908\ub144\uc5d0 \ucd9c\ud310\ub41c \uac00\uc0ac\uc9d1 \u300a\ucc2c\ubbf8\uac00\u300b\uc5d0 \uc218\ub85d\ub41c \uac83\uc744 \ube44\ub86f\ud55c \ub9ce\uc740 \uc77c\uc81c \uac15\uc810\uae30\uc758 \uc560\uad6d\uac00 \ucd9c\ud310\ubb3c\uc740 \uc724\uce58\ud638\ub97c \uc791\uc0ac\uc790\ub85c \ub3cc\ub9ac\uace0 \uc788\ub294 \ub4f1 \uc724\uce58\ud638 \uc124\uc5d0\ub294 \uc99d\uac70\uac00 \ub9ce\uc740 \ubc18\uba74[4] \uc548\ucc3d\ud638 \uc124\uc5d0\ub294 \uc2e4\uc99d\uc801\uc778 \uc790\ub8cc\uac00 \ubd80\uc871\ud558\ub2e4.", "made_date": "2020-06-10"}}, {"model": "mainpage.notice", "pk": 5, "fields": {"notice_target": "\uacf5\ud1b5", "notice_name": "[\uacf5\ud1b5] 2021-02 \uc790\ub3d9\ucc44\uc810 \uc5c5\ub370\uc774\ud2b8", "notice_content": "\uc560\uad6d\uac00\uc758 \uac00\uc0ac\ub294 1900\ub144\ub300 \ucd08\uc5d0 \uc4f0\uc5ec\uc84c\ub2e4. \uc791\uc0ac\uc790\ub294 \ud06c\uac8c \uc724\uce58\ud638\ub77c\ub294 \uc124\uacfc \uc548\ucc3d\ud638\ub77c\ub294 \uc124 \ub450 \uac00\uc9c0\uac00 \uc788\uc73c\uba70, \uad6d\uc0ac\ud3b8\ucc2c\uc704\uc6d0\ud68c\uc758 \uacf5\uc2dd\uc801\uc778 \uc785\uc7a5\uc73c\ub85c\ub294 \ubbf8\uc0c1\uc774\ub2e4. \uc791\uc0ac\uc790 \uc724\uce58\ud638 \uc124\uc740 \uc724\uce58\ud638\uac00 \uc560\uad6d\uac00\uc758 \uac00\uc0ac\ub97c 1907\ub144\uc5d0 \uc368\uc11c \ud6c4\uc5d0 \uadf8 \uc790\uc2e0\uc758 \uc774\ub984\uc73c\ub85c \ucd9c\ud310\ud588\ub2e4\ub294 \uac83\uc774\ub2e4. \ud55c\ud3b8 \uc548\ucc3d\ud638\uac00 \uc37c\ub2e4\ub294 \uc8fc\uc7a5\uc740 \uc548\ucc3d\ud638\uac00 \uc560\uad6d\uac00\ub97c \ubcf4\uae09\ud558\ub294 \ub370\uc5d0 \uc55e\uc7a5\uc130\ub2e4\ub294 \ub370\uc5d0 \uc911\uc810\uc744 \ub450\uace0 \uc788\ub2e4. 1908\ub144\uc5d0 \ucd9c\ud310\ub41c \uac00\uc0ac\uc9d1 \u300a\ucc2c\ubbf8\uac00\u300b\uc5d0 \uc218\ub85d\ub41c \uac83\uc744 \ube44\ub86f\ud55c \ub9ce\uc740 \uc77c\uc81c \uac15\uc810\uae30\uc758 \uc560\uad6d\uac00 \ucd9c\ud310\ubb3c\uc740 \uc724\uce58\ud638\ub97c \uc791\uc0ac\uc790\ub85c \ub3cc\ub9ac\uace0 \uc788\ub294 \ub4f1 \uc724\uce58\ud638 \uc124\uc5d0\ub294 \uc99d\uac70\uac00 \ub9ce\uc740 \ubc18\uba74[4] \uc548\ucc3d\ud638 \uc124\uc5d0\ub294 \uc2e4\uc99d\uc801\uc778 \uc790\ub8cc\uac00 \ubd80\uc871\ud558\ub2e4.", "made_date": "2020-06-11"}}, {"model": "mainpage.notice", "pk": 6, "fields": {"notice_target": "\ud559\uc0dd", "notice_name": "[\ud559\uc0dd] \uc0c8\ub85c\uc6b4 \ubb38\uc81c \uc5c5\ub370\uc774\ud2b8 \uc548\ub0b4", "notice_content": "\uc560\uad6d\uac00\uc758 \uac00\uc0ac\ub294 1900\ub144\ub300 \ucd08\uc5d0 \uc4f0\uc5ec\uc84c\ub2e4. \uc791\uc0ac\uc790\ub294 \ud06c\uac8c \uc724\uce58\ud638\ub77c\ub294 \uc124\uacfc \uc548\ucc3d\ud638\ub77c\ub294 \uc124 \ub450 \uac00\uc9c0\uac00 \uc788\uc73c\uba70, \uad6d\uc0ac\ud3b8\ucc2c\uc704\uc6d0\ud68c\uc758 \uacf5\uc2dd\uc801\uc778 \uc785\uc7a5\uc73c\ub85c\ub294 \ubbf8\uc0c1\uc774\ub2e4. \uc791\uc0ac\uc790 \uc724\uce58\ud638 \uc124\uc740 \uc724\uce58\ud638\uac00 \uc560\uad6d\uac00\uc758 \uac00\uc0ac\ub97c 1907\ub144\uc5d0 \uc368\uc11c \ud6c4\uc5d0 \uadf8 \uc790\uc2e0\uc758 \uc774\ub984\uc73c\ub85c \ucd9c\ud310\ud588\ub2e4\ub294 \uac83\uc774\ub2e4. \ud55c\ud3b8 \uc548\ucc3d\ud638\uac00 \uc37c\ub2e4\ub294 \uc8fc\uc7a5\uc740 \uc548\ucc3d\ud638\uac00 \uc560\uad6d\uac00\ub97c \ubcf4\uae09\ud558\ub294 \ub370\uc5d0 \uc55e\uc7a5\uc130\ub2e4\ub294 \ub370\uc5d0 \uc911\uc810\uc744 \ub450\uace0 \uc788\ub2e4. 1908\ub144\uc5d0 \ucd9c\ud310\ub41c \uac00\uc0ac\uc9d1 \u300a\ucc2c\ubbf8\uac00\u300b\uc5d0 \uc218\ub85d\ub41c \uac83\uc744 \ube44\ub86f\ud55c \ub9ce\uc740 \uc77c\uc81c \uac15\uc810\uae30\uc758 \uc560\uad6d\uac00 \ucd9c\ud310\ubb3c\uc740 \uc724\uce58\ud638\ub97c \uc791\uc0ac\uc790\ub85c \ub3cc\ub9ac\uace0 \uc788\ub294 \ub4f1 \uc724\uce58\ud638 \uc124\uc5d0\ub294 \uc99d\uac70\uac00 \ub9ce\uc740 \ubc18\uba74[4] \uc548\ucc3d\ud638 \uc124\uc5d0\ub294 \uc2e4\uc99d\uc801\uc778 \uc790\ub8cc\uac00 \ubd80\uc871\ud558\ub2e4.", "made_date": "2020-06-12"}}, {"model": "mainpage.notice", "pk": 7, "fields": {"notice_target": "\uacf5\ud1b5", "notice_name": "[\uacf5\ud1b5] \ubb38\uc758\uc0ac\ud56d\uc2dc \ubb38\uc758 \ubc29\ubc95", "notice_content": "\uc560\uad6d\uac00\uc758 \uac00\uc0ac\ub294 1900\ub144\ub300 \ucd08\uc5d0 \uc4f0\uc5ec\uc84c\ub2e4. \uc791\uc0ac\uc790\ub294 \ud06c\uac8c \uc724\uce58\ud638\ub77c\ub294 \uc124\uacfc \uc548\ucc3d\ud638\ub77c\ub294 \uc124 \ub450 \uac00\uc9c0\uac00 \uc788\uc73c\uba70, \uad6d\uc0ac\ud3b8\ucc2c\uc704\uc6d0\ud68c\uc758 \uacf5\uc2dd\uc801\uc778 \uc785\uc7a5\uc73c\ub85c\ub294 \ubbf8\uc0c1\uc774\ub2e4. \uc791\uc0ac\uc790 \uc724\uce58\ud638 \uc124\uc740 \uc724\uce58\ud638\uac00 \uc560\uad6d\uac00\uc758 \uac00\uc0ac\ub97c 1907\ub144\uc5d0 \uc368\uc11c \ud6c4\uc5d0 \uadf8 \uc790\uc2e0\uc758 \uc774\ub984\uc73c\ub85c \ucd9c\ud310\ud588\ub2e4\ub294 \uac83\uc774\ub2e4. \ud55c\ud3b8 \uc548\ucc3d\ud638\uac00 \uc37c\ub2e4\ub294 \uc8fc\uc7a5\uc740 \uc548\ucc3d\ud638\uac00 \uc560\uad6d\uac00\ub97c \ubcf4\uae09\ud558\ub294 \ub370\uc5d0 \uc55e\uc7a5\uc130\ub2e4\ub294 \ub370\uc5d0 \uc911\uc810\uc744 \ub450\uace0 \uc788\ub2e4. 1908\ub144\uc5d0 \ucd9c\ud310\ub41c \uac00\uc0ac\uc9d1 \u300a\ucc2c\ubbf8\uac00\u300b\uc5d0 \uc218\ub85d\ub41c \uac83\uc744 \ube44\ub86f\ud55c \ub9ce\uc740 \uc77c\uc81c \uac15\uc810\uae30\uc758 \uc560\uad6d\uac00 \ucd9c\ud310\ubb3c\uc740 \uc724\uce58\ud638\ub97c \uc791\uc0ac\uc790\ub85c \ub3cc\ub9ac\uace0 \uc788\ub294 \ub4f1 \uc724\uce58\ud638 \uc124\uc5d0\ub294 \uc99d\uac70\uac00 \ub9ce\uc740 \ubc18\uba74[4] \uc548\ucc3d\ud638 \uc124\uc5d0\ub294 \uc2e4\uc99d\uc801\uc778 \uc790\ub8cc\uac00 \ubd80\uc871\ud558\ub2e4.", "made_date": "2020-06-13"}}, {"model": "mainpage.notice", "pk": 8, "fields": {"notice_target": "\uc120\uc0dd\ub2d8", "notice_name": "[\uc120\uc0dd\ub2d8] \uc790\ub3d9\ucc44\uc810\ud504\ub85c\uc81d\ud2b8 \uc120\uc0dd\ub2d8 \ubaa8\uc9d1\uacf5\uace0", "notice_content": "\uc560\uad6d\uac00\uc758 \uac00\uc0ac\ub294 1900\ub144\ub300 \ucd08\uc5d0 \uc4f0\uc5ec\uc84c\ub2e4. \uc791\uc0ac\uc790\ub294 \ud06c\uac8c \uc724\uce58\ud638\ub77c\ub294 \uc124\uacfc \uc548\ucc3d\ud638\ub77c\ub294 \uc124 \ub450 \uac00\uc9c0\uac00 \uc788\uc73c\uba70, \uad6d\uc0ac\ud3b8\ucc2c\uc704\uc6d0\ud68c\uc758 \uacf5\uc2dd\uc801\uc778 \uc785\uc7a5\uc73c\ub85c\ub294 \ubbf8\uc0c1\uc774\ub2e4. \uc791\uc0ac\uc790 \uc724\uce58\ud638 \uc124\uc740 \uc724\uce58\ud638\uac00 \uc560\uad6d\uac00\uc758 \uac00\uc0ac\ub97c 1907\ub144\uc5d0 \uc368\uc11c \ud6c4\uc5d0 \uadf8 \uc790\uc2e0\uc758 \uc774\ub984\uc73c\ub85c \ucd9c\ud310\ud588\ub2e4\ub294 \uac83\uc774\ub2e4. \ud55c\ud3b8 \uc548\ucc3d\ud638\uac00 \uc37c\ub2e4\ub294 \uc8fc\uc7a5\uc740 \uc548\ucc3d\ud638\uac00 \uc560\uad6d\uac00\ub97c \ubcf4\uae09\ud558\ub294 \ub370\uc5d0 \uc55e\uc7a5\uc130\ub2e4\ub294 \ub370\uc5d0 \uc911\uc810\uc744 \ub450\uace0 \uc788\ub2e4. 1908\ub144\uc5d0 \ucd9c\ud310\ub41c \uac00\uc0ac\uc9d1 \u300a\ucc2c\ubbf8\uac00\u300b\uc5d0 \uc218\ub85d\ub41c \uac83\uc744 \ube44\ub86f\ud55c \ub9ce\uc740 \uc77c\uc81c \uac15\uc810\uae30\uc758 \uc560\uad6d\uac00 \ucd9c\ud310\ubb3c\uc740 \uc724\uce58\ud638\ub97c \uc791\uc0ac\uc790\ub85c \ub3cc\ub9ac\uace0 \uc788\ub294 \ub4f1 \uc724\uce58\ud638 \uc124\uc5d0\ub294 \uc99d\uac70\uac00 \ub9ce\uc740 \ubc18\uba74[4] \uc548\ucc3d\ud638 \uc124\uc5d0\ub294 \uc2e4\uc99d\uc801\uc778 \uc790\ub8cc\uac00 \ubd80\uc871\ud558\ub2e4.", "made_date": "2020-06-14"}}, {"model": "mainpage.notice", "pk": 9, "fields": {"notice_target": "\uacf5\ud1b5", "notice_name": "[\uacf5\ud1b5] \uc11c\ubc84 \ud14c\uc2a4\ud2b8 \uc548\ub0b4", "notice_content": "\uc560\uad6d\uac00\uc758 \uac00\uc0ac\ub294 1900\ub144\ub300 \ucd08\uc5d0 \uc4f0\uc5ec\uc84c\ub2e4. \uc791\uc0ac\uc790\ub294 \ud06c\uac8c \uc724\uce58\ud638\ub77c\ub294 \uc124\uacfc \uc548\ucc3d\ud638\ub77c\ub294 \uc124 \ub450 \uac00\uc9c0\uac00 \uc788\uc73c\uba70, \uad6d\uc0ac\ud3b8\ucc2c\uc704\uc6d0\ud68c\uc758 \uacf5\uc2dd\uc801\uc778 \uc785\uc7a5\uc73c\ub85c\ub294 \ubbf8\uc0c1\uc774\ub2e4. \uc791\uc0ac\uc790 \uc724\uce58\ud638 \uc124\uc740 \uc724\uce58\ud638\uac00 \uc560\uad6d\uac00\uc758 \uac00\uc0ac\ub97c 1907\ub144\uc5d0 \uc368\uc11c \ud6c4\uc5d0 \uadf8 \uc790\uc2e0\uc758 \uc774\ub984\uc73c\ub85c \ucd9c\ud310\ud588\ub2e4\ub294 \uac83\uc774\ub2e4. \ud55c\ud3b8 \uc548\ucc3d\ud638\uac00 \uc37c\ub2e4\ub294 \uc8fc\uc7a5\uc740 \uc548\ucc3d\ud638\uac00 \uc560\uad6d\uac00\ub97c \ubcf4\uae09\ud558\ub294 \ub370\uc5d0 \uc55e\uc7a5\uc130\ub2e4\ub294 \ub370\uc5d0 \uc911\uc810\uc744 \ub450\uace0 \uc788\ub2e4. 1908\ub144\uc5d0 \ucd9c\ud310\ub41c \uac00\uc0ac\uc9d1 \u300a\ucc2c\ubbf8\uac00\u300b\uc5d0 \uc218\ub85d\ub41c \uac83\uc744 \ube44\ub86f\ud55c \ub9ce\uc740 \uc77c\uc81c \uac15\uc810\uae30\uc758 \uc560\uad6d\uac00 \ucd9c\ud310\ubb3c\uc740 \uc724\uce58\ud638\ub97c \uc791\uc0ac\uc790\ub85c \ub3cc\ub9ac\uace0 \uc788\ub294 \ub4f1 \uc724\uce58\ud638 \uc124\uc5d0\ub294 \uc99d\uac70\uac00 \ub9ce\uc740 \ubc18\uba74[4] \uc548\ucc3d\ud638 \uc124\uc5d0\ub294 \uc2e4\uc99d\uc801\uc778 \uc790\ub8cc\uac00 \ubd80\uc871\ud558\ub2e4.", "made_date": "2020-06-15"}}, {"model": "mainpage.notice", "pk": 10, "fields": {"notice_target": "\uacf5\ud1b5", "notice_name": "[\uacf5\ud1b5] \ud14c\uc2a4\ud2b8 \uc11c\ubc84 \uc548\ub0b4", "notice_content": "\uc560\uad6d\uac00\uc758 \uac00\uc0ac\ub294 1900\ub144\ub300 \ucd08\uc5d0 \uc4f0\uc5ec\uc84c\ub2e4. \uc791\uc0ac\uc790\ub294 \ud06c\uac8c \uc724\uce58\ud638\ub77c\ub294 \uc124\uacfc \uc548\ucc3d\ud638\ub77c\ub294 \uc124 \ub450 \uac00\uc9c0\uac00 \uc788\uc73c\uba70, \uad6d\uc0ac\ud3b8\ucc2c\uc704\uc6d0\ud68c\uc758 \uacf5\uc2dd\uc801\uc778 \uc785\uc7a5\uc73c\ub85c\ub294 \ubbf8\uc0c1\uc774\ub2e4. \uc791\uc0ac\uc790 \uc724\uce58\ud638 \uc124\uc740 \uc724\uce58\ud638\uac00 \uc560\uad6d\uac00\uc758 \uac00\uc0ac\ub97c 1907\ub144\uc5d0 \uc368\uc11c \ud6c4\uc5d0 \uadf8 \uc790\uc2e0\uc758 \uc774\ub984\uc73c\ub85c \ucd9c\ud310\ud588\ub2e4\ub294 \uac83\uc774\ub2e4. \ud55c\ud3b8 \uc548\ucc3d\ud638\uac00 \uc37c\ub2e4\ub294 \uc8fc\uc7a5\uc740 \uc548\ucc3d\ud638\uac00 \uc560\uad6d\uac00\ub97c \ubcf4\uae09\ud558\ub294 \ub370\uc5d0 \uc55e\uc7a5\uc130\ub2e4\ub294 \ub370\uc5d0 \uc911\uc810\uc744 \ub450\uace0 \uc788\ub2e4. 1908\ub144\uc5d0 \ucd9c\ud310\ub41c \uac00\uc0ac\uc9d1 \u300a\ucc2c\ubbf8\uac00\u300b\uc5d0 \uc218\ub85d\ub41c \uac83\uc744 \ube44\ub86f\ud55c \ub9ce\uc740 \uc77c\uc81c \uac15\uc810\uae30\uc758 \uc560\uad6d\uac00 \ucd9c\ud310\ubb3c\uc740 \uc724\uce58\ud638\ub97c \uc791\uc0ac\uc790\ub85c \ub3cc\ub9ac\uace0 \uc788\ub294 \ub4f1 \uc724\uce58\ud638 \uc124\uc5d0\ub294 \uc99d\uac70\uac00 \ub9ce\uc740 \ubc18\uba74[4] \uc548\ucc3d\ud638 \uc124\uc5d0\ub294 \uc2e4\uc99d\uc801\uc778 \uc790\ub8cc\uac00 \ubd80\uc871\ud558\ub2e4.", "made_date": "2020-06-16"}}]