[{"model": "contenttypes.contenttype", "pk": 1, "fields": {"app_label": "admin", "model": "logentry"}}, {"model": "contenttypes.contenttype", "pk": 2, "fields": {"app_label": "auth", "model": "permission"}}, {"model": "contenttypes.contenttype", "pk": 3, "fields": {"app_label": "auth", "model": "group"}}, {"model": "contenttypes.contenttype", "pk": 4, "fields": {"app_label": "auth", "model": "user"}}, {"model": "contenttypes.contenttype", "pk": 5, "fields": {"app_label": "contenttypes", "model": "contenttype"}}, {"model": "contenttypes.contenttype", "pk": 6, "fields": {"app_label": "sessions", "model": "session"}}, {"model": "contenttypes.contenttype", "pk": 7, "fields": {"app_label": "mainpage", "model": "assignment"}}, {"model": "contenttypes.contenttype", "pk": 8, "fields": {"app_label": "mainpage", "model": "assignmentquestionrel"}}, {"model": "contenttypes.contenttype", "pk": 9, "fields": {"app_label": "mainpage", "model": "category"}}, {"model": "contenttypes.contenttype", "pk": 10, "fields": {"app_label": "mainpage", "model": "makequestion"}}, {"model": "contenttypes.contenttype", "pk": 11, "fields": {"app_label": "mainpage", "model": "question"}}, {"model": "contenttypes.contenttype", "pk": 12, "fields": {"app_label": "mainpage", "model": "teacher"}}, {"model": "contenttypes.contenttype", "pk": 13, "fields": {"app_label": "mainpage", "model": "studysolvedata"}}, {"model": "contenttypes.contenttype", "pk": 14, "fields": {"app_label": "mainpage", "model": "solve"}}, {"model": "contenttypes.contenttype", "pk": 15, "fields": {"app_label": "mainpage", "model": "selfsolvedata"}}, {"model": "contenttypes.contenttype", "pk": 16, "fields": {"app_label": "mainpage", "model": "mark"}}, {"model": "contenttypes.contenttype", "pk": 17, "fields": {"app_label": "mainpage", "model": "keyword"}}, {"model": "mainpage.teacher", "pk": 1, "fields": {"teacher_name": "\ud64d\uae38\ub3d91", "school": "\u3131\ucd08\ub4f1\ud559\uad50", "email": "hong1@naver.com", "password": "1431", "approve": 1}}, {"model": "mainpage.teacher", "pk": 2, "fields": {"teacher_name": "\ud64d\uae38\ub3d92", "school": "\u3134\ucd08\ub4f1\ud559\uad50", "email": "hong2@naver.com", "password": "2143123423", "approve": 0}}, {"model": "mainpage.teacher", "pk": 3, "fields": {"teacher_name": "\ud64d\uae38\ub3d93", "school": "\u3137\uc911\ud559\uad50", "email": "hong3@naver.com", "password": "1324243", "approve": 1}}, {"model": "mainpage.teacher", "pk": 4, "fields": {"teacher_name": "\ud64d\uae38\ub3d94", "school": "\u3139\uace0\ub4f1\ud559\uad50", "email": "hong4@naver.com", "password": "13423", "approve": 1}}, {"model": "mainpage.teacher", "pk": 5, "fields": {"teacher_name": "\ud64d\uae38\ub3d95", "school": "\u3142\uc911\ud559\uad50", "email": "hong5@naver.com", "password": "24144", "approve": 0}}, {"model": "mainpage.teacher", "pk": 6, "fields": {"teacher_name": "\ud64d\uae38\ub3d96", "school": "\u3131\ucd08\ub4f1\ud559\uad50", "email": "hong6@naver.com", "password": "1431", "approve": 1}}, {"model": "mainpage.teacher", "pk": 7, "fields": {"teacher_name": "\ud64d\uae38\ub3d97", "school": "\u3134\ucd08\ub4f1\ud559\uad50", "email": "hong7@naver.com", "password": "2143123423", "approve": 0}}, {"model": "mainpage.teacher", "pk": 8, "fields": {"teacher_name": "\ud64d\uae38\ub3d98", "school": "\u3137\uc911\ud559\uad50", "email": "hong8@naver.com", "password": "1324243", "approve": 1}}, {"model": "mainpage.teacher", "pk": 9, "fields": {"teacher_name": "\ud64d\uae38\ub3d99", "school": "\u3139\uace0\ub4f1\ud559\uad50", "email": "hong9@naver.com", "password": "13423", "approve": 1}}, {"model": "mainpage.teacher", "pk": 10, "fields": {"teacher_name": "\ud64d\uae38\ub3d910", "school": "\u3142\uc911\ud559\uad50", "email": "hong10@naver.com", "password": "24144", "approve": 0}}, {"model": "mainpage.assignment", "pk": "24FE7OES", "fields": {"teacher": 1, "assignment_title": "\uacfc\ud559 4\uc8fc\ucc28 \ud3c9\uac00", "type": "\ud559\uc2b5\ud3c9\uac00", "start_date": "2020-04-21", "end_date": "2020-04-22", "made_date": "2020-04-21", "grade": 1, "school_class": 7}}, {"model": "mainpage.assignment", "pk": "354VK3LK", "fields": {"teacher": 3, "assignment_title": "\uacfc\ud559 4\uc8fc\ucc28 \uc219\uc81c", "type": "\uc219\uc81c\ud558\uae30", "start_date": "2020-05-03", "end_date": "2020-05-11", "made_date": "2020-05-01", "grade": 1, "school_class": 4}}, {"model": "mainpage.assignment", "pk": "37ASJKE3", "fields": {"teacher": 2, "assignment_title": "\uc601\uc5b4 3\uc8fc\ucc28 \ud3c9\uac00", "type": "\ud559\uc2b5\ud3c9\uac00", "start_date": "2020-04-26", "end_date": "2020-05-01", "made_date": "2020-04-29", "grade": 2, "school_class": 4}}, {"model": "mainpage.assignment", "pk": "3SD533J2", "fields": {"teacher": 1, "assignment_title": "\uacfc\ud559 3\uc8fc\ucc28 \ud3c9\uac00", "type": "\ud559\uc2b5\ud3c9\uac00", "start_date": "2020-04-13", "end_date": "2020-04-16", "made_date": "2020-04-12", "grade": 1, "school_class": 3}}, {"model": "mainpage.assignment", "pk": "4SADCVS2", "fields": {"teacher": 1, "assignment_title": "\uc0ac\ud68c 3\uc8fc\ucc28 \uc219\uc81c", "type": "\uc219\uc81c\ud558\uae30", "start_date": "2020-04-15", "end_date": "2020-04-18", "made_date": "2020-04-14", "grade": 2, "school_class": 1}}, {"model": "mainpage.assignment", "pk": "518KPZ67", "fields": {"teacher": 2, "assignment_title": "\uc218\ud559 2\uc8fc\ucc28 \ud3c9\uac00", "type": "\ud559\uc2b5\ud3c9\uac00", "start_date": "2020-04-22", "end_date": "2020-04-25", "made_date": "2020-04-22", "grade": 2, "school_class": 5}}, {"model": "mainpage.assignment", "pk": "546A5N3Q", "fields": {"teacher": 1, "assignment_title": "\uacfc\ud559 3\uc8fc\ucc28 \uc219\uc81c", "type": "\uc219\uc81c\ud558\uae30", "start_date": "2020-04-12", "end_date": "2020-04-15", "made_date": "2020-04-11", "grade": 1, "school_class": 3}}, {"model": "mainpage.assignment", "pk": "83SADK9D", "fields": {"teacher": 2, "assignment_title": "\uad6d\uc5b4 1\uc8fc\ucc28 \ud3c9\uac00", "type": "\uc219\uc81c\ud558\uae30", "start_date": "2020-04-24", "end_date": "2020-05-07", "made_date": "2020-04-24", "grade": 2, "school_class": 1}}, {"model": "mainpage.assignment", "pk": "SAD34WD2", "fields": {"teacher": 1, "assignment_title": "\uacfc\ud559 3\uc8fc\ucc28 \uc219\uc81c", "type": "\uc219\uc81c\ud558\uae30", "start_date": "2020-04-15", "end_date": "2020-04-17", "made_date": "2020-04-14", "grade": 1, "school_class": 7}}, {"model": "mainpage.makequestion", "pk": 1, "fields": {"teacher": 1, "question_name": "\ud06c\ub9ac\uc2a4\ub9c8\uc2a4 \uc804\uad6c \uc5f0\uacb0\ud558\uae30", "discription": "\ube68\uac04\uc0c9\uacfc \ud30c\ub780\uc0c9\uc73c\ub85c \uad6c\uc131\ub41c \ud06c\ub9ac\uc2a4\ub9c8\uc2a4 \uc804\uad6c\ub97c \ud06c\ub9ac\uc2a4\ub9c8\uc2a4\ud2b8\ub9ac\uc5d0 \uc124\uce58\ud558\ub2e4\uac00 \ud30c\ub780\uc0c9 \uc804\uad6c \ud55c \uac1c\uac00 \ube60\uc838\ubc84\ub838\uc2b5\ub2c8\ub2e4. \ud06c\ub9ac\uc2a4\ub9c8\uc2a4 \uc804\uad6c\ub97c \uc791\ub3d9\uc2dc\ucf1c\ubcf4\ub2c8, \ud30c\ub780\uc0c9 \uc804\uad6c\ub294 \ubaa8\ub450 \ubd88\uc774 \ub4e4\uc5b4\uc624\uc9c0 \uc54a\uc558\uc9c0\ub9cc, \ube68\uac04\uc0c9 \uc804\uad6c\ub294 \ubd88\uc774 \ub4e4\uc5b4\uc654\uc2b5\ub2c8\ub2e4. \ud06c\ub9ac\uc2a4\ub9c8\uc2a4 \uc804\uad6c\uac00 \ubaa8\ub450 \uace0\uc7a5 \ub098\uc9c0 \uc54a\uace0 \ube68\uac04\uc0c9 \uc804\uad6c\uc5d0\ub294 \ubd88\uc774 \ub4e4\uc5b4\uc628 \uc774\uc720\ub97c \uc804\uae30\uc758 \uc791\uc6a9\uacfc \uc804\uad6c\uc758 \uc5f0\uacb0 \ubc29\ubc95\uc5d0 \uad00\ud55c \uc9c0\uc2dd\uc744 \ud65c\uc6a9\ud558\uc5ec \uc790\uc138\ud558\uac8c \uc124\uba85\ud574 \ubd05\uc2dc\ub2e4.", "answer": "\ud30c\ub780\uc0c9 \uc804\uad6c\ub4e4\uacfc \ube68\uac04\uc0c9 \uc804\uad6c\ub4e4\uc740 \ubcd1\ub82c\ub85c \uc5f0\uacb0\ub418\uc5b4 \ud30c\ub780\uc0c9 \uc804\uad6c \ud558\ub098\uac00 \uace0\uc7a5\ub098\ub354\ub77c\ub3c4 \ubcd1\ub82c\ub85c \uc5f0\uacb0\ub41c \ub2e4\ub978 \uc904\uc758 \ube68\uac04\uc0c9 \uc804\uad6c\ub4e4\uc5d0\ub294 \uc804\ub958\uac00 \ud750\ub97c \uc218 \uc788\uc5c8\uae30 \ub54c\ubb38\uc774\ub2e4.", "image": "mainpage/image/make_question_image/make_question_1.png", "hint": "\ud30c\ub780\uc0c9 \uc804\uad6c \ud558\ub098 \ub54c\ubb38\uc5d0 \ud30c\ub780\uc0c9 \uc804\uad6c\ub4e4\uc774 \ubaa8\ub450 \ubd88\uc774 \ub4e4\uc5b4\uc9c0 \uc54a\ub294 \uc774\uc720\ub294 \ud30c\ub780\uc0c9 \uc804\uad6c\ub07c\ub9ac\ub294 \ud558\ub098\uc758 \uae38\ub85c \uc5f0\uacb0\ub418\uc5c8\uae30 \ub54c\ubb38\uc774\uaca0\uc8e0. \uadf8\ub807\ub2e4\uba74, \ud30c\ub780\uc0c9 \uc804\uad6c\ub4e4\uacfc \ube68\uac04\uc0c9 \uc804\uad6c\ub4e4\uc740 \uc5b4\ub5bb\uac8c \uc5f0\uacb0\ub418\uc5c8\uc744\uc9c0 \uacfc\ud559\uc801 \uc6a9\uc5b4\ub97c \ub5a0\uc62c\ub9ac\uba70 \uc870\uae08 \ub354 \uc0dd\uac01\uc744 \ubc1c\uc804\uc2dc\ucf1c \ubcfc\uae4c\uc694?", "made_date": "2020-04-11", "upload_check": 0}}, {"model": "mainpage.makequestion", "pk": 2, "fields": {"teacher": 2, "question_name": "\ubaa9\uc695\ubb3c \uc628\ub3c4 \ud655\uc778\ud558\uae30", "discription": "\ud604\uc9c4\uc774\ub294 \ubaa9\uc695\uc744 \ud558\uae30 \uc704\ud574 \uba3c\uc800 \ucc28\uac00\uc6b4 \ubb3c\uc744 \ud2c0\uace0, \ub728\uac70\uc6b4 \ubb3c\uc5c8\uc2b5\ub2c8\ub2e4. \ubb3c \ud45c\uba74\uc5d0 \uc190\uc744 \uc0b4\uc9dd \ub123\uc5b4\ubcf4\ub2c8 \ubb3c\uc774 \ub530\ub73b\ud558\uc5ec \ub4e4\uc5b4\uac00\ub2c8 \ubb3c\uc774 \uc5ec\uc804\ud788 \ucc28\uac00\uc6e0\uc2b5\ub2c8\ub2e4. \uadf8\ub7ec\uc790 \uc774\ub97c \ubcf8 \uc5b4\uba38\ub2c8\uaed8\uc11c \ubaa9\uc695\ubb3c\uc774 \uace8\uace0\ub8e8 \ub530\ub73b\ud574\uc9c0\uae30 \uc704\ud574\uc11c\ub294 \uba3c\uc800 \ub728\uac70\uc6b4 \ubb3c\uc744 \ud2c0\uace0 \ucc28\uac00\uc6b4 \ubb3c\uc744 \ud2c0\uc5b4\uc57c \ud55c\ub2e4\uace0 \ub9d0\uc500 \ud558\uc600\uc2b5\ub2c8\ub2e4. \uc65c \ub728\uac70\uc6b4 \ubb3c\uacfc \ucc28\uac00\uc6b4 \ubb3c\uc774 \uace8\uace0\ub8e8 \uc11e\uc774\uae30 \uc704\ud574\uc11c \ub728\uac70\uc6b4 \ubb3c\uc744 \uba3c\uc800 \ud2c0\uc5b4\uc57c \ud558\ub294\uc9c0 \uc5f4\uc758 \uc774\ub3d9\uc5d0 \uad00\ud55c \uc9c0\uc2dd\uc744 \ud65c\uc6a9\ud558\uc5ec \uc790\uc138\ud558\uac8c \uc124\uba85\ud574 \ubd05\uc2dc\ub2e4.", "answer": "\uc561\uccb4\uc5d0\uc11c\ub294 \ub530\ub73b\ud55c \uc561\uccb4\uac00 \uc704\ub85c \uc62c\ub77c\uac00\uace0, \ucc28\uac00\uc6b4 \uc561\uccb4\uac00 \uc544\ub798\ub85c \ub0b4\ub824\uac00\uba70 \uc5f4\uc774 \uc804\ub2ec\ub41c\ub2e4. \uadf8\ub7ec\ubbc0\ub85c \ub728\uac70\uc6b4 \ubb3c\uc744 \uba3c\uc800 \ud2b9\uace0 \ub098\uc911\uc5d0 \ucc28\uac00\uc6b4 \ubb3c\uc744 \ud2c0\uc5b4\uc57c \uc544\ub798\uc5d0 \uc788\ub294 \ub728\uac70\uc6b4 \ubb3c\uc774 \uc704\ub85c \uc62c\ub77c\uac00\uba74\uc11c \ub728\uac70\uc6b4 \ubb3c\uacfc \ucc28\uac00\uc6b4 \ubb3c\uc774 \uace8\uace0\ub8e8 \uc11e\uc77c \uc218 \uc788\uac8c \ub41c\ub2e4.", "image": "mainpage/image/make_question_image/make_question_2.png", "hint": "\ub530\ub73b\ud55c \ubb3c\uacfc \ucc28\uac00\uc6b4 \ubb3c\uc774 \uc5b4\ub514\ub85c \uc774\ub3d9\ud560\uae4c\uc694? \uc870\uae08 \ub354 \uc0dd\uac01\uc744 \ubc1c\uc804\uc2dc\ucf1c \ubcfc\uae4c\uc694?", "made_date": "2020-04-12", "upload_check": 1}}, {"model": "mainpage.makequestion", "pk": 3, "fields": {"teacher": 3, "question_name": "\ud5e4\uc5b4 \uc2a4\ud504\ub808\uc774\uac00 \ucc30\ub791\uac70\ub9ac\ub294 \uc774\uc720", "discription": "\uba4b\uc9c4 \ud5e4\uc5b4\uc2a4\ud0c0\uc77c\uc744 \ub9cc\ub4e4\uae30 \uc704\ud574\uc11c\ub294 \ud5e4\uc5b4 \uc2a4\ud504\ub808\uc774\ub97c \uc0ac\uc6a9\ud558\uace4 \ud569\ub2c8\ub2e4. \ud5e4\uc5b4 \uc2a4\ud504\ub808\uc774\ub294 \ud1b5 \uc548\uc5d0\uc11c\ub294 \uc561\uccb4 \uc0c1\ud0dc\ub85c \uc874\uc7ac\ud558\uc5ec \ud754\ub4e4\uba74 \uc18c\ub9ac\uac00 \ub098\uc9c0\ub9cc, \uba38\ub9ac\uc5d0 \ubfcc\ub9b4 \ub54c\ub294 \ubc16\uc73c\ub85c \ub098\uc624\uba74\uc11c \uae30\uccb4\uac00 \ub429\ub2c8\ub2e4. \uc774\ucc98\ub7fc \uae30\uccb4\ub85c \uc0ac\uc6a9\ud558\ub294 \ubb3c\uc9c8\uc744 \uc561\uccb4 \uc0c1\ud0dc\ub85c \ubcf4\uad00\ud558\ub294 \uc774\uc720\ub294 \ubb34\uc5c7\uc77c\uae4c\uc694? \uacfc\ud559\uc801\uc73c\ub85c \uc124\uba85\ud574\ubd05\uc2dc\ub2e4.", "answer": "\ubb3c\uc9c8\uc758 \uc0c1\ud0dc\uac00 \ubcc0\ud560 \ub54c \ubb3c\uc9c8\uc744 \uc774\ub8e8\ub294 \uc785\uc790\uc758 \uc885\ub958\uc640 \uac1c\uc218\ub294 \ubcc0\ud558\uc9c0 \uc54a\uace0 \uc785\uc790\uc758 \ubc30\uc5f4\ub9cc \ub2ec\ub77c\uc9d1\ub2c8\ub2e4. \ud5e4\uc5b4 \uc2a4\ud504\ub808\uc774\uac00 \uc561\ud654\ud558\uba74 \uc785\uc790 \uc0ac\uc774\uc758 \uac70\ub9ac\uac00 \uac00\uae4c\uc6cc\uc838 \ubd80\ud53c\uac00 \ud06c\uac8c \uc904\uc5b4\ub4ed\ub2c8\ub2e4. \uadf8\ub807\uae30 \ub54c\ubb38\uc5d0 \ubcf4\uad00\uc774 \uc6a9\uc774\ud574\uc9d1\ub2c8\ub2e4.", "image": "mainpage/image/make_question_image/make_question_3.png", "hint": "\uae30\uccb4 \uc0c1\ud0dc\uc640 \uc561\uccb4 \uc0c1\ud0dc\uc5d0\ub294 \uc5b4\ub5a0\ud55c \ucc28\uc774\uac00 \uc788\uc744\uae4c\uc694?", "made_date": "2020-04-14", "upload_check": 1}}, {"model": "mainpage.makequestion", "pk": 4, "fields": {"teacher": 4, "question_name": "\ubb34\uc5ed\uc744 \ud558\ub294 \uc774\uc720", "discription": "\uc6b0\ub9ac\ub098\ub77c\ub294 \ud574\uc678\ub85c \uae40, \uc778\uc0bc, \uc2a4\ub9c8\ud2b8\ud3f0 \ub4f1\uc744 \ub9ce\uc774 \uc218\ucd9c\ud558\uace0 \ucee4\ud53c, \ubc14\ub098\ub098, \uc6d0\uc720 \ub4f1\uc740 \ub2e4\ub978 \ub098\ub77c\ub85c\ubd80\ud130 \uc218\uc785\uc744 \ud569\ub2c8\ub2e4. \uc774\ucc98\ub7fc \uc11c\ub85c \ub2e4\ub978 \ub098\ub77c\ub07c\ub9ac \ub2e4\uc591\ud55c \ubb3c\uac74\uc744 \uc0ac\uace0\ud30c\ub294 \uc774\uc720\ub294 \ubb34\uc5c7\uc77c\uae4c\uc694?", "answer": "\ub098\ub77c\ub9c8\ub2e4 \uac00\uc9c4 \uc790\uc6d0\uc774 \ub2e4\ub974\uae30 \ub54c\ubb38\uc785\ub2c8\ub2e4.\n\ub098\ub77c\ub9c8\ub2e4 \uac00\uc9c4 \uae30\uc220\uc774 \ub2e4\ub974\uae30 \ub54c\ubb38\uc785\ub2c8\ub2e4.\n\ub098\ub77c\ub9c8\ub2e4 \ud544\uc694\ub85c \ud558\ub294 \ubb3c\uac74\uc774 \ub2e4\ub974\uae30 \ub54c\ubb38\uc785\ub2c8\ub2e4.\n\ubb34\uc5ed\uc744 \ud1b5\ud574 \uac01 \ub098\ub77c\uac00 \ud544\uc694\ub85c \ud558\ub294 \uac83\uc744 \uc5bb\uc744 \uc218 \uc788\uae30 \ub54c\ubb38\uc785\ub2c8\ub2e4. \n\ubb34\uc5ed\uc744 \ud1b5\ud574 \uac01 \ub098\ub77c\uac00 \ub3c8\uc744 \ubc8c \uc218 \uc788\uae30 \ub54c\ubb38\uc785\ub2c8\ub2e4.", "image": "mainpage/image/make_question_image/make_question_4.png", "hint": "\uc6b0\ub9ac\ub098\ub77c\uc5d0\uc11c \ub9ce\uc774 \uc0dd\uc0b0\ud558\ub294 \uac83\uc5d0\ub294 \uc5b4\ub5a4 \uac83\uc774 \uc788\ub098\uc694?\n\uc6b0\ub9ac\ub098\ub77c\uc5d0\uc11c \uc804\ud600 \uc0dd\uc0b0\ub418\uc9c0 \uc54a\ub294 \uac83\uc5d0\ub294 \uc5b4\ub5a4 \uac83\uc774 \uc788\ub098\uc694?", "made_date": "2020-04-14", "upload_check": 0}}, {"model": "mainpage.makequestion", "pk": 5, "fields": {"teacher": 5, "question_name": "\uc2dd\ubb3c \ubfcc\ub9ac\uc758 \uae30\ub2a5", "discription": "\uc2dd\ubaa9\uc77c\uc744 \ub9de\uc544 \ud0dc\ud6c8\uc774\uc640 \ud0dc\ud638\ub294 \uc544\ube60\uc640 \ud568\uaed8 \ub9c8\uc744 \ub4b7\uc0b0\uc5d0 \ub098\ubb34\ub97c \ud558\ub098 \uc2ec\uc73c\ub7ec \uac00\uae30\ub85c \ud588\uc2b5\ub2c8\ub2e4. \uc2dd\ubb3c\uc744 \ud759 \uc704\uc5d0 \uc0b4\uc9dd \uc62c\ub824\ub9cc \ub193\uc73c\ub824\uace0\ud558\ub294 \ud0dc\ud638\uc5d0\uac8c \uc544\ube60\ub294 \ub208\uc5d0\ub294 \uc548\ubcf4\uc5ec\ub3c4 \ubfcc\ub9ac\uac00 \uc2dd\ubb3c\uc774 \uc790\ub77c\ub294\ub370 \uc544\uc8fc \uc911\uc694\ud55c \uc5ed\ud560\uc744 \ud558\ub2c8 \uae4a\uac8c \uc798 \uc2ec\uc5b4\uc8fc\uc5b4\uc57c \ud55c\ub2e4\uace0 \ud558\uc168\uc2b5\ub2c8\ub2e4. \uad73\uc774 \uadf8\ub807\uac8c \ubfcc\ub9ac\uae4c\uc9c0 \uc2e0\uacbd \uc4f0\uba70 \uc2ec\uc5b4\uc57c \ud558\ub294\uc9c0 \uadc0\ucc2e\uc544\uc9c0\uae30 \uc2dc\uc791\ud55c \ud0dc\ud638\ub294 \ubd88\ub9cc\uc774 \ub9ce\uc2b5\ub2c8\ub2e4. \uc774 \ubaa8\uc2b5\uc744 \uc9c0\ucf1c\ubcf4\ub358 \ud0dc\ud6c8\uc774\ub294 \ub3d9\uc0dd\uc778 \ud0dc\ud638\uc5d0\uac8c \uc544\ube60\ub294 \uc65c \ubfcc\ub9ac\uae4c\uc9c0 \uc2e0\uacbd\uc744 \uc4f0\uc2dc\uba70 \uc798 \uc2ec\uc73c\ub824\uace0 \ud558\uc2e0 \uac83\uc77c\uc9c0 \uc54c\ub824\uc8fc\ub824\uace0 \ud569\ub2c8\ub2e4. \uc5ec\ub7ec\ubd84\uc774 \ud0dc\ud6c8\uc774\uac00 \ub418\uc5b4\uc11c \ub2e4\uc591\ud55c \uc2dd\ubb3c\uc5d0\uc11c \ubfcc\ub9ac\uac00 \ud558\ub294 \uc77c\ub4e4\uc5d0 \ub300\ud574\uc11c \uc124\uba85\ud574\ubcf4\uc138\uc694.    ", "answer": "\uc2dd\ubb3c\uc758 \ubfcc\ub9ac\ub294 \uc2dd\ubb3c\uccb4\ub97c \uc9c0\uc9c0 \ubc0f \uace0\uc815\ud574\uc8fc\ub294 \uc5ed\ud560, \uc591\ubd84\uc744 \uc800\uc7a5\ud558\ub294 \uc5ed\ud560, \ud1a0\uc591\uc18d\uc758 \ubb3c\uacfc \ubb34\uae30\uc5fc\ub958\ub97c \uc2dd\ubb3c\uccb4\ub85c \uc774\ub3d9\uc2dc\ud0a4\ub294 \uc5ed\ud560\uc744 \ud55c\ub2e4. ", "image": "mainpage/image/make_question_image/make_question_5.png", "hint": "\ubfcc\ub9ac\uac00 \uae4a\uc740 \ub098\ubb34\ub294 \ud0dc\ud48d\uc774 \ubd88\uc5b4\uc640\ub3c4 \uafcb\uafcb\ud558\uac8c \ubc84\ud2f0\ub294 \uacbd\uc6b0\uac00 \ub9ce\uc740\ub370 \uc65c \uadf8\ub7f4\uae4c\uc694?\n\ud654\ubd84 \uc2dd\ubb3c\uc744 \uc2ec\uace0 \ub098\uc11c \uc2a4\ud504\ub808\uc774\ub85c \uc78e\uc5d0\ub9cc \ubb3c\uc744 \uc8fc\uac8c \ub418\uba74 \uc2dd\ubb3c\uc774 \uc798 \ud06c\uc9c0 \ubabb\ud574\uc11c \ubfcc\ub9ac\uae4c\uc9c0 \uc816\ub3c4\ub85d \ubb3c\uc744 \uc8fc\ub77c\uace0 \ud558\ub294 \uc774\uc720\ub294 \ubb34\uc5c7\uc77c\uae4c\uc694?\n\ubb34\uc640 \uace0\uad6c\ub9c8\ub294 \uc720\uba85\ud55c \ubfcc\ub9ac\uc2dd\ubb3c\ub85c \uc54c\ub824\uc838 \uc788\uc2b5\ub2c8\ub2e4. \ubb34\uc640 \uace0\uad6c\ub9c8\uc640 \uac19\uc740 \uc2dd\ubb3c\uc758 \ubfcc\ub9ac\ub294 \uc65c \ub2e4\ub978 \uc2dd\ubb3c\uc758 \ubfcc\ub9ac\ubcf4\ub2e4 \ud074\uae4c\uc694?", "made_date": "2020-04-21", "upload_check": 1}}, {"model": "mainpage.makequestion", "pk": 6, "fields": {"teacher": 6, "question_name": "\ud06c\ub9ac\uc2a4\ub9c8\uc2a4 \uc804\uad6c \uc5f0\uacb0\ud558\uae30", "discription": "\ube68\uac04\uc0c9\uacfc \ud30c\ub780\uc0c9\uc73c\ub85c \uad6c\uc131\ub41c \ud06c\ub9ac\uc2a4\ub9c8\uc2a4 \uc804\uad6c\ub97c \ud06c\ub9ac\uc2a4\ub9c8\uc2a4\ud2b8\ub9ac\uc5d0 \uc124\uce58\ud558\ub2e4\uac00 \ud30c\ub780\uc0c9 \uc804\uad6c \ud55c \uac1c\uac00 \ube60\uc838\ubc84\ub838\uc2b5\ub2c8\ub2e4. \ud06c\ub9ac\uc2a4\ub9c8\uc2a4 \uc804\uad6c\ub97c \uc791\ub3d9\uc2dc\ucf1c\ubcf4\ub2c8, \ud30c\ub780\uc0c9 \uc804\uad6c\ub294 \ubaa8\ub450 \ubd88\uc774 \ub4e4\uc5b4\uc624\uc9c0 \uc54a\uc558\uc9c0\ub9cc, \ube68\uac04\uc0c9 \uc804\uad6c\ub294 \ubd88\uc774 \ub4e4\uc5b4\uc654\uc2b5\ub2c8\ub2e4. \ud06c\ub9ac\uc2a4\ub9c8\uc2a4 \uc804\uad6c\uac00 \ubaa8\ub450 \uace0\uc7a5 \ub098\uc9c0 \uc54a\uace0 \ube68\uac04\uc0c9 \uc804\uad6c\uc5d0\ub294 \ubd88\uc774 \ub4e4\uc5b4\uc628 \uc774\uc720\ub97c \uc804\uae30\uc758 \uc791\uc6a9\uacfc \uc804\uad6c\uc758 \uc5f0\uacb0 \ubc29\ubc95\uc5d0 \uad00\ud55c \uc9c0\uc2dd\uc744 \ud65c\uc6a9\ud558\uc5ec \uc790\uc138\ud558\uac8c \uc124\uba85\ud574 \ubd05\uc2dc\ub2e4.", "answer": "\ud30c\ub780\uc0c9 \uc804\uad6c\ub4e4\uacfc \ube68\uac04\uc0c9 \uc804\uad6c\ub4e4\uc740 \ubcd1\ub82c\ub85c \uc5f0\uacb0\ub418\uc5b4 \ud30c\ub780\uc0c9 \uc804\uad6c \ud558\ub098\uac00 \uace0\uc7a5\ub098\ub354\ub77c\ub3c4 \ubcd1\ub82c\ub85c \uc5f0\uacb0\ub41c \ub2e4\ub978 \uc904\uc758 \ube68\uac04\uc0c9 \uc804\uad6c\ub4e4\uc5d0\ub294 \uc804\ub958\uac00 \ud750\ub97c \uc218 \uc788\uc5c8\uae30 \ub54c\ubb38\uc774\ub2e4.", "image": "mainpage/image/make_question_image/make_question_1.png", "hint": "\ud30c\ub780\uc0c9 \uc804\uad6c \ud558\ub098 \ub54c\ubb38\uc5d0 \ud30c\ub780\uc0c9 \uc804\uad6c\ub4e4\uc774 \ubaa8\ub450 \ubd88\uc774 \ub4e4\uc5b4\uc9c0 \uc54a\ub294 \uc774\uc720\ub294 \ud30c\ub780\uc0c9 \uc804\uad6c\ub07c\ub9ac\ub294 \ud558\ub098\uc758 \uae38\ub85c \uc5f0\uacb0\ub418\uc5c8\uae30 \ub54c\ubb38\uc774\uaca0\uc8e0. \uadf8\ub807\ub2e4\uba74, \ud30c\ub780\uc0c9 \uc804\uad6c\ub4e4\uacfc \ube68\uac04\uc0c9 \uc804\uad6c\ub4e4\uc740 \uc5b4\ub5bb\uac8c \uc5f0\uacb0\ub418\uc5c8\uc744\uc9c0 \uacfc\ud559\uc801 \uc6a9\uc5b4\ub97c \ub5a0\uc62c\ub9ac\uba70 \uc870\uae08 \ub354 \uc0dd\uac01\uc744 \ubc1c\uc804\uc2dc\ucf1c \ubcfc\uae4c\uc694?", "made_date": "2020-05-21", "upload_check": 1}}, {"model": "mainpage.makequestion", "pk": 7, "fields": {"teacher": 7, "question_name": "\ubaa9\uc695\ubb3c \uc628\ub3c4 \ud655\uc778\ud558\uae30", "discription": "\ud604\uc9c4\uc774\ub294 \ubaa9\uc695\uc744 \ud558\uae30 \uc704\ud574 \uba3c\uc800 \ucc28\uac00\uc6b4 \ubb3c\uc744 \ud2c0\uace0, \ub728\uac70\uc6b4 \ubb3c\uc5c8\uc2b5\ub2c8\ub2e4. \ubb3c \ud45c\uba74\uc5d0 \uc190\uc744 \uc0b4\uc9dd \ub123\uc5b4\ubcf4\ub2c8 \ubb3c\uc774 \ub530\ub73b\ud558\uc5ec \ub4e4\uc5b4\uac00\ub2c8 \ubb3c\uc774 \uc5ec\uc804\ud788 \ucc28\uac00\uc6e0\uc2b5\ub2c8\ub2e4. \uadf8\ub7ec\uc790 \uc774\ub97c \ubcf8 \uc5b4\uba38\ub2c8\uaed8\uc11c \ubaa9\uc695\ubb3c\uc774 \uace8\uace0\ub8e8 \ub530\ub73b\ud574\uc9c0\uae30 \uc704\ud574\uc11c\ub294 \uba3c\uc800 \ub728\uac70\uc6b4 \ubb3c\uc744 \ud2c0\uace0 \ucc28\uac00\uc6b4 \ubb3c\uc744 \ud2c0\uc5b4\uc57c \ud55c\ub2e4\uace0 \ub9d0\uc500 \ud558\uc600\uc2b5\ub2c8\ub2e4. \uc65c \ub728\uac70\uc6b4 \ubb3c\uacfc \ucc28\uac00\uc6b4 \ubb3c\uc774 \uace8\uace0\ub8e8 \uc11e\uc774\uae30 \uc704\ud574\uc11c \ub728\uac70\uc6b4 \ubb3c\uc744 \uba3c\uc800 \ud2c0\uc5b4\uc57c \ud558\ub294\uc9c0 \uc5f4\uc758 \uc774\ub3d9\uc5d0 \uad00\ud55c \uc9c0\uc2dd\uc744 \ud65c\uc6a9\ud558\uc5ec \uc790\uc138\ud558\uac8c \uc124\uba85\ud574 \ubd05\uc2dc\ub2e4.", "answer": "\uc561\uccb4\uc5d0\uc11c\ub294 \ub530\ub73b\ud55c \uc561\uccb4\uac00 \uc704\ub85c \uc62c\ub77c\uac00\uace0, \ucc28\uac00\uc6b4 \uc561\uccb4\uac00 \uc544\ub798\ub85c \ub0b4\ub824\uac00\uba70 \uc5f4\uc774 \uc804\ub2ec\ub41c\ub2e4. \uadf8\ub7ec\ubbc0\ub85c \ub728\uac70\uc6b4 \ubb3c\uc744 \uba3c\uc800 \ud2b9\uace0 \ub098\uc911\uc5d0 \ucc28\uac00\uc6b4 \ubb3c\uc744 \ud2c0\uc5b4\uc57c \uc544\ub798\uc5d0 \uc788\ub294 \ub728\uac70\uc6b4 \ubb3c\uc774 \uc704\ub85c \uc62c\ub77c\uac00\uba74\uc11c \ub728\uac70\uc6b4 \ubb3c\uacfc \ucc28\uac00\uc6b4 \ubb3c\uc774 \uace8\uace0\ub8e8 \uc11e\uc77c \uc218 \uc788\uac8c \ub41c\ub2e4.", "image": "mainpage/image/make_question_image/make_question_6.png", "hint": "\ub530\ub73b\ud55c \ubb3c\uacfc \ucc28\uac00\uc6b4 \ubb3c\uc774 \uc5b4\ub514\ub85c \uc774\ub3d9\ud560\uae4c\uc694? \uc870\uae08 \ub354 \uc0dd\uac01\uc744 \ubc1c\uc804\uc2dc\ucf1c \ubcfc\uae4c\uc694?", "made_date": "2020-04-12", "upload_check": 0}}, {"model": "mainpage.makequestion", "pk": 8, "fields": {"teacher": 8, "question_name": "\ud5e4\uc5b4 \uc2a4\ud504\ub808\uc774\uac00 \ucc30\ub791\uac70\ub9ac\ub294 \uc774\uc720", "discription": "\uba4b\uc9c4 \ud5e4\uc5b4\uc2a4\ud0c0\uc77c\uc744 \ub9cc\ub4e4\uae30 \uc704\ud574\uc11c\ub294 \ud5e4\uc5b4 \uc2a4\ud504\ub808\uc774\ub97c \uc0ac\uc6a9\ud558\uace4 \ud569\ub2c8\ub2e4. \ud5e4\uc5b4 \uc2a4\ud504\ub808\uc774\ub294 \ud1b5 \uc548\uc5d0\uc11c\ub294 \uc561\uccb4 \uc0c1\ud0dc\ub85c \uc874\uc7ac\ud558\uc5ec \ud754\ub4e4\uba74 \uc18c\ub9ac\uac00 \ub098\uc9c0\ub9cc, \uba38\ub9ac\uc5d0 \ubfcc\ub9b4 \ub54c\ub294 \ubc16\uc73c\ub85c \ub098\uc624\uba74\uc11c \uae30\uccb4\uac00 \ub429\ub2c8\ub2e4. \uc774\ucc98\ub7fc \uae30\uccb4\ub85c \uc0ac\uc6a9\ud558\ub294 \ubb3c\uc9c8\uc744 \uc561\uccb4 \uc0c1\ud0dc\ub85c \ubcf4\uad00\ud558\ub294 \uc774\uc720\ub294 \ubb34\uc5c7\uc77c\uae4c\uc694? \uacfc\ud559\uc801\uc73c\ub85c \uc124\uba85\ud574\ubd05\uc2dc\ub2e4.", "answer": "\ubb3c\uc9c8\uc758 \uc0c1\ud0dc\uac00 \ubcc0\ud560 \ub54c \ubb3c\uc9c8\uc744 \uc774\ub8e8\ub294 \uc785\uc790\uc758 \uc885\ub958\uc640 \uac1c\uc218\ub294 \ubcc0\ud558\uc9c0 \uc54a\uace0 \uc785\uc790\uc758 \ubc30\uc5f4\ub9cc \ub2ec\ub77c\uc9d1\ub2c8\ub2e4. \ud5e4\uc5b4 \uc2a4\ud504\ub808\uc774\uac00 \uc561\ud654\ud558\uba74 \uc785\uc790 \uc0ac\uc774\uc758 \uac70\ub9ac\uac00 \uac00\uae4c\uc6cc\uc838 \ubd80\ud53c\uac00 \ud06c\uac8c \uc904\uc5b4\ub4ed\ub2c8\ub2e4. \uadf8\ub807\uae30 \ub54c\ubb38\uc5d0 \ubcf4\uad00\uc774 \uc6a9\uc774\ud574\uc9d1\ub2c8\ub2e4.", "image": "mainpage/image/make_question_image/make_question_3.png", "hint": "\uae30\uccb4 \uc0c1\ud0dc\uc640 \uc561\uccb4 \uc0c1\ud0dc\uc5d0\ub294 \uc5b4\ub5a0\ud55c \ucc28\uc774\uac00 \uc788\uc744\uae4c\uc694?", "made_date": "2020-04-13", "upload_check": 0}}, {"model": "mainpage.makequestion", "pk": 9, "fields": {"teacher": 9, "question_name": "\ubb34\uc5ed\uc744 \ud558\ub294 \uc774\uc720", "discription": "\uc6b0\ub9ac\ub098\ub77c\ub294 \ud574\uc678\ub85c \uae40, \uc778\uc0bc, \uc2a4\ub9c8\ud2b8\ud3f0 \ub4f1\uc744 \ub9ce\uc774 \uc218\ucd9c\ud558\uace0 \ucee4\ud53c, \ubc14\ub098\ub098, \uc6d0\uc720 \ub4f1\uc740 \ub2e4\ub978 \ub098\ub77c\ub85c\ubd80\ud130 \uc218\uc785\uc744 \ud569\ub2c8\ub2e4. \uc774\ucc98\ub7fc \uc11c\ub85c \ub2e4\ub978 \ub098\ub77c\ub07c\ub9ac \ub2e4\uc591\ud55c \ubb3c\uac74\uc744 \uc0ac\uace0\ud30c\ub294 \uc774\uc720\ub294 \ubb34\uc5c7\uc77c\uae4c\uc694?", "answer": "\ub098\ub77c\ub9c8\ub2e4 \uac00\uc9c4 \uc790\uc6d0\uc774 \ub2e4\ub974\uae30 \ub54c\ubb38\uc785\ub2c8\ub2e4.\n\ub098\ub77c\ub9c8\ub2e4 \uac00\uc9c4 \uae30\uc220\uc774 \ub2e4\ub974\uae30 \ub54c\ubb38\uc785\ub2c8\ub2e4.\n\ub098\ub77c\ub9c8\ub2e4 \ud544\uc694\ub85c \ud558\ub294 \ubb3c\uac74\uc774 \ub2e4\ub974\uae30 \ub54c\ubb38\uc785\ub2c8\ub2e4.\n\ubb34\uc5ed\uc744 \ud1b5\ud574 \uac01 \ub098\ub77c\uac00 \ud544\uc694\ub85c \ud558\ub294 \uac83\uc744 \uc5bb\uc744 \uc218 \uc788\uae30 \ub54c\ubb38\uc785\ub2c8\ub2e4. \n\ubb34\uc5ed\uc744 \ud1b5\ud574 \uac01 \ub098\ub77c\uac00 \ub3c8\uc744 \ubc8c \uc218 \uc788\uae30 \ub54c\ubb38\uc785\ub2c8\ub2e4.", "image": "mainpage/image/make_question_image/make_question_4.png", "hint": "\uc6b0\ub9ac\ub098\ub77c\uc5d0\uc11c \ub9ce\uc774 \uc0dd\uc0b0\ud558\ub294 \uac83\uc5d0\ub294 \uc5b4\ub5a4 \uac83\uc774 \uc788\ub098\uc694?\n\uc6b0\ub9ac\ub098\ub77c\uc5d0\uc11c \uc804\ud600 \uc0dd\uc0b0\ub418\uc9c0 \uc54a\ub294 \uac83\uc5d0\ub294 \uc5b4\ub5a4 \uac83\uc774 \uc788\ub098\uc694?", "made_date": "2020-04-14", "upload_check": 1}}, {"model": "mainpage.makequestion", "pk": 10, "fields": {"teacher": 10, "question_name": "\uc2dd\ubb3c \ubfcc\ub9ac\uc758 \uae30\ub2a5", "discription": "\uc2dd\ubaa9\uc77c\uc744 \ub9de\uc544 \ud0dc\ud6c8\uc774\uc640 \ud0dc\ud638\ub294 \uc544\ube60\uc640 \ud568\uaed8 \ub9c8\uc744 \ub4b7\uc0b0\uc5d0 \ub098\ubb34\ub97c \ud558\ub098 \uc2ec\uc73c\ub7ec \uac00\uae30\ub85c \ud588\uc2b5\ub2c8\ub2e4. \uc2dd\ubb3c\uc744 \ud759 \uc704\uc5d0 \uc0b4\uc9dd \uc62c\ub824\ub9cc \ub193\uc73c\ub824\uace0\ud558\ub294 \ud0dc\ud638\uc5d0\uac8c \uc544\ube60\ub294 \ub208\uc5d0\ub294 \uc548\ubcf4\uc5ec\ub3c4 \ubfcc\ub9ac\uac00 \uc2dd\ubb3c\uc774 \uc790\ub77c\ub294\ub370 \uc544\uc8fc \uc911\uc694\ud55c \uc5ed\ud560\uc744 \ud558\ub2c8 \uae4a\uac8c \uc798 \uc2ec\uc5b4\uc8fc\uc5b4\uc57c \ud55c\ub2e4\uace0 \ud558\uc168\uc2b5\ub2c8\ub2e4. \uad73\uc774 \uadf8\ub807\uac8c \ubfcc\ub9ac\uae4c\uc9c0 \uc2e0\uacbd \uc4f0\uba70 \uc2ec\uc5b4\uc57c \ud558\ub294\uc9c0 \uadc0\ucc2e\uc544\uc9c0\uae30 \uc2dc\uc791\ud55c \ud0dc\ud638\ub294 \ubd88\ub9cc\uc774 \ub9ce\uc2b5\ub2c8\ub2e4. \uc774 \ubaa8\uc2b5\uc744 \uc9c0\ucf1c\ubcf4\ub358 \ud0dc\ud6c8\uc774\ub294 \ub3d9\uc0dd\uc778 \ud0dc\ud638\uc5d0\uac8c \uc544\ube60\ub294 \uc65c \ubfcc\ub9ac\uae4c\uc9c0 \uc2e0\uacbd\uc744 \uc4f0\uc2dc\uba70 \uc798 \uc2ec\uc73c\ub824\uace0 \ud558\uc2e0 \uac83\uc77c\uc9c0 \uc54c\ub824\uc8fc\ub824\uace0 \ud569\ub2c8\ub2e4. \uc5ec\ub7ec\ubd84\uc774 \ud0dc\ud6c8\uc774\uac00 \ub418\uc5b4\uc11c \ub2e4\uc591\ud55c \uc2dd\ubb3c\uc5d0\uc11c \ubfcc\ub9ac\uac00 \ud558\ub294 \uc77c\ub4e4\uc5d0 \ub300\ud574\uc11c \uc124\uba85\ud574\ubcf4\uc138\uc694.    ", "answer": "\uc2dd\ubb3c\uc758 \ubfcc\ub9ac\ub294 \uc2dd\ubb3c\uccb4\ub97c \uc9c0\uc9c0 \ubc0f \uace0\uc815\ud574\uc8fc\ub294 \uc5ed\ud560, \uc591\ubd84\uc744 \uc800\uc7a5\ud558\ub294 \uc5ed\ud560, \ud1a0\uc591\uc18d\uc758 \ubb3c\uacfc \ubb34\uae30\uc5fc\ub958\ub97c \uc2dd\ubb3c\uccb4\ub85c \uc774\ub3d9\uc2dc\ud0a4\ub294 \uc5ed\ud560\uc744 \ud55c\ub2e4. ", "image": "mainpage/image/make_question_image/make_question_5.png", "hint": "\ubfcc\ub9ac\uac00 \uae4a\uc740 \ub098\ubb34\ub294 \ud0dc\ud48d\uc774 \ubd88\uc5b4\uc640\ub3c4 \uafcb\uafcb\ud558\uac8c \ubc84\ud2f0\ub294 \uacbd\uc6b0\uac00 \ub9ce\uc740\ub370 \uc65c \uadf8\ub7f4\uae4c\uc694?\n\ud654\ubd84 \uc2dd\ubb3c\uc744 \uc2ec\uace0 \ub098\uc11c \uc2a4\ud504\ub808\uc774\ub85c \uc78e\uc5d0\ub9cc \ubb3c\uc744 \uc8fc\uac8c \ub418\uba74 \uc2dd\ubb3c\uc774 \uc798 \ud06c\uc9c0 \ubabb\ud574\uc11c \ubfcc\ub9ac\uae4c\uc9c0 \uc816\ub3c4\ub85d \ubb3c\uc744 \uc8fc\ub77c\uace0 \ud558\ub294 \uc774\uc720\ub294 \ubb34\uc5c7\uc77c\uae4c\uc694?\n\ubb34\uc640 \uace0\uad6c\ub9c8\ub294 \uc720\uba85\ud55c \ubfcc\ub9ac\uc2dd\ubb3c\ub85c \uc54c\ub824\uc838 \uc788\uc2b5\ub2c8\ub2e4. \ubb34\uc640 \uace0\uad6c\ub9c8\uc640 \uac19\uc740 \uc2dd\ubb3c\uc758 \ubfcc\ub9ac\ub294 \uc65c \ub2e4\ub978 \uc2dd\ubb3c\uc758 \ubfcc\ub9ac\ubcf4\ub2e4 \ud074\uae4c\uc694?", "made_date": "2020-04-15", "upload_check": 1}}, {"model": "mainpage.selfsolvedata", "pk": 1, "fields": {"make_question": 1, "response": "\ud06c\ub9ac\uc2a4\ub9c8\uc2a4 \uc804\uad6c\uc5d0 \ub300\ud55c \ub2f5\ubcc0\uc785\ub2c8\ub2e4.", "score": "0.00", "submit_date": "2020-04-15"}}, {"model": "mainpage.selfsolvedata", "pk": 2, "fields": {"make_question": 1, "response": "\ud30c\ub780\uc0c9 \uc804\uad6c\ub4e4\uacfc \ube68\uac04\uc0c9 \uc804\uad6c\ub4e4\uc740 \ubcd1\ub82c\ub85c \uc5f0\uacb0\ub418\uc5b4 \ud30c\ub780\uc0c9 \uc804\uad6c \ud558\ub098\uac00 \uace0\uc7a5\ub098\ub354\ub77c\ub3c4 \ubcd1\ub82c\ub85c \uc5f0\uacb0\ub41c \ub2e4\ub978 \uc904\uc758 \ube68\uac04\uc0c9 \uc804\uad6c\ub4e4\uc5d0\ub294 \uc804\ub958\uac00 \ud750\ub97c \uc218 \uc788\uc5c8\uae30 \ub54c\ubb38\uc774\ub2e4.", "score": "3.00", "submit_date": "2020-04-16"}}, {"model": "mainpage.selfsolvedata", "pk": 3, "fields": {"make_question": 2, "response": "\uc561\uccb4\uc5d0\uc11c\ub294 \ub530\ub73b\ud55c \uc561\uccb4\uac00 \uc704\ub85c \uc62c\ub77c\uac00\uace0, \ucc28\uac00\uc6b4 \uc561\uccb4\uac00 \uc544\ub798\ub85c \ub0b4\ub824\uac00\uba70 \uc5f4\uc774 \uc804\ub2ec\ub41c\ub2e4. \uadf8\ub7ec\ubbc0\ub85c \ub728\uac70\uc6b4 \ubb3c\uc744 \uba3c\uc800 \ud2b9\uace0 \ub098\uc911\uc5d0 \ucc28\uac00\uc6b4 \ubb3c\uc744 \ud2c0\uc5b4\uc57c \uc544\ub798\uc5d0 \uc788\ub294 \ub728\uac70\uc6b4 \ubb3c\uc774 \uc704\ub85c \uc62c\ub77c\uac00\uba74\uc11c \ub728\uac70\uc6b4 \ubb3c\uacfc \ucc28\uac00\uc6b4 \ubb3c\uc774 \uace8\uace0\ub8e8 \uc11e\uc77c \uc218 \uc788\uac8c \ub41c\ub2e4.", "score": "2.00", "submit_date": "2020-04-17"}}, {"model": "mainpage.selfsolvedata", "pk": 4, "fields": {"make_question": 3, "response": "\ubb3c\uc9c8\uc758 \uc0c1\ud0dc\uac00...", "score": "0.00", "submit_date": "2020-04-18"}}, {"model": "mainpage.selfsolvedata", "pk": 5, "fields": {"make_question": 3, "response": "\ubb3c\uc9c8\uc758 \uc0c1\ud0dc\uac00 \ubcc0\ud560 \ub54c \ubb3c\uc9c8\uc744 \uc774\ub8e8\ub294 \uc785\uc790\uc758 \uc885\ub958\uc640 \uac1c\uc218\ub294 \ubcc0\ud558\uc9c0 \uc54a\uace0 \uc785\uc790\uc758 \ubc30\uc5f4\ub9cc \ub2ec\ub77c\uc9d1\ub2c8\ub2e4. \ud5e4\uc5b4 \uc2a4\ud504\ub808\uc774\uac00 \uc561\ud654\ud558\uba74 \uc785\uc790 \uc0ac\uc774\uc758 \uac70\ub9ac\uac00 \uac00\uae4c\uc6cc\uc838 \ubd80\ud53c\uac00 \ud06c\uac8c \uc904\uc5b4\ub4ed\ub2c8\ub2e4. \uadf8\ub807\uae30 \ub54c\ubb38\uc5d0 \ubcf4\uad00\uc774 \uc6a9\uc774\ud574\uc9d1\ub2c8\ub2e4.", "score": "3.00", "submit_date": "2020-04-22"}}, {"model": "mainpage.selfsolvedata", "pk": 6, "fields": {"make_question": 2, "response": "\uc561\uccb4\uc5d0\uc11c\ub294 \ub530\ub73b\ud55c \uc561\uccb4\uac00 \uc704\ub85c \uc62c\ub77c\uac00\uace0, \ucc28\uac00\uc6b4 \uc561\uccb4\uac00 \uc544\ub798\ub85c \ub0b4\ub824\uac00\uba70 \uc5f4\uc774 \uc804\ub2ec\ub41c\ub2e4. \uadf8\ub7ec\ubbc0\ub85c \ub728\uac70\uc6b4 \ubb3c\uc744 \uba3c\uc800 \ud2b9\uace0 \ub098\uc911\uc5d0 \ucc28\uac00\uc6b4 \ubb3c\uc744 \ud2c0\uc5b4\uc57c \uc544\ub798\uc5d0 \uc788\ub294 \ub728\uac70\uc6b4 \ubb3c\uc774 \uc704\ub85c \uc62c\ub77c\uac00\uba74\uc11c \ub728\uac70\uc6b4 \ubb3c\uacfc \ucc28\uac00\uc6b4 \ubb3c\uc774 \uace8\uace0\ub8e8 \uc11e\uc77c \uc218 \uc788\uac8c \ub41c\ub2e4.", "score": "2.00", "submit_date": "2020-04-20"}}, {"model": "mainpage.selfsolvedata", "pk": 7, "fields": {"make_question": 3, "response": "\ubb3c\uc9c8\uc758 \uc0c1\ud0dc\uac00...", "score": "0.00", "submit_date": "2020-04-21"}}, {"model": "mainpage.selfsolvedata", "pk": 8, "fields": {"make_question": 3, "response": "\ubb3c\uc9c8\uc758 \uc0c1\ud0dc\uac00 \ubcc0\ud560 \ub54c \ubb3c\uc9c8\uc744 \uc774\ub8e8\ub294 \uc785\uc790\uc758 \uc885\ub958\uc640 \uac1c\uc218\ub294 \ubcc0\ud558\uc9c0 \uc54a\uace0 \uc785\uc790\uc758 \ubc30\uc5f4\ub9cc \ub2ec\ub77c\uc9d1\ub2c8\ub2e4. \ud5e4\uc5b4 \uc2a4\ud504\ub808\uc774\uac00 \uc561\ud654\ud558\uba74 \uc785\uc790 \uc0ac\uc774\uc758 \uac70\ub9ac\uac00 \uac00\uae4c\uc6cc\uc838 \ubd80\ud53c\uac00 \ud06c\uac8c \uc904\uc5b4\ub4ed\ub2c8\ub2e4. \uadf8\ub807\uae30 \ub54c\ubb38\uc5d0 \ubcf4\uad00\uc774 \uc6a9\uc774\ud574\uc9d1\ub2c8\ub2e4.", "score": "3.00", "submit_date": "2020-04-22"}}, {"model": "mainpage.mark", "pk": 1, "fields": {"make_question": 1, "mark_text": "\ud06c\ub9ac\uc2a4\ub9c8\uc2a4_\uc804\uad6c_\ucc44\uc810\uc900\uac701"}}, {"model": "mainpage.mark", "pk": 2, "fields": {"make_question": 1, "mark_text": "\ud06c\ub9ac\uc2a4\ub9c8\uc2a4_\uc804\uad6c_\ucc44\uc810\uc900\uac702"}}, {"model": "mainpage.mark", "pk": 3, "fields": {"make_question": 1, "mark_text": "\ud06c\ub9ac\uc2a4\ub9c8\uc2a4_\uc804\uad6c_\ucc44\uc810\uc900\uac703"}}, {"model": "mainpage.mark", "pk": 4, "fields": {"make_question": 2, "mark_text": "\ubaa9\uc695\ubb3c_\uc628\ub3c4_\ucc44\uc810\uc900\uac701"}}, {"model": "mainpage.mark", "pk": 5, "fields": {"make_question": 2, "mark_text": "\ubaa9\uc695\ubb3c_\uc628\ub3c4_\ucc44\uc810\uc900\uac702"}}, {"model": "mainpage.mark", "pk": 6, "fields": {"make_question": 2, "mark_text": "\ubaa9\uc695\ubb3c_\uc628\ub3c4_\ucc44\uc810\uc900\uac703"}}, {"model": "mainpage.mark", "pk": 7, "fields": {"make_question": 3, "mark_text": "\ud5e4\uc5b4_\uc2a4\ud504\ub808\uc774_\ucc44\uc810\uc900\uac70_1"}}, {"model": "mainpage.mark", "pk": 8, "fields": {"make_question": 3, "mark_text": "\ud5e4\uc5b4_\uc2a4\ud504\ub808\uc774_\ucc44\uc810\uc900\uac70_2"}}, {"model": "mainpage.mark", "pk": 9, "fields": {"make_question": 4, "mark_text": "\ubb34\uc5ed_\uc774\uc720_\ucc44\uc810\uc900\uac70_1"}}, {"model": "mainpage.mark", "pk": 10, "fields": {"make_question": 4, "mark_text": "\ubb34\uc5ed_\uc774\uc720_\ucc44\uc810\uc900\uac70_2"}}, {"model": "mainpage.mark", "pk": 11, "fields": {"make_question": 5, "mark_text": "\uc2dd\ubb3c_\ucc44\uc810\uc900\uac70_1"}}, {"model": "mainpage.mark", "pk": 12, "fields": {"make_question": 5, "mark_text": "\uc2dd\ubb3c_\ucc44\uc810\uc900\uac70_2"}}, {"model": "mainpage.mark", "pk": 13, "fields": {"make_question": 5, "mark_text": "\uc2dd\ubb3c_\ucc44\uc810\uc900\uac70_3"}}, {"model": "mainpage.mark", "pk": 14, "fields": {"make_question": 6, "mark_text": "\ud06c\ub9ac\uc2a4\ub9c8\uc2a4\uc804\uad6c_\ucc44\uc810\uc900\uac701"}}, {"model": "mainpage.mark", "pk": 15, "fields": {"make_question": 6, "mark_text": "\ud06c\ub9ac\uc2a4\ub9c8\uc2a4\uc804\uad6c_\ucc44\uc810\uc900\uac702"}}, {"model": "mainpage.mark", "pk": 16, "fields": {"make_question": 6, "mark_text": "\ud06c\ub9ac\uc2a4\ub9c8\uc2a4\uc804\uad6c_\ucc44\uc810\uc900\uac703"}}, {"model": "mainpage.mark", "pk": 17, "fields": {"make_question": 7, "mark_text": "\ubaa9\uc695\ubb3c_\ucc44\uc810\uc900\uac70_1"}}, {"model": "mainpage.mark", "pk": 18, "fields": {"make_question": 7, "mark_text": "\ubaa9\uc695\ubb3c_\ucc44\uc810\uc900\uac70_2"}}, {"model": "mainpage.mark", "pk": 19, "fields": {"make_question": 7, "mark_text": "\ubaa9\uc695\ubb3c_\ucc44\uc810\uc900\uac70_3"}}, {"model": "mainpage.mark", "pk": 20, "fields": {"make_question": 8, "mark_text": "\ud5e4\uc5b4\uc2a4\ud504\ub808\uc774_\ucc44\uc810\uc900\uac70_1"}}, {"model": "mainpage.mark", "pk": 21, "fields": {"make_question": 8, "mark_text": "\ud5e4\uc5b4\uc2a4\ud504\ub808\uc774_\ucc44\uc810\uc900\uac70_2"}}, {"model": "mainpage.mark", "pk": 22, "fields": {"make_question": 9, "mark_text": "\ubb34\uc5ed_\ucc44\uc810\uc900\uac70_1"}}, {"model": "mainpage.mark", "pk": 23, "fields": {"make_question": 9, "mark_text": "\ubb34\uc5ed_\ucc44\uc810\uc900\uac70_2"}}, {"model": "mainpage.mark", "pk": 24, "fields": {"make_question": 9, "mark_text": "\ubb34\uc5ed_\ucc44\uc810\uc900\uac70_3"}}, {"model": "mainpage.mark", "pk": 25, "fields": {"make_question": 10, "mark_text": "\uc2dd\ubb3c_\ucc44\uc810\uc900\uac70_1"}}, {"model": "mainpage.mark", "pk": 26, "fields": {"make_question": 10, "mark_text": "\uc2dd\ubb3c_\ucc44\uc810\uc900\uac70_2"}}, {"model": "mainpage.mark", "pk": 27, "fields": {"make_question": 10, "mark_text": "\uc2dd\ubb3c_\ucc44\uc810\uc900\uac70_3"}}, {"model": "mainpage.category", "pk": 1, "fields": {"category_name": "\uad6d\uc5b4"}}, {"model": "mainpage.category", "pk": 2, "fields": {"category_name": "\uc218\ud559"}}, {"model": "mainpage.category", "pk": 3, "fields": {"category_name": "\uc0ac\ud68c"}}, {"model": "mainpage.category", "pk": 4, "fields": {"category_name": "\uacfc\ud559"}}, {"model": "mainpage.category", "pk": 5, "fields": {"category_name": "\uc601\uc5b4"}}, {"model": "mainpage.category", "pk": 6, "fields": {"category_name": "\uc5ed\uc0ac"}}, {"model": "mainpage.category", "pk": 7, "fields": {"category_name": "\uc815\ubcf4"}}, {"model": "mainpage.category", "pk": 8, "fields": {"category_name": "\ub3c4\ub355"}}, {"model": "mainpage.question", "pk": 1, "fields": {"category": 4, "model_id": "1", "question_name": "\ud06c\ub9ac\uc2a4\ub9c8\uc2a4 \uc804\uad6c \uc5f0\uacb0\ud558\uae30", "discription": "\ube68\uac04\uc0c9\uacfc \ud30c\ub780\uc0c9\uc73c\ub85c \uad6c\uc131\ub41c \ud06c\ub9ac\uc2a4\ub9c8\uc2a4 \uc804\uad6c\ub97c \ud06c\ub9ac\uc2a4\ub9c8\uc2a4\ud2b8\ub9ac\uc5d0 \uc124\uce58\ud558\ub2e4\uac00 \ud30c\ub780\uc0c9 \uc804\uad6c \ud55c \uac1c\uac00 \ube60\uc838\ubc84\ub838\uc2b5\ub2c8\ub2e4. \ud06c\ub9ac\uc2a4\ub9c8\uc2a4 \uc804\uad6c\ub97c \uc791\ub3d9\uc2dc\ucf1c\ubcf4\ub2c8, \ud30c\ub780\uc0c9 \uc804\uad6c\ub294 \ubaa8\ub450 \ubd88\uc774 \ub4e4\uc5b4\uc624\uc9c0 \uc54a\uc558\uc9c0\ub9cc, \ube68\uac04\uc0c9 \uc804\uad6c\ub294 \ubd88\uc774 \ub4e4\uc5b4\uc654\uc2b5\ub2c8\ub2e4. \ud06c\ub9ac\uc2a4\ub9c8\uc2a4 \uc804\uad6c\uac00 \ubaa8\ub450 \uace0\uc7a5 \ub098\uc9c0 \uc54a\uace0 \ube68\uac04\uc0c9 \uc804\uad6c\uc5d0\ub294 \ubd88\uc774 \ub4e4\uc5b4\uc628 \uc774\uc720\ub97c \uc804\uae30\uc758 \uc791\uc6a9\uacfc \uc804\uad6c\uc758 \uc5f0\uacb0 \ubc29\ubc95\uc5d0 \uad00\ud55c \uc9c0\uc2dd\uc744 \ud65c\uc6a9\ud558\uc5ec \uc790\uc138\ud558\uac8c \uc124\uba85\ud574 \ubd05\uc2dc\ub2e4.", "answer": "\ud30c\ub780\uc0c9 \uc804\uad6c\ub4e4\uacfc \ube68\uac04\uc0c9 \uc804\uad6c\ub4e4\uc740 \ubcd1\ub82c\ub85c \uc5f0\uacb0\ub418\uc5b4 \ud30c\ub780\uc0c9 \uc804\uad6c \ud558\ub098\uac00 \uace0\uc7a5\ub098\ub354\ub77c\ub3c4 \ubcd1\ub82c\ub85c \uc5f0\uacb0\ub41c \ub2e4\ub978 \uc904\uc758 \ube68\uac04\uc0c9 \uc804\uad6c\ub4e4\uc5d0\ub294 \uc804\ub958\uac00 \ud750\ub97c \uc218 \uc788\uc5c8\uae30 \ub54c\ubb38\uc774\ub2e4.", "image": "mainpage/image/question_image/question_1.png", "hint": "\ud30c\ub780\uc0c9 \uc804\uad6c \ud558\ub098 \ub54c\ubb38\uc5d0 \ud30c\ub780\uc0c9 \uc804\uad6c\ub4e4\uc774 \ubaa8\ub450 \ubd88\uc774 \ub4e4\uc5b4\uc9c0 \uc54a\ub294 \uc774\uc720\ub294 \ud30c\ub780\uc0c9 \uc804\uad6c\ub07c\ub9ac\ub294 \ud558\ub098\uc758 \uae38\ub85c \uc5f0\uacb0\ub418\uc5c8\uae30 \ub54c\ubb38\uc774\uaca0\uc8e0. \uadf8\ub807\ub2e4\uba74, \ud30c\ub780\uc0c9 \uc804\uad6c\ub4e4\uacfc \ube68\uac04\uc0c9 \uc804\uad6c\ub4e4\uc740 \uc5b4\ub5bb\uac8c \uc5f0\uacb0\ub418\uc5c8\uc744\uc9c0 \uacfc\ud559\uc801 \uc6a9\uc5b4\ub97c \ub5a0\uc62c\ub9ac\uba70 \uc870\uae08 \ub354 \uc0dd\uac01\uc744 \ubc1c\uc804\uc2dc\ucf1c \ubcfc\uae4c\uc694?", "made_date": "2020-04-11", "qr_code": "mainpage/image/qr_code_image/qr_code.png", "ques_concept": "\ubcd1\ub82c \uc5f0\uacb0"}}, {"model": "mainpage.question", "pk": 2, "fields": {"category": 4, "model_id": "2", "question_name": "\ubaa9\uc695\ubb3c \uc628\ub3c4 \ud655\uc778\ud558\uae30", "discription": "\ud604\uc9c4\uc774\ub294 \ubaa9\uc695\uc744 \ud558\uae30 \uc704\ud574 \uba3c\uc800 \ucc28\uac00\uc6b4 \ubb3c\uc744 \ud2c0\uace0, \ub728\uac70\uc6b4 \ubb3c\uc5c8\uc2b5\ub2c8\ub2e4. \ubb3c \ud45c\uba74\uc5d0 \uc190\uc744 \uc0b4\uc9dd \ub123\uc5b4\ubcf4\ub2c8 \ubb3c\uc774 \ub530\ub73b\ud558\uc5ec \ub4e4\uc5b4\uac00\ub2c8 \ubb3c\uc774 \uc5ec\uc804\ud788 \ucc28\uac00\uc6e0\uc2b5\ub2c8\ub2e4. \uadf8\ub7ec\uc790 \uc774\ub97c \ubcf8 \uc5b4\uba38\ub2c8\uaed8\uc11c \ubaa9\uc695\ubb3c\uc774 \uace8\uace0\ub8e8 \ub530\ub73b\ud574\uc9c0\uae30 \uc704\ud574\uc11c\ub294 \uba3c\uc800 \ub728\uac70\uc6b4 \ubb3c\uc744 \ud2c0\uace0 \ucc28\uac00\uc6b4 \ubb3c\uc744 \ud2c0\uc5b4\uc57c \ud55c\ub2e4\uace0 \ub9d0\uc500 \ud558\uc600\uc2b5\ub2c8\ub2e4. \uc65c \ub728\uac70\uc6b4 \ubb3c\uacfc \ucc28\uac00\uc6b4 \ubb3c\uc774 \uace8\uace0\ub8e8 \uc11e\uc774\uae30 \uc704\ud574\uc11c \ub728\uac70\uc6b4 \ubb3c\uc744 \uba3c\uc800 \ud2c0\uc5b4\uc57c \ud558\ub294\uc9c0 \uc5f4\uc758 \uc774\ub3d9\uc5d0 \uad00\ud55c \uc9c0\uc2dd\uc744 \ud65c\uc6a9\ud558\uc5ec \uc790\uc138\ud558\uac8c \uc124\uba85\ud574 \ubd05\uc2dc\ub2e4.", "answer": "\uc561\uccb4\uc5d0\uc11c\ub294 \ub530\ub73b\ud55c \uc561\uccb4\uac00 \uc704\ub85c \uc62c\ub77c\uac00\uace0, \ucc28\uac00\uc6b4 \uc561\uccb4\uac00 \uc544\ub798\ub85c \ub0b4\ub824\uac00\uba70 \uc5f4\uc774 \uc804\ub2ec\ub41c\ub2e4. \uadf8\ub7ec\ubbc0\ub85c \ub728\uac70\uc6b4 \ubb3c\uc744 \uba3c\uc800 \ud2b9\uace0 \ub098\uc911\uc5d0 \ucc28\uac00\uc6b4 \ubb3c\uc744 \ud2c0\uc5b4\uc57c \uc544\ub798\uc5d0 \uc788\ub294 \ub728\uac70\uc6b4 \ubb3c\uc774 \uc704\ub85c \uc62c\ub77c\uac00\uba74\uc11c \ub728\uac70\uc6b4 \ubb3c\uacfc \ucc28\uac00\uc6b4 \ubb3c\uc774 \uace8\uace0\ub8e8 \uc11e\uc77c \uc218 \uc788\uac8c \ub41c\ub2e4.", "image": "mainpage/image/question_image/question_2.png", "hint": "\ub530\ub73b\ud55c \ubb3c\uacfc \ucc28\uac00\uc6b4 \ubb3c\uc774 \uc5b4\ub514\ub85c \uc774\ub3d9\ud560\uae4c\uc694? \uc870\uae08 \ub354 \uc0dd\uac01\uc744 \ubc1c\uc804\uc2dc\ucf1c \ubcfc\uae4c\uc694?", "made_date": "2020-04-12", "qr_code": "mainpage/image/qr_code_image/qr_code.png", "ques_concept": "\ub300\ub958"}}, {"model": "mainpage.question", "pk": 3, "fields": {"category": 4, "model_id": "3", "question_name": "\ud5e4\uc5b4 \uc2a4\ud504\ub808\uc774\uac00 \ucc30\ub791\uac70\ub9ac\ub294 \uc774\uc720", "discription": "\uba4b\uc9c4 \ud5e4\uc5b4\uc2a4\ud0c0\uc77c\uc744 \ub9cc\ub4e4\uae30 \uc704\ud574\uc11c\ub294 \ud5e4\uc5b4 \uc2a4\ud504\ub808\uc774\ub97c \uc0ac\uc6a9\ud558\uace4 \ud569\ub2c8\ub2e4. \ud5e4\uc5b4 \uc2a4\ud504\ub808\uc774\ub294 \ud1b5 \uc548\uc5d0\uc11c\ub294 \uc561\uccb4 \uc0c1\ud0dc\ub85c \uc874\uc7ac\ud558\uc5ec \ud754\ub4e4\uba74 \uc18c\ub9ac\uac00 \ub098\uc9c0\ub9cc, \uba38\ub9ac\uc5d0 \ubfcc\ub9b4 \ub54c\ub294 \ubc16\uc73c\ub85c \ub098\uc624\uba74\uc11c \uae30\uccb4\uac00 \ub429\ub2c8\ub2e4. \uc774\ucc98\ub7fc \uae30\uccb4\ub85c \uc0ac\uc6a9\ud558\ub294 \ubb3c\uc9c8\uc744 \uc561\uccb4 \uc0c1\ud0dc\ub85c \ubcf4\uad00\ud558\ub294 \uc774\uc720\ub294 \ubb34\uc5c7\uc77c\uae4c\uc694? \uacfc\ud559\uc801\uc73c\ub85c \uc124\uba85\ud574\ubd05\uc2dc\ub2e4.", "answer": "\ubb3c\uc9c8\uc758 \uc0c1\ud0dc\uac00 \ubcc0\ud560 \ub54c \ubb3c\uc9c8\uc744 \uc774\ub8e8\ub294 \uc785\uc790\uc758 \uc885\ub958\uc640 \uac1c\uc218\ub294 \ubcc0\ud558\uc9c0 \uc54a\uace0 \uc785\uc790\uc758 \ubc30\uc5f4\ub9cc \ub2ec\ub77c\uc9d1\ub2c8\ub2e4.\r\n\ud5e4\uc5b4 \uc2a4\ud504\ub808\uc774\uac00 \uc561\ud654\ud558\uba74 \uc785\uc790 \uc0ac\uc774\uc758 \uac70\ub9ac\uac00 \uac00\uae4c\uc6cc\uc838 \ubd80\ud53c\uac00 \ud06c\uac8c \uc904\uc5b4\ub4ed\ub2c8\ub2e4. \uadf8\ub807\uae30 \ub54c\ubb38\uc5d0 \ubcf4\uad00\uc774 \uc6a9\uc774\ud574\uc9d1\ub2c8\ub2e4.", "image": "mainpage/image/question_image/question_3.png", "hint": "\uae30\uccb4 \uc0c1\ud0dc\uc640 \uc561\uccb4 \uc0c1\ud0dc\uc5d0\ub294 \uc5b4\ub5a0\ud55c \ucc28\uc774\uac00 \uc788\uc744\uae4c\uc694?", "made_date": "2020-04-14", "qr_code": "mainpage/image/qr_code_image/qr_code.png", "ques_concept": "\ubb3c\uc9c8\uc758 \uc0c1\ud0dc\uac00 \ub2ec\ub77c\uc9c0\uba74 \uc785\uc790\uc758 \ubc30\uc5f4\uc774 \ub2ec\ub77c\uc9d1\ub2c8\ub2e4. \uc785\uc790\uc758 \ubc30\uc5f4\uc5d0 \ub530\ub77c \uc785\uc790 \uc0ac\uc774\uc758 \uac70\ub9ac\uac00 \ub2ec\ub77c\uc9d1\ub2c8\ub2e4."}}, {"model": "mainpage.question", "pk": 4, "fields": {"category": 3, "model_id": "4", "question_name": "\ubb34\uc5ed\uc744 \ud558\ub294 \uc774\uc720", "discription": "\uc6b0\ub9ac\ub098\ub77c\ub294 \ud574\uc678\ub85c \uae40, \uc778\uc0bc, \uc2a4\ub9c8\ud2b8\ud3f0 \ub4f1\uc744 \ub9ce\uc774 \uc218\ucd9c\ud558\uace0 \ucee4\ud53c, \ubc14\ub098\ub098, \uc6d0\uc720 \ub4f1\uc740 \ub2e4\ub978 \ub098\ub77c\ub85c\ubd80\ud130 \uc218\uc785\uc744 \ud569\ub2c8\ub2e4. \uc774\ucc98\ub7fc \uc11c\ub85c \ub2e4\ub978 \ub098\ub77c\ub07c\ub9ac \ub2e4\uc591\ud55c \ubb3c\uac74\uc744 \uc0ac\uace0\ud30c\ub294 \uc774\uc720\ub294 \ubb34\uc5c7\uc77c\uae4c\uc694?", "answer": "\ub098\ub77c\ub9c8\ub2e4 \uac00\uc9c4 \uc790\uc6d0\uc774 \ub2e4\ub974\uae30 \ub54c\ubb38\uc785\ub2c8\ub2e4.\n\ub098\ub77c\ub9c8\ub2e4 \uac00\uc9c4 \uae30\uc220\uc774 \ub2e4\ub974\uae30 \ub54c\ubb38\uc785\ub2c8\ub2e4.\n\ub098\ub77c\ub9c8\ub2e4 \ud544\uc694\ub85c \ud558\ub294 \ubb3c\uac74\uc774 \ub2e4\ub974\uae30 \ub54c\ubb38\uc785\ub2c8\ub2e4.\n\ubb34\uc5ed\uc744 \ud1b5\ud574 \uac01 \ub098\ub77c\uac00 \ud544\uc694\ub85c \ud558\ub294 \uac83\uc744 \uc5bb\uc744 \uc218 \uc788\uae30 \ub54c\ubb38\uc785\ub2c8\ub2e4. \n\ubb34\uc5ed\uc744 \ud1b5\ud574 \uac01 \ub098\ub77c\uac00 \ub3c8\uc744 \ubc8c \uc218 \uc788\uae30 \ub54c\ubb38\uc785\ub2c8\ub2e4.", "image": "mainpage/image/question_image/question_4.png", "hint": "\uc6b0\ub9ac\ub098\ub77c\uc5d0\uc11c \ub9ce\uc774 \uc0dd\uc0b0\ud558\ub294 \uac83\uc5d0\ub294 \uc5b4\ub5a4 \uac83\uc774 \uc788\ub098\uc694?\n\uc6b0\ub9ac\ub098\ub77c\uc5d0\uc11c \uc804\ud600 \uc0dd\uc0b0\ub418\uc9c0 \uc54a\ub294 \uac83\uc5d0\ub294 \uc5b4\ub5a4 \uac83\uc774 \uc788\ub098\uc694?", "made_date": "2020-04-14", "qr_code": "mainpage/image/qr_code_image/qr_code.png", "ques_concept": "\ubb34\uc5ed\uc740 \uac01 \ub098\ub77c\uac00 \ucc98\ud55c \uc870\uac74\uc774 \ub2e4\ub974\uae30 \ub54c\ubb38\uc5d0 \ubc1c\uc0dd\ud55c\ub2e4.\n\uac01 \ub098\ub77c\ub294 \ubb34\uc5ed\uc744 \ud1b5\ud574 \ud544\uc694\ud55c \uac83\uc744 \uc5bb\ub294\ub2e4."}}, {"model": "mainpage.question", "pk": 5, "fields": {"category": 4, "model_id": "5", "question_name": "\uc2dd\ubb3c \ubfcc\ub9ac\uc758 \uae30\ub2a5", "discription": "\uc2dd\ubaa9\uc77c\uc744 \ub9de\uc544 \ud0dc\ud6c8\uc774\uc640 \ud0dc\ud638\ub294 \uc544\ube60\uc640 \ud568\uaed8 \ub9c8\uc744 \ub4b7\uc0b0\uc5d0 \ub098\ubb34\ub97c \ud558\ub098 \uc2ec\uc73c\ub7ec \uac00\uae30\ub85c \ud588\uc2b5\ub2c8\ub2e4. \uc2dd\ubb3c\uc744 \ud759 \uc704\uc5d0 \uc0b4\uc9dd \uc62c\ub824\ub9cc \ub193\uc73c\ub824\uace0\ud558\ub294 \ud0dc\ud638\uc5d0\uac8c \uc544\ube60\ub294 \ub208\uc5d0\ub294 \uc548\ubcf4\uc5ec\ub3c4 \ubfcc\ub9ac\uac00 \uc2dd\ubb3c\uc774 \uc790\ub77c\ub294\ub370 \uc544\uc8fc \uc911\uc694\ud55c \uc5ed\ud560\uc744 \ud558\ub2c8 \uae4a\uac8c \uc798 \uc2ec\uc5b4\uc8fc\uc5b4\uc57c \ud55c\ub2e4\uace0 \ud558\uc168\uc2b5\ub2c8\ub2e4. \uad73\uc774 \uadf8\ub807\uac8c \ubfcc\ub9ac\uae4c\uc9c0 \uc2e0\uacbd \uc4f0\uba70 \uc2ec\uc5b4\uc57c \ud558\ub294\uc9c0 \uadc0\ucc2e\uc544\uc9c0\uae30 \uc2dc\uc791\ud55c \ud0dc\ud638\ub294 \ubd88\ub9cc\uc774 \ub9ce\uc2b5\ub2c8\ub2e4. \uc774 \ubaa8\uc2b5\uc744 \uc9c0\ucf1c\ubcf4\ub358 \ud0dc\ud6c8\uc774\ub294 \ub3d9\uc0dd\uc778 \ud0dc\ud638\uc5d0\uac8c \uc544\ube60\ub294 \uc65c \ubfcc\ub9ac\uae4c\uc9c0 \uc2e0\uacbd\uc744 \uc4f0\uc2dc\uba70 \uc798 \uc2ec\uc73c\ub824\uace0 \ud558\uc2e0 \uac83\uc77c\uc9c0 \uc54c\ub824\uc8fc\ub824\uace0 \ud569\ub2c8\ub2e4. \uc5ec\ub7ec\ubd84\uc774 \ud0dc\ud6c8\uc774\uac00 \ub418\uc5b4\uc11c \ub2e4\uc591\ud55c \uc2dd\ubb3c\uc5d0\uc11c \ubfcc\ub9ac\uac00 \ud558\ub294 \uc77c\ub4e4\uc5d0 \ub300\ud574\uc11c \uc124\uba85\ud574\ubcf4\uc138\uc694.    ", "answer": "\uc2dd\ubb3c\uc758 \ubfcc\ub9ac\ub294 \uc2dd\ubb3c\uccb4\ub97c \uc9c0\uc9c0 \ubc0f \uace0\uc815\ud574\uc8fc\ub294 \uc5ed\ud560, \uc591\ubd84\uc744 \uc800\uc7a5\ud558\ub294 \uc5ed\ud560, \ud1a0\uc591\uc18d\uc758 \ubb3c\uacfc \ubb34\uae30\uc5fc\ub958\ub97c \uc2dd\ubb3c\uccb4\ub85c \uc774\ub3d9\uc2dc\ud0a4\ub294 \uc5ed\ud560\uc744 \ud55c\ub2e4. ", "image": "mainpage/image/question_image/question_5.png", "hint": "\ubfcc\ub9ac\uac00 \uae4a\uc740 \ub098\ubb34\ub294 \ud0dc\ud48d\uc774 \ubd88\uc5b4\uc640\ub3c4 \uafcb\uafcb\ud558\uac8c \ubc84\ud2f0\ub294 \uacbd\uc6b0\uac00 \ub9ce\uc740\ub370 \uc65c \uadf8\ub7f4\uae4c\uc694?\n\ud654\ubd84 \uc2dd\ubb3c\uc744 \uc2ec\uace0 \ub098\uc11c \uc2a4\ud504\ub808\uc774\ub85c \uc78e\uc5d0\ub9cc \ubb3c\uc744 \uc8fc\uac8c \ub418\uba74 \uc2dd\ubb3c\uc774 \uc798 \ud06c\uc9c0 \ubabb\ud574\uc11c \ubfcc\ub9ac\uae4c\uc9c0 \uc816\ub3c4\ub85d \ubb3c\uc744 \uc8fc\ub77c\uace0 \ud558\ub294 \uc774\uc720\ub294 \ubb34\uc5c7\uc77c\uae4c\uc694?\n\ubb34\uc640 \uace0\uad6c\ub9c8\ub294 \uc720\uba85\ud55c \ubfcc\ub9ac\uc2dd\ubb3c\ub85c \uc54c\ub824\uc838 \uc788\uc2b5\ub2c8\ub2e4. \ubb34\uc640 \uace0\uad6c\ub9c8\uc640 \uac19\uc740 \uc2dd\ubb3c\uc758 \ubfcc\ub9ac\ub294 \uc65c \ub2e4\ub978 \uc2dd\ubb3c\uc758 \ubfcc\ub9ac\ubcf4\ub2e4 \ud074\uae4c\uc694?", "made_date": "2020-04-21", "qr_code": "mainpage/image/qr_code_image/qr_code.png", "ques_concept": "\uc2dd\ubb3c\uc758 \ubfcc\ub9ac\ub294 \uc2dd\ubb3c\uccb4\ub97c \uc9c0\ud0f1\ud574\uc8fc\ub294 \uc5ed\ud560, \ub545\uc73c\ub85c\ubd80\ud130 \ubb3c\uacfc \ubb34\uae30\uc5fc\ub958\ub97c \ud761\uc218\ud558\ub294 \uc5ed\ud560\uc744 \ud558\uba70, \uc591\ubd84\uc744 \uc800\uc7a5\ud558\ub294 \uc5ed\ud560\uc744 \ud55c\ub2e4. "}}, {"model": "mainpage.question", "pk": 6, "fields": {"category": 4, "model_id": "1", "question_name": "\uc0dd\ubb3c\ub2e4\uc591\uc131\uc758 \ub0a0", "discription": "\ub9e4\ub144 5\uc6d4 22\uc77c\uc740 \uad6d\uc81c \uc0dd\ubb3c\ub2e4\uc591\uc131\uc758 \ub0a0\uc774\ub2e4. \uc0dd\ubb3c \ub2e4\uc591\uc131\uc758 \ub0a0\uc740 \uc0dd\ubb3c \ub2e4\uc591\uc131\uc774 \uc0ac\ub77c\uc9c0\ub294 \uac83\uacfc \uadf8\uc5d0 \uc5bd\ud78c \uc5ec\ub7ec \ubb38\uc81c\ub4e4\uc5d0 \ub300\ud55c \uc0ac\ub78c\ub4e4\uc758 \uacbd\uac01\uc2ec\uc744 \uc77c\uae68\uc6b0\uae30 \uc704\ud558\uc5ec \uad6d\uc81c\uc5f0\ud569(UN)\uc774 \uc81c\uc815\ud55c \ub0a0\uc785\ub2c8\ub2e4. \uc0dd\ubb3c\ub2e4\uc591\uc131 \ud611\uc57d\uc774 \ubc1c\ud45c\ub41c 1922\ub144 5\uc6d4 22\uc77c\uc744 \uae30\ub150\ud558\uc5ec \uc815\ud574\uc84c\uc2b5\ub2c8\ub2e4. \uadf8\ub807\ub2e4\uba74 UN\uc774 \uad6d\uc81c\ud611\uc57d\uacfc \uae30\ub150\uc77c\uae4c\uc9c0 \uc81c\uc815\ud558\uba74\uc11c\uae4c\uc9c0 \uc0dd\ubb3c\ub2e4\uc591\uc131\uc758 \uc911\uc694\uc131\uc744 \uac15\uc870\ud558\ub294 \uc774\uc720\ub294 \ubb34\uc5c7\uc77c\uae4c\uc694? \uc0dd\ud0dc\uacc4\uc640 \uc0dd\ubb3c \ub2e4\uc591\uc131\uc5d0 \uad00\ud55c \uc9c0\uc2dd\uc744 \ud65c\uc6a9\ud558\uc5ec \uc790\uc138\ud558\uac8c \uc124\uba85\ud558\uc5ec \ubd05\uc2dc\ub2e4.", "answer": "\uc0dd\ubb3c\ub2e4\uc591\uc131\uc740 \uc0dd\ud0dc\uacc4\uc758 \uc548\uc815\uc801 \uc720\uc9c0\uc5d0 \ud544\uc218\uc801\uc778 \uc694\uc18c\uc774\uae30 \ub54c\ubb38\uc774\ub2e4. \ub610\ud55c \uc0dd\ubb3c\ub2e4\uc591\uc131\uc758 \uc190\uc2e4\uc740 \uc778\ub958\uc758 \ubb38\ud654\uc640 \ubcf5\uc9c0, \ub354 \ub098\uc544\uac00\uc11c \uc778\ub958\uc758 \uc0dd\uc874\uc744 \uc704\ud611\ud560 \uc218 \uc788\uae30 \ub54c\ubb38\uc774\ub2e4.", "image": "mainpage/image/question_image/question_6.png", "hint": "\ubc8c\uc774 \uba78\uc885\ub41c\ub2e4\uba74 \uc6b0\ub9ac\ub294 \uc5b4\ub5bb\uac8c \ub420\uae4c\uc694?\n\uc9c0\uad6c\uc0c1\uc758 \uc5ec\ub7ec \uc0dd\ubb3c\ub4e4\uc758 \uad00\uacc4\ub97c \ud1b5\ud574 \uc0dd\uac01\ud574 \ubcfc\uae4c\uc694?", "made_date": "2020-05-21", "qr_code": "mainpage/image/qr_code_image/qr_code.png", "ques_concept": "\uc0dd\ubb3c\ub2e4\uc591\uc131\uc758 \ub0a0"}}, {"model": "mainpage.question", "pk": 7, "fields": {"category": 4, "model_id": "2", "question_name": "\ud558\ub298 \uc704\uc5d0 \ub5a0 \uc788\ub294 \uad6c\ub984", "discription": "\ud30c\ub780 \ud558\ub298\uc5d0 \uad6c\ub984\uc774 \ub5a0\ub2e4\ub2d9\ub2c8\ub2e4. \uad6c\ub984\uc758 \ubaa8\uc591\uc740 \uc815\ub9d0 \ub2e4\uc591\ud569\ub2c8\ub2e4. \uc5b4\ub5a4 \ub0a0\uc5d0\ub294 \uadc0\uc5ec\uc6b4 \uac15\uc544\uc9c0 \ubaa8\uc591\uc73c\ub85c, \uc5b4\ub5a4 \ub0a0\uc5d0\ub294 \ubb34\uc11c\uc6b4 \ud638\ub791\uc774 \ubaa8\uc591\uc744 \ud560 \ub54c\ub3c4 \uc788\uc2b5\ub2c8\ub2e4. \uad6c\ub984\uc774 \ub9ce\uc544\uc9c0\uba74 \ube44\uac00 \ub0b4\ub9ac\uae30\ub3c4 \ud569\ub2c8\ub2e4. \ud558\ub298\uc5d0 \ub5a0 \uc788\ub294 \uad6c\ub984\uc740 \uc5b4\ub5bb\uac8c \uc0dd\uacbc\uc744\uae4c\uc694? \uacfc\ud559\uc801\uc73c\ub85c \uc124\uba85\ud574 \ubd05\uc2dc\ub2e4. ", "answer": "\uc9c0\ud45c\uba74\uc5d0\uc11c \uac00\uc5f4\ub41c \uacf5\uae30\ub294 \uc704\ub85c \uc62c\ub77c\uac00\uba74\uc11c \ubd80\ud53c\uac00 \uc810\uc810 \ucee4\uc9c0\uace0 \uc628\ub3c4\uac00 \ub0ae\uc544\uc9c0\ub294 \ub2e8\uc5f4\ud33d\ucc3d\uc774 \uc2dc\uc791\ub429\ub2c8\ub2e4. \uc628\ub3c4\uac00 \ub0ae\uc544\uc838\uc11c \uc218\uc99d\uae30\uac00 \uc751\uacb0\ud558\uc5ec \uc791\uc740 \ubb3c\ubc29\uc6b8\uc774\ub098 \uc5bc\uc74c \uc54c\uac31\uc774\uac00 \ub429\ub2c8\ub2e4.", "image": "mainpage/image/question_image/question_7.png", "hint": "\ub545\uc5d0\uc11c \uac00\uc5f4\ub41c \uacf5\uae30\ub294 \ud558\ub298\ub85c \uc62c\ub77c\uac00\uba74 \ubd80\ud53c\uc640 \uc628\ub3c4 \ubcc0\ud654\ub294 \uc5b4\ub5bb\uac8c \ub420\uae4c\uc694?\n\uc628\ub3c4\uac00 \uc810\uc810 \ub0b4\ub824\uac00\uba74 \uc218\uc99d\uae30\uc5d0\ub294 \uc5b4\ub5a4 \ubcc0\ud654\uac00 \uc788\uc744\uae4c\uc694?", "made_date": "2020-05-21", "qr_code": "mainpage/image/qr_code_image/qr_code.png", "ques_concept": "\ud558\ub298 \uc704\uc5d0 \ub5a0 \uc788\ub294 \uad6c\ub984"}}, {"model": "mainpage.question", "pk": 8, "fields": {"category": 4, "model_id": "3", "question_name": "\uc9c0\uad6c\uc758 \uc790\uc804", "discription": "\uc6b0\ub9ac\uac00 \uc0b4\uace0 \uc788\ub294 \uc9c0\uad6c\ub294 \ube44\ub85d \ub290\ub07c\uc9c0 \ubabb\ud558\uc9c0\ub9cc \uc790\uc804\ucd95\uc744 \ub530\ub77c \uc2a4\uc2a4\ub85c \uacc4\uc18d \ub3cc\uace0 \uc788\uc2b5\ub2c8\ub2e4. \uc9c0\uad6c\uac00 \uc6c0\uc9c1\uc774\ub294 \uac83\uc744 \ub290\ub07c\uc9c0\ub294 \ubabb\ud558\uc9c0\ub9cc \ub2e4\ub978 \ub450 \uac00\uc9c0 \ud604\uc0c1\uc73c\ub85c \uc9c0\uad6c\uc758 \uc790\uc804\uc744 \uacbd\ud5d8\ud558\uace0 \uc788\uc2b5\ub2c8\ub2e4. \uc9c0\uad6c\uc758 \uc790\uc804\uc73c\ub85c \uc77c\uc5b4\ub098\ub294 \uc790\uc5f0 \ud604\uc0c1 \ub450 \uac00\uc9c0\ub294 \ubb34\uc5c7\uc77c\uae4c\uc694? ", "answer": "\uc9c0\uad6c\uac00 \uc790\uc804\ud558\uc5ec \ub0ae\uacfc \ubc24\uc774 \uc0dd\uae34\ub2e4. \ud558\ub298\uc758 \ubcc4\uc774 \ud558\ub8e8 \ub3d9\uc548 \uc77c\uc8fc \uc6b4\ub3d9\uc744 \ud55c\ub2e4.", "image": "mainpage/image/question_image/question_8.png", "hint": "\uc9c0\uad6c\uac00 \uc790\uc804\ud558\uc5ec \ud0dc\uc591\uc774 \uc788\ub2e4 \uc5c6\ub2e4\ub97c \ubc18\ubcf5\ud558\uace0 \uc788\uc8e0?\n\ud558\ub298\uc5d0 \ub9ce\uc774 \ubcf4\uc774\ub294 \ubcc4\uacfc \uad00\ub828\uc9c0\uc5b4 \uc0dd\uac01\ud574 \ubcfc\uae4c\uc694?", "made_date": "2020-05-21", "qr_code": "mainpage/image/qr_code_image/qr_code.png", "ques_concept": "\uc9c0\uad6c\uc758 \uc790\uc804"}}, {"model": "mainpage.question", "pk": 9, "fields": {"category": 4, "model_id": "4", "question_name": "\uc800\uae30\uc555\uc5d0\uc11c\uc758 \ub0a0\uc528", "discription": "\ub0a0\uc528 \uc608\ubcf4\ub97c \ub4e4\uc73c\uba74 \uc800\uae30\uc555\uc758 \uc601\ud5a5\uc73c\ub85c \ub0a0\uc528\uac00 \ud750\ub9ac\ub2e4\uace0 \ud569\ub2c8\ub2e4. \ub0a0\uc528\uac00 \ud750\ub9ac\ub2e4\ub294 \uac83\uc740 \ud558\ub298\uc5d0 \uad6c\ub984\uc774 \uc788\ub2e4\ub294 \uac83\uc744 \uc758\ubbf8\ud558\uc8e0. \uc65c \uc800\uae30\uc555\uc5d0\uc11c\ub294 \uc65c \ub9d1\uc9c0 \uc54a\uace0 \ud750\ub9b4\uae4c\uc694?", "answer": "\uae30\uc555\uc774 \ub0ae\uc740 \uc800\uae30\uc555\uc9c0\uc5ed\uc5d0\ub294 \uc0c1\uc2b9\uae30\ub958\uac00 \ubc1c\uc0dd\ud55c\ub2e4. \uacf5\uae30\uac00 \uc0c1\uc2b9\ud558\uba74 \ubd80\ud53c\uac00 \ub298\uc5b4\ub098\uace0 \uc628\ub3c4\uac00 \ub5a8\uc5b4\uc9c0\ub294 \ub2e8\uc5f4\ud33d\ucc3d\uc774 \uc77c\uc5b4\ub09c\ub2e4. \uc628\ub3c4\uac00 \ub0ae\uc544\uc9c0\uba74 \uacf5\uae30 \uc18d \uc218\uc99d\uae30\ub294 \uc751\uacb0\ud558\uc5ec \uad6c\ub984\uc774 \uc0dd\uc131", "image": "mainpage/image/question_image/question_9.png", "hint": "\uae30\uc555\uc774 \ub0ae\uc740 \uc800\uae30\uc555\uc9c0\uc5ed\uc5d0 \uacf5\uae30 \ud750\ub984\uc740 \uc5b4\ub5a8\uae4c\uc694?\n\uacf5\uae30\uac00 \uc0c1\uc2b9\ud558\uba74 \uc5b4\ub5a4 \ud604\uc0c1\uc774 \uc0dd\uae38\uae4c\uc694?\n\uc628\ub3c4\uac00 \ub0ae\uc544\uc9c0\uba74 \uacf5\uae30 \uc18d \uc218\uc99d\uae30\ub294 \uc5b4\ub5bb\uac8c \ub420\uae4c\uc694?", "made_date": "2020-05-21", "qr_code": "mainpage/image/qr_code_image/qr_code.png", "ques_concept": "\uc800\uae30\uc555\uc5d0\uc11c\uc758 \ub0a0\uc528"}}, {"model": "mainpage.question", "pk": 10, "fields": {"category": 3, "model_id": "5", "question_name": "\uc2e0\ub77c\uc758 \uc0bc\uad6d\ud1b5\uc77c", "discription": "\uc2e0\ub77c\ub294 \uc911\uad6d\uc758 \ub2f9\ub098\ub77c\uc640 \uc5f0\ud569\ud558\uc5ec \ubc31\uc81c\uc640 \uace0\uad6c\ub824\ub97c \ucc28\ub840\ub85c \uba78\ub9dd\uc2dc\ud0a4\uace0 \uc0bc\uad6d\uc744 \ud1b5\uc77c\ud558\uc600\uc2b5\ub2c8\ub2e4. \uc2e0\ub77c\uac00 \ud1b5\uc77c\uc744 \uc774\ub8ec \ub2f9\uc2dc \ud55c\ubc18\ub3c4\uc758 \ubaa8\uc2b5\uc740 \uadf8\ub9bc\uacfc \uac19\uc2b5\ub2c8\ub2e4. \uc2e0\ub77c\uc758 \uc0bc\uad6d\ud1b5\uc77c\uc774 \uac00\uc9c0\ub294 \uc758\uc758\uc640 \ud55c\uacc4\ub294 \uac01\uac01 \ubb34\uc5c7\uc77c\uae4c\uc694?", "answer": "(\uc758\uc758) \uc0bc\uad6d\uc758 \ubb38\ud654\ub97c \ubaa8\uc544 \ud558\ub098\uc758 \ubbfc\uc871 \ubb38\ud654\ub85c \ubc1c\uc804\uc2dc\ud0ac \uc218 \uc788\ub294 \ud1a0\ub300\ub97c \ub9c8\ub828\ud558\uc600\ub2e4.\n(\ud55c\uacc4) \ub2f9\ub098\ub77c\uc758 \ud798\uc744 \ube4c\ub824 \ud1b5\uc77c\uc744 \ud588\uae30 \ub54c\ubb38\uc5d0 \uace0\uad6c\ub824\uc758 \uc601\ud1a0 \ub300\ubd80\ubd84\uc744 \uc783\uac8c \ub418\uc5c8\ub2e4.", "image": "mainpage/image/question_image/question_10.png", "hint": "\uc6d0\ub798 \uace0\uad6c\ub824, \ubc31\uc81c, \uc2e0\ub77c\ub85c \ub098\ub258\uc5b4 \uc788\uc5c8\uc744 \ub54c\uc640 \ud1b5\uc77c\uc774 \ub418\uc5c8\uc744 \ub54c\uc758 \uc601\ud1a0\ub294 \uc5b4\ub5a4 \ucc28\uc774\uac00 \uc788\uc744\uae4c\uc694?", "made_date": "2020-05-21", "qr_code": "mainpage/image/qr_code_image/qr_code.png", "ques_concept": "\uc2e0\ub77c\uc758 \uc0bc\uad6d\ud1b5\uc77c"}}, {"model": "mainpage.studysolvedata", "pk": 1, "fields": {"question": 1, "school": "\ucd08\ub4f1\ud559\uad50", "gender": "\ub0a8", "response": "\ud30c\ub780\uc0c9 \uc804\uad6c\ub4e4\uacfc \ube68\uac04\uc0c9 \uc804\uad6c\ub4e4\uc740 \ubcd1\ub82c\ub85c \uc5f0\uacb0\ub418\uc5b4 \ud30c\ub780\uc0c9 \uc804\uad6c \ud558\ub098\uac00 \uace0\uc7a5\ub098\ub354\ub77c\ub3c4 \ubcd1\ub82c\ub85c \uc5f0\uacb0\ub41c \ub2e4\ub978 \uc904\uc758 \ube68\uac04\uc0c9 \uc804\uad6c\ub4e4\uc5d0\ub294 \uc804\ub958\uac00 \ud750\ub97c \uc218 \uc788\uc5c8\uae30 \ub54c\ubb38\uc774\ub2e4.", "score": "0.00", "submit_date": "2020-04-11"}}, {"model": "mainpage.studysolvedata", "pk": 2, "fields": {"question": 2, "school": "\uc911\ud559\uad50", "gender": "\uc5ec", "response": "\uc561\uccb4\uc5d0\uc11c\ub294 \ub530\ub73b\ud55c \uc561\uccb4\uac00 \uc704\ub85c \uc62c\ub77c\uac00\uace0, \ucc28\uac00\uc6b4 \uc561\uccb4\uac00 \uc544\ub798\ub85c \ub0b4\ub824\uac00\uba70 \uc5f4\uc774 \uc804\ub2ec\ub41c\ub2e4. \uadf8\ub7ec\ubbc0\ub85c \ub728\uac70\uc6b4 \ubb3c\uc744 \uba3c\uc800 \ud2b9\uace0 \ub098\uc911\uc5d0 \ucc28\uac00\uc6b4 \ubb3c\uc744 \ud2c0\uc5b4\uc57c \uc544\ub798\uc5d0 \uc788\ub294 \ub728\uac70\uc6b4 \ubb3c\uc774 \uc704\ub85c \uc62c\ub77c\uac00\uba74\uc11c \ub728\uac70\uc6b4 \ubb3c\uacfc \ucc28\uac00\uc6b4 \ubb3c\uc774 \uace8\uace0\ub8e8 \uc11e\uc77c \uc218 \uc788\uac8c \ub41c\ub2e4.", "score": "2.00", "submit_date": "2020-04-12"}}, {"model": "mainpage.studysolvedata", "pk": 3, "fields": {"question": 3, "school": "\ucd08\ub4f1\ud559\uad50", "gender": "\ub0a8", "response": "\ubb3c\uc9c8\uc758 \uc0c1\ud0dc\uac00 \ubcc0\ud560 \ub54c \ubb3c\uc9c8\uc744 \uc774\ub8e8\ub294 \uc785\uc790\uc758 \uc885\ub958\uc640 \uac1c\uc218\ub294 \ubcc0\ud558\uc9c0 \uc54a\uace0 \uc785\uc790\uc758 \ubc30\uc5f4\ub9cc \ub2ec\ub77c\uc9d1\ub2c8\ub2e4.", "score": "1.00", "submit_date": "2020-04-12"}}, {"model": "mainpage.studysolvedata", "pk": 4, "fields": {"question": 4, "school": "\uace0\ub4f1\ud559\uad50", "gender": "\uc5ec", "response": "\ub098\ub77c\ub9c8\ub2e4 \uac00\uc9c4 \uc790\uc6d0\uc774 \ub2e4\ub974\uae30 \ub54c\ubb38\uc785\ub2c8\ub2e4.", "score": "3.00", "submit_date": "2020-04-14"}}, {"model": "mainpage.studysolvedata", "pk": 5, "fields": {"question": 5, "school": "\uace0\ub4f1\ud559\uad50", "gender": "\ub0a8", "response": "\uc2dd\ubb3c\uc758 \ubfcc\ub9ac\ub294 \uc2dd\ubb3c\uccb4\ub97c \uc9c0\uc9c0 \ubc0f \uace0\uc815\ud574\uc8fc\ub294 \uc5ed\ud560, \uc591\ubd84\uc744 \uc800\uc7a5\ud558\ub294 \uc5ed\ud560, \ud1a0\uc591\uc18d\uc758 \ubb3c\uacfc \ubb34\uae30\uc5fc\ub958\ub97c \uc2dd\ubb3c\uccb4\ub85c \uc774\ub3d9\uc2dc\ud0a4\ub294 \uc5ed\ud560\uc744 \ud55c\ub2e4. ", "score": "1.00", "submit_date": "2020-04-15"}}, {"model": "mainpage.studysolvedata", "pk": 6, "fields": {"question": 1, "school": "\ucd08\ub4f1\ud559\uad50", "gender": "\ub0a8", "response": "\ubb3c\uc9c8\uc758 \uc0c1\ud0dc\uac00 \ubcc0\ud560 \ub54c \ubb3c\uc9c8\uc744 \uc774\ub8e8\ub294 \uc785\uc790\uc758 \uc885\ub958\uc640 \uac1c\uc218\ub294 \ubcc0\ud558\uc9c0 \uc54a\uace0 \uc785\uc790\uc758 \ubc30\uc5f4\ub9cc \ub2ec\ub77c\uc9d1\ub2c8\ub2e4.", "score": "1.00", "submit_date": "2020-05-01"}}, {"model": "mainpage.studysolvedata", "pk": 7, "fields": {"question": 2, "school": "\uc911\ud559\uad50", "gender": "\uc5ec", "response": "\ub098\ub77c\ub9c8\ub2e4 \uac00\uc9c4 \uc790\uc6d0\uc774 \ub2e4\ub974\uae30 \ub54c\ubb38\uc785\ub2c8\ub2e4.", "score": "3.00", "submit_date": "2020-05-02"}}, {"model": "mainpage.studysolvedata", "pk": 8, "fields": {"question": 3, "school": "\ucd08\ub4f1\ud559\uad50", "gender": "\ub0a8", "response": "\uc2dd\ubb3c\uc758 \ubfcc\ub9ac\ub294 \uc2dd\ubb3c\uccb4\ub97c \uc9c0\uc9c0 \ubc0f \uace0\uc815\ud574\uc8fc\ub294 \uc5ed\ud560, \uc591\ubd84\uc744 \uc800\uc7a5\ud558\ub294 \uc5ed\ud560, \ud1a0\uc591\uc18d\uc758 \ubb3c\uacfc \ubb34\uae30\uc5fc\ub958\ub97c \uc2dd\ubb3c\uccb4\ub85c \uc774\ub3d9\uc2dc\ud0a4\ub294 \uc5ed\ud560\uc744 \ud55c\ub2e4. ", "score": "1.00", "submit_date": "2020-05-03"}}, {"model": "mainpage.studysolvedata", "pk": 9, "fields": {"question": 4, "school": "\uace0\ub4f1\ud559\uad50", "gender": "\uc5ec", "response": "\ub098\ub77c\ub9c8\ub2e4 \uac00\uc9c4 \uc790\uc6d0\uc774 \ub2e4\ub974\uae30 \ub54c\ubb38\uc785\ub2c8\ub2e4.", "score": "3.00", "submit_date": "2020-05-04"}}, {"model": "mainpage.studysolvedata", "pk": 10, "fields": {"question": 5, "school": "\uace0\ub4f1\ud559\uad50", "gender": "\ub0a8", "response": "\uc2dd\ubb3c\uc758 \ubfcc\ub9ac\ub294 \uc2dd\ubb3c\uccb4\ub97c \uc9c0\uc9c0 \ubc0f \uace0\uc815\ud574\uc8fc\ub294 \uc5ed\ud560, \uc591\ubd84\uc744 \uc800\uc7a5\ud558\ub294 \uc5ed\ud560, \ud1a0\uc591\uc18d\uc758 \ubb3c\uacfc \ubb34\uae30\uc5fc\ub958\ub97c \uc2dd\ubb3c\uccb4\ub85c \uc774\ub3d9\uc2dc\ud0a4\ub294 \uc5ed\ud560\uc744 \ud55c\ub2e4. ", "score": "1.00", "submit_date": "2020-05-05"}}, {"model": "mainpage.keyword", "pk": 1, "fields": {"question": 1, "keyword_name": "\uc804\uae30\ud68c\ub85c"}}, {"model": "mainpage.keyword", "pk": 2, "fields": {"question": 1, "keyword_name": "\uc804\ub958"}}, {"model": "mainpage.keyword", "pk": 3, "fields": {"question": 1, "keyword_name": "\uc800\ud56d"}}, {"model": "mainpage.keyword", "pk": 4, "fields": {"question": 1, "keyword_name": "\uc804\uae30\uc758 \uc774\uc6a9"}}, {"model": "mainpage.keyword", "pk": 5, "fields": {"question": 1, "keyword_name": "\uc804\uae30\uc640 \uc790\uae30"}}, {"model": "mainpage.keyword", "pk": 6, "fields": {"question": 2, "keyword_name": "\uc628\ub3c4"}}, {"model": "mainpage.keyword", "pk": 7, "fields": {"question": 2, "keyword_name": "\ub300\ub958"}}, {"model": "mainpage.keyword", "pk": 8, "fields": {"question": 2, "keyword_name": "\uc5f4\uc758 \uc774\ub3d9 \ubc29\uc2dd"}}, {"model": "mainpage.keyword", "pk": 9, "fields": {"question": 2, "keyword_name": "\uc628\ub3c4\uc640 \uc5f4"}}, {"model": "mainpage.keyword", "pk": 10, "fields": {"question": 2, "keyword_name": "\uc5f4\uacfc \uc6b0\ub9ac \uc0dd\ud65c"}}, {"model": "mainpage.keyword", "pk": 11, "fields": {"question": 3, "keyword_name": "\ubb3c\uc9c8\uc758 \uc0c1\ud0dc"}}, {"model": "mainpage.keyword", "pk": 12, "fields": {"question": 3, "keyword_name": "\uc785\uc790 \ubc30\uc5f4"}}, {"model": "mainpage.keyword", "pk": 13, "fields": {"question": 4, "keyword_name": "\ubb34\uc5ed"}}, {"model": "mainpage.keyword", "pk": 14, "fields": {"question": 4, "keyword_name": "\uc218\ucd9c"}}, {"model": "mainpage.keyword", "pk": 15, "fields": {"question": 4, "keyword_name": "\uc218\uc785"}}, {"model": "mainpage.keyword", "pk": 16, "fields": {"question": 4, "keyword_name": "\uacbd\uc81c\uc801 \uad50\ub958"}}, {"model": "mainpage.keyword", "pk": 17, "fields": {"question": 5, "keyword_name": "\uc2dd\ubaa9\uc77c"}}, {"model": "mainpage.keyword", "pk": 18, "fields": {"question": 5, "keyword_name": "\uc2dd\ubb3c"}}, {"model": "mainpage.keyword", "pk": 19, "fields": {"question": 5, "keyword_name": "\ub098\ubb34"}}, {"model": "mainpage.keyword", "pk": 20, "fields": {"question": 5, "keyword_name": "\ubfcc\ub9ac"}}, {"model": "mainpage.keyword", "pk": 21, "fields": {"question": 5, "keyword_name": "\uae30\ub2a5"}}, {"model": "mainpage.keyword", "pk": 22, "fields": {"question": 6, "keyword_name": "\uc0dd\ubb3c\ub2e4\uc591\uc131\uc758 \ub0a0"}}, {"model": "mainpage.keyword", "pk": 23, "fields": {"question": 6, "keyword_name": "\uc0dd\ud0dc\uacc4"}}, {"model": "mainpage.keyword", "pk": 24, "fields": {"question": 6, "keyword_name": "\uc0dd\ubb3c\ub2e4\uc591\uc131"}}, {"model": "mainpage.keyword", "pk": 25, "fields": {"question": 7, "keyword_name": "\ub2e8\uc5f4\ud33d\ucc3d"}}, {"model": "mainpage.keyword", "pk": 26, "fields": {"question": 7, "keyword_name": "\uad6c\ub984\uc0dd\uc131"}}, {"model": "mainpage.keyword", "pk": 27, "fields": {"question": 7, "keyword_name": "\uae30\uc555"}}, {"model": "mainpage.keyword", "pk": 28, "fields": {"question": 7, "keyword_name": "\uc628\ub3c4\ubcc0\ud654"}}, {"model": "mainpage.keyword", "pk": 29, "fields": {"question": 7, "keyword_name": "\uc218\uc99d\uae30"}}, {"model": "mainpage.keyword", "pk": 30, "fields": {"question": 7, "keyword_name": "\uc751\uacb0"}}, {"model": "mainpage.keyword", "pk": 31, "fields": {"question": 8, "keyword_name": "\uc9c0\uad6c \uc790\uc804"}}, {"model": "mainpage.keyword", "pk": 32, "fields": {"question": 8, "keyword_name": "\uc77c\uc8fc\uc6b4\ub3d9"}}, {"model": "mainpage.keyword", "pk": 33, "fields": {"question": 8, "keyword_name": "\ub0ae\uacfc \ubc24"}}, {"model": "mainpage.keyword", "pk": 34, "fields": {"question": 8, "keyword_name": "\ud0dc\uc591"}}, {"model": "mainpage.keyword", "pk": 35, "fields": {"question": 10, "keyword_name": "\uc2e0\ub77c"}}, {"model": "mainpage.keyword", "pk": 36, "fields": {"question": 10, "keyword_name": "\uc0bc\uad6d\ud1b5\uc77c"}}, {"model": "mainpage.keyword", "pk": 37, "fields": {"question": 10, "keyword_name": "\ub098\ub2f9\uc5f0\ud569"}}, {"model": "mainpage.assignmentquestionrel", "pk": 1, "fields": {"assignment": "546A5N3Q", "question": 1}}, {"model": "mainpage.assignmentquestionrel", "pk": 2, "fields": {"assignment": "546A5N3Q", "question": 2}}, {"model": "mainpage.assignmentquestionrel", "pk": 3, "fields": {"assignment": "546A5N3Q", "question": 3}}, {"model": "mainpage.assignmentquestionrel", "pk": 4, "fields": {"assignment": "3SD533J2", "question": 4}}, {"model": "mainpage.assignmentquestionrel", "pk": 5, "fields": {"assignment": "3SD533J2", "question": 5}}, {"model": "mainpage.assignmentquestionrel", "pk": 6, "fields": {"assignment": "3SD533J2", "question": 6}}, {"model": "mainpage.assignmentquestionrel", "pk": 7, "fields": {"assignment": "SAD34WD2", "question": 7}}, {"model": "mainpage.assignmentquestionrel", "pk": 8, "fields": {"assignment": "SAD34WD2", "question": 8}}, {"model": "mainpage.assignmentquestionrel", "pk": 9, "fields": {"assignment": "SAD34WD2", "question": 9}}, {"model": "mainpage.assignmentquestionrel", "pk": 10, "fields": {"assignment": "4SADCVS2", "question": 10}}, {"model": "mainpage.assignmentquestionrel", "pk": 11, "fields": {"assignment": "4SADCVS2", "question": 1}}, {"model": "mainpage.assignmentquestionrel", "pk": 12, "fields": {"assignment": "4SADCVS2", "question": 2}}, {"model": "mainpage.assignmentquestionrel", "pk": 13, "fields": {"assignment": "24FE7OES", "question": 3}}, {"model": "mainpage.assignmentquestionrel", "pk": 14, "fields": {"assignment": "24FE7OES", "question": 4}}, {"model": "mainpage.assignmentquestionrel", "pk": 15, "fields": {"assignment": "24FE7OES", "question": 5}}, {"model": "mainpage.assignmentquestionrel", "pk": 16, "fields": {"assignment": "83SADK9D", "question": 6}}, {"model": "mainpage.assignmentquestionrel", "pk": 17, "fields": {"assignment": "83SADK9D", "question": 7}}, {"model": "mainpage.assignmentquestionrel", "pk": 18, "fields": {"assignment": "83SADK9D", "question": 8}}, {"model": "mainpage.assignmentquestionrel", "pk": 19, "fields": {"assignment": "37ASJKE3", "question": 9}}, {"model": "mainpage.assignmentquestionrel", "pk": 20, "fields": {"assignment": "37ASJKE3", "question": 10}}, {"model": "mainpage.assignmentquestionrel", "pk": 21, "fields": {"assignment": "37ASJKE3", "question": 1}}, {"model": "mainpage.assignmentquestionrel", "pk": 22, "fields": {"assignment": "518KPZ67", "question": 2}}, {"model": "mainpage.assignmentquestionrel", "pk": 23, "fields": {"assignment": "518KPZ67", "question": 3}}, {"model": "mainpage.assignmentquestionrel", "pk": 24, "fields": {"assignment": "518KPZ67", "question": 4}}, {"model": "mainpage.assignmentquestionrel", "pk": 25, "fields": {"assignment": "354VK3LK", "question": 5}}, {"model": "mainpage.assignmentquestionrel", "pk": 26, "fields": {"assignment": "354VK3LK", "question": 6}}, {"model": "mainpage.assignmentquestionrel", "pk": 27, "fields": {"assignment": "354VK3LK", "question": 7}}, {"model": "mainpage.solve", "pk": 1, "fields": {"as_qurel": 1, "student_id": 20183471, "submit_date": "2020-04-15", "response": "\ud30c\ub780\uc0c9 \uc804\uad6c\ub4e4\uacfc \ube68\uac04\uc0c9 \uc804\uad6c\ub4e4\uc740 \ubcd1\ub82c\ub85c \uc5f0\uacb0\ub418\uc5b4 \ud30c\ub780\uc0c9 \uc804\uad6c \ud558\ub098\uac00 \uace0\uc7a5\ub098\ub354\ub77c\ub3c4 \ubcd1\ub82c\ub85c \uc5f0\uacb0\ub41c \ub2e4\ub978 \uc904\uc758 \ube68\uac04\uc0c9 \uc804\uad6c\ub4e4\uc5d0\ub294 \uc804\ub958\uac00 \ud750\ub97c \uc218 \uc788\uc5c8\uae30 \ub54c\ubb38\uc774\ub2e4.", "score": "0.00", "student_name": "\uac00\ub098\ub2e4"}}, {"model": "mainpage.solve", "pk": 2, "fields": {"as_qurel": 2, "student_id": 20183472, "submit_date": "2020-04-16", "response": "\ud30c\ub780\uc0c9 \uc804\uad6c\ub4e4\uacfc \ube68\uac04\uc0c9 \uc804\uad6c\ub4e4\uc740 \ubcd1\ub82c\ub85c \uc5f0\uacb0\ub418\uc5b4 \ud30c\ub780\uc0c9 \uc804\uad6c \ud558\ub098\uac00 \uace0\uc7a5\ub098\ub354\ub77c\ub3c4 \ubcd1\ub82c\ub85c \uc5f0\uacb0\ub41c \ub2e4\ub978 \uc904\uc758 \ube68\uac04\uc0c9 \uc804\uad6c\ub4e4\uc5d0\ub294 \uc804\ub958\uac00 \ud750\ub97c \uc218 \uc788\uc5c8\uae30 \ub54c\ubb38\uc774\ub2e4.", "score": "2.00", "student_name": "\ub77c\ub9c8\ubc14"}}, {"model": "mainpage.solve", "pk": 3, "fields": {"as_qurel": 3, "student_id": 20183473, "submit_date": "2020-04-17", "response": "\ud30c\ub780\uc0c9 \uc804\uad6c\ub4e4\uacfc \ube68\uac04\uc0c9 \uc804\uad6c\ub4e4\uc740 \ubcd1\ub82c\ub85c \uc5f0\uacb0\ub418\uc5b4 \ud30c\ub780\uc0c9 \uc804\uad6c \ud558\ub098\uac00 \uace0\uc7a5\ub098\ub354\ub77c\ub3c4 \ubcd1\ub82c\ub85c \uc5f0\uacb0\ub41c \ub2e4\ub978 \uc904\uc758 \ube68\uac04\uc0c9 \uc804\uad6c\ub4e4\uc5d0\ub294 \uc804\ub958\uac00 \ud750\ub97c \uc218 \uc788\uc5c8\uae30 \ub54c\ubb38\uc774\ub2e4.", "score": "2.00", "student_name": "\uc0ac\uc544\uc790"}}, {"model": "mainpage.solve", "pk": 4, "fields": {"as_qurel": 4, "student_id": 20183471, "submit_date": "2020-04-15", "response": "\uc561\uccb4\uc5d0\uc11c\ub294 \ub530\ub73b\ud55c \uc561\uccb4\uac00 \uc704\ub85c \uc62c\ub77c\uac00\uace0, \ucc28\uac00\uc6b4 \uc561\uccb4\uac00 \uc544\ub798\ub85c \ub0b4\ub824\uac00\uba70 \uc5f4\uc774 \uc804\ub2ec\ub41c\ub2e4. \uadf8\ub7ec\ubbc0\ub85c \ub728\uac70\uc6b4 \ubb3c\uc744 \uba3c\uc800 \ud2b9\uace0 \ub098\uc911\uc5d0 \ucc28\uac00\uc6b4 \ubb3c\uc744 \ud2c0\uc5b4\uc57c \uc544\ub798\uc5d0 \uc788\ub294 \ub728\uac70\uc6b4 \ubb3c\uc774 \uc704\ub85c \uc62c\ub77c\uac00\uba74\uc11c \ub728\uac70\uc6b4 \ubb3c\uacfc \ucc28\uac00\uc6b4 \ubb3c\uc774 \uace8\uace0\ub8e8 \uc11e\uc77c \uc218 \uc788\uac8c \ub41c\ub2e4.", "score": "2.00", "student_name": "\uac00\ub098\ub2e4"}}, {"model": "mainpage.solve", "pk": 5, "fields": {"as_qurel": 5, "student_id": 20183472, "submit_date": "2020-04-16", "response": "\uc561\uccb4\uc5d0\uc11c\ub294 \ub530\ub73b\ud55c \uc561\uccb4\uac00 \uc704\ub85c \uc62c\ub77c\uac00\uace0, \ucc28\uac00\uc6b4 \uc561\uccb4\uac00 \uc544\ub798\ub85c \ub0b4\ub824\uac00\uba70 \uc5f4\uc774 \uc804\ub2ec\ub41c\ub2e4. \uadf8\ub7ec\ubbc0\ub85c \ub728\uac70\uc6b4 \ubb3c\uc744 \uba3c\uc800 \ud2b9\uace0 \ub098\uc911\uc5d0 \ucc28\uac00\uc6b4 \ubb3c\uc744 \ud2c0\uc5b4\uc57c \uc544\ub798\uc5d0 \uc788\ub294 \ub728\uac70\uc6b4 \ubb3c\uc774 \uc704\ub85c \uc62c\ub77c\uac00\uba74\uc11c \ub728\uac70\uc6b4 \ubb3c\uacfc \ucc28\uac00\uc6b4 \ubb3c\uc774 \uace8\uace0\ub8e8 \uc11e\uc77c \uc218 \uc788\uac8c \ub41c\ub2e4.", "score": "3.00", "student_name": "\ub77c\ub9c8\ubc14"}}, {"model": "mainpage.solve", "pk": 6, "fields": {"as_qurel": 6, "student_id": 20183473, "submit_date": "2020-04-17", "response": "\uc561\uccb4\uc5d0\uc11c\ub294 \ub530\ub73b\ud55c \uc561\uccb4\uac00 \uc704\ub85c \uc62c\ub77c\uac00\uace0, \ucc28\uac00\uc6b4 \uc561\uccb4\uac00 \uc544\ub798\ub85c \ub0b4\ub824\uac00\uba70 \uc5f4\uc774 \uc804\ub2ec\ub41c\ub2e4. \uadf8\ub7ec\ubbc0\ub85c \ub728\uac70\uc6b4 \ubb3c\uc744 \uba3c\uc800 \ud2b9\uace0 \ub098\uc911\uc5d0 \ucc28\uac00\uc6b4 \ubb3c\uc744 \ud2c0\uc5b4\uc57c \uc544\ub798\uc5d0 \uc788\ub294 \ub728\uac70\uc6b4 \ubb3c\uc774 \uc704\ub85c \uc62c\ub77c\uac00\uba74\uc11c \ub728\uac70\uc6b4 \ubb3c\uacfc \ucc28\uac00\uc6b4 \ubb3c\uc774 \uace8\uace0\ub8e8 \uc11e\uc77c \uc218 \uc788\uac8c \ub41c\ub2e4.", "score": "2.00", "student_name": "\uc0ac\uc544\uc790"}}, {"model": "mainpage.solve", "pk": 7, "fields": {"as_qurel": 7, "student_id": 20183471, "submit_date": "2020-04-15", "response": "\ubb3c\uc9c8\uc758 \uc0c1\ud0dc\uac00 \ubcc0\ud560 \ub54c \ubb3c\uc9c8\uc744 \uc774\ub8e8\ub294 \uc785\uc790\uc758 \uc885\ub958\uc640 \uac1c\uc218\ub294 \ubcc0\ud558\uc9c0 \uc54a\uace0 \uc785\uc790\uc758 \ubc30\uc5f4\ub9cc \ub2ec\ub77c\uc9d1\ub2c8\ub2e4.", "score": "1.00", "student_name": "\uac00\ub098\ub2e4"}}, {"model": "mainpage.solve", "pk": 8, "fields": {"as_qurel": 8, "student_id": 20183472, "submit_date": "2020-04-16", "response": "\ubb3c\uc9c8\uc758 \uc0c1\ud0dc\uac00 \ubcc0\ud560 \ub54c \ubb3c\uc9c8\uc744 \uc774\ub8e8\ub294 \uc785\uc790\uc758 \uc885\ub958\uc640 \uac1c\uc218\ub294 \ubcc0\ud558\uc9c0 \uc54a\uace0 \uc785\uc790\uc758 \ubc30\uc5f4\ub9cc \ub2ec\ub77c\uc9d1\ub2c8\ub2e4.", "score": "1.00", "student_name": "\ub77c\ub9c8\ubc14"}}, {"model": "mainpage.solve", "pk": 9, "fields": {"as_qurel": 9, "student_id": 20183473, "submit_date": "2020-04-17", "response": "\ubb3c\uc9c8\uc758 \uc0c1\ud0dc\uac00 \ubcc0\ud560 \ub54c \ubb3c\uc9c8\uc744 \uc774\ub8e8\ub294 \uc785\uc790\uc758 \uc885\ub958\uc640 \uac1c\uc218\ub294 \ubcc0\ud558\uc9c0 \uc54a\uace0 \uc785\uc790\uc758 \ubc30\uc5f4\ub9cc \ub2ec\ub77c\uc9d1\ub2c8\ub2e4.", "score": "1.00", "student_name": "\uc0ac\uc544\uc790"}}, {"model": "mainpage.solve", "pk": 10, "fields": {"as_qurel": 10, "student_id": 20183476, "submit_date": "2020-04-16", "response": "(\uc758\uc758) \uc0bc\uad6d\uc758 \ubb38\ud654\ub97c \ubaa8\uc544 \ud558\ub098\uc758 \ubbfc\uc871 \ubb38\ud654\ub85c \ubc1c\uc804\uc2dc\ud0ac \uc218 \uc788\ub294 \ud1a0\ub300\ub97c \ub9c8\ub828\ud558\uc600\ub2e4. (\ud55c\uacc4) \ub2f9\ub098\ub77c\uc758 \ud798\uc744 \ube4c\ub824 \ud1b5\uc77c\uc744 \ud588\uae30 \ub54c\ubb38\uc5d0 \uace0\uad6c\ub824\uc758 \uc601\ud1a0 \ub300\ubd80\ubd84\uc744 \uc783\uac8c \ub418\uc5c8\ub2e4.", "score": "3.00", "student_name": "\uce74\ud30c\ud558"}}, {"model": "mainpage.solve", "pk": 11, "fields": {"as_qurel": 11, "student_id": 20183472, "submit_date": "2020-04-15", "response": "(\uc758\uc758) \uc0bc\uad6d\uc758 \ubb38\ud654\ub97c \ubaa8\uc544 \ud558\ub098\uc758 \ubbfc\uc871 \ubb38\ud654\ub85c \ubc1c\uc804\uc2dc\ud0ac \uc218 \uc788\ub294 \ud1a0\ub300\ub97c \ub9c8\ub828\ud558\uc600\ub2e4. (\ud55c\uacc4) \ub2f9\ub098\ub77c\uc758 \ud798\uc744 \ube4c\ub824 \ud1b5\uc77c\uc744 \ud588\uae30 \ub54c\ubb38\uc5d0 \uace0\uad6c\ub824\uc758 \uc601\ud1a0 \ub300\ubd80\ubd84\uc744 \uc783\uac8c \ub418\uc5c8\ub2e4.", "score": "2.00", "student_name": "\uac00\ud30c\ud558"}}, {"model": "mainpage.solve", "pk": 12, "fields": {"as_qurel": 12, "student_id": 20183471, "submit_date": "2020-04-17", "response": "(\uc758\uc758) \uc0bc\uad6d\uc758 \ubb38\ud654\ub97c \ubaa8\uc544 \ud558\ub098\uc758 \ubbfc\uc871 \ubb38\ud654\ub85c \ubc1c\uc804\uc2dc\ud0ac \uc218 \uc788\ub294 \ud1a0\ub300\ub97c \ub9c8\ub828\ud558\uc600\ub2e4. (\ud55c\uacc4) \ub2f9\ub098\ub77c\uc758 \ud798\uc744 \ube4c\ub824 \ud1b5\uc77c\uc744 \ud588\uae30 \ub54c\ubb38\uc5d0 \uace0\uad6c\ub824\uc758 \uc601\ud1a0 \ub300\ubd80\ubd84\uc744 \uc783\uac8c \ub418\uc5c8\ub2e4.", "score": "1.00", "student_name": "\ud558\ucd94\ud558"}}, {"model": "auth.permission", "pk": 1, "fields": {"name": "Can add log entry", "content_type": 1, "codename": "add_logentry"}}, {"model": "auth.permission", "pk": 2, "fields": {"name": "Can change log entry", "content_type": 1, "codename": "change_logentry"}}, {"model": "auth.permission", "pk": 3, "fields": {"name": "Can delete log entry", "content_type": 1, "codename": "delete_logentry"}}, {"model": "auth.permission", "pk": 4, "fields": {"name": "Can view log entry", "content_type": 1, "codename": "view_logentry"}}, {"model": "auth.permission", "pk": 5, "fields": {"name": "Can add permission", "content_type": 2, "codename": "add_permission"}}, {"model": "auth.permission", "pk": 6, "fields": {"name": "Can change permission", "content_type": 2, "codename": "change_permission"}}, {"model": "auth.permission", "pk": 7, "fields": {"name": "Can delete permission", "content_type": 2, "codename": "delete_permission"}}, {"model": "auth.permission", "pk": 8, "fields": {"name": "Can view permission", "content_type": 2, "codename": "view_permission"}}, {"model": "auth.permission", "pk": 9, "fields": {"name": "Can add group", "content_type": 3, "codename": "add_group"}}, {"model": "auth.permission", "pk": 10, "fields": {"name": "Can change group", "content_type": 3, "codename": "change_group"}}, {"model": "auth.permission", "pk": 11, "fields": {"name": "Can delete group", "content_type": 3, "codename": "delete_group"}}, {"model": "auth.permission", "pk": 12, "fields": {"name": "Can view group", "content_type": 3, "codename": "view_group"}}, {"model": "auth.permission", "pk": 13, "fields": {"name": "Can add user", "content_type": 4, "codename": "add_user"}}, {"model": "auth.permission", "pk": 14, "fields": {"name": "Can change user", "content_type": 4, "codename": "change_user"}}, {"model": "auth.permission", "pk": 15, "fields": {"name": "Can delete user", "content_type": 4, "codename": "delete_user"}}, {"model": "auth.permission", "pk": 16, "fields": {"name": "Can view user", "content_type": 4, "codename": "view_user"}}, {"model": "auth.permission", "pk": 17, "fields": {"name": "Can add content type", "content_type": 5, "codename": "add_contenttype"}}, {"model": "auth.permission", "pk": 18, "fields": {"name": "Can change content type", "content_type": 5, "codename": "change_contenttype"}}, {"model": "auth.permission", "pk": 19, "fields": {"name": "Can delete content type", "content_type": 5, "codename": "delete_contenttype"}}, {"model": "auth.permission", "pk": 20, "fields": {"name": "Can view content type", "content_type": 5, "codename": "view_contenttype"}}, {"model": "auth.permission", "pk": 21, "fields": {"name": "Can add session", "content_type": 6, "codename": "add_session"}}, {"model": "auth.permission", "pk": 22, "fields": {"name": "Can change session", "content_type": 6, "codename": "change_session"}}, {"model": "auth.permission", "pk": 23, "fields": {"name": "Can delete session", "content_type": 6, "codename": "delete_session"}}, {"model": "auth.permission", "pk": 24, "fields": {"name": "Can view session", "content_type": 6, "codename": "view_session"}}, {"model": "auth.permission", "pk": 25, "fields": {"name": "Can add assignment", "content_type": 7, "codename": "add_assignment"}}, {"model": "auth.permission", "pk": 26, "fields": {"name": "Can change assignment", "content_type": 7, "codename": "change_assignment"}}, {"model": "auth.permission", "pk": 27, "fields": {"name": "Can delete assignment", "content_type": 7, "codename": "delete_assignment"}}, {"model": "auth.permission", "pk": 28, "fields": {"name": "Can view assignment", "content_type": 7, "codename": "view_assignment"}}, {"model": "auth.permission", "pk": 29, "fields": {"name": "Can add assignment question rel", "content_type": 8, "codename": "add_assignmentquestionrel"}}, {"model": "auth.permission", "pk": 30, "fields": {"name": "Can change assignment question rel", "content_type": 8, "codename": "change_assignmentquestionrel"}}, {"model": "auth.permission", "pk": 31, "fields": {"name": "Can delete assignment question rel", "content_type": 8, "codename": "delete_assignmentquestionrel"}}, {"model": "auth.permission", "pk": 32, "fields": {"name": "Can view assignment question rel", "content_type": 8, "codename": "view_assignmentquestionrel"}}, {"model": "auth.permission", "pk": 33, "fields": {"name": "Can add category", "content_type": 9, "codename": "add_category"}}, {"model": "auth.permission", "pk": 34, "fields": {"name": "Can change category", "content_type": 9, "codename": "change_category"}}, {"model": "auth.permission", "pk": 35, "fields": {"name": "Can delete category", "content_type": 9, "codename": "delete_category"}}, {"model": "auth.permission", "pk": 36, "fields": {"name": "Can view category", "content_type": 9, "codename": "view_category"}}, {"model": "auth.permission", "pk": 37, "fields": {"name": "Can add make question", "content_type": 10, "codename": "add_makequestion"}}, {"model": "auth.permission", "pk": 38, "fields": {"name": "Can change make question", "content_type": 10, "codename": "change_makequestion"}}, {"model": "auth.permission", "pk": 39, "fields": {"name": "Can delete make question", "content_type": 10, "codename": "delete_makequestion"}}, {"model": "auth.permission", "pk": 40, "fields": {"name": "Can view make question", "content_type": 10, "codename": "view_makequestion"}}, {"model": "auth.permission", "pk": 41, "fields": {"name": "Can add question", "content_type": 11, "codename": "add_question"}}, {"model": "auth.permission", "pk": 42, "fields": {"name": "Can change question", "content_type": 11, "codename": "change_question"}}, {"model": "auth.permission", "pk": 43, "fields": {"name": "Can delete question", "content_type": 11, "codename": "delete_question"}}, {"model": "auth.permission", "pk": 44, "fields": {"name": "Can view question", "content_type": 11, "codename": "view_question"}}, {"model": "auth.permission", "pk": 45, "fields": {"name": "Can add teacher", "content_type": 12, "codename": "add_teacher"}}, {"model": "auth.permission", "pk": 46, "fields": {"name": "Can change teacher", "content_type": 12, "codename": "change_teacher"}}, {"model": "auth.permission", "pk": 47, "fields": {"name": "Can delete teacher", "content_type": 12, "codename": "delete_teacher"}}, {"model": "auth.permission", "pk": 48, "fields": {"name": "Can view teacher", "content_type": 12, "codename": "view_teacher"}}, {"model": "auth.permission", "pk": 49, "fields": {"name": "Can add study solve data", "content_type": 13, "codename": "add_studysolvedata"}}, {"model": "auth.permission", "pk": 50, "fields": {"name": "Can change study solve data", "content_type": 13, "codename": "change_studysolvedata"}}, {"model": "auth.permission", "pk": 51, "fields": {"name": "Can delete study solve data", "content_type": 13, "codename": "delete_studysolvedata"}}, {"model": "auth.permission", "pk": 52, "fields": {"name": "Can view study solve data", "content_type": 13, "codename": "view_studysolvedata"}}, {"model": "auth.permission", "pk": 53, "fields": {"name": "Can add solve", "content_type": 14, "codename": "add_solve"}}, {"model": "auth.permission", "pk": 54, "fields": {"name": "Can change solve", "content_type": 14, "codename": "change_solve"}}, {"model": "auth.permission", "pk": 55, "fields": {"name": "Can delete solve", "content_type": 14, "codename": "delete_solve"}}, {"model": "auth.permission", "pk": 56, "fields": {"name": "Can view solve", "content_type": 14, "codename": "view_solve"}}, {"model": "auth.permission", "pk": 57, "fields": {"name": "Can add self solve data", "content_type": 15, "codename": "add_selfsolvedata"}}, {"model": "auth.permission", "pk": 58, "fields": {"name": "Can change self solve data", "content_type": 15, "codename": "change_selfsolvedata"}}, {"model": "auth.permission", "pk": 59, "fields": {"name": "Can delete self solve data", "content_type": 15, "codename": "delete_selfsolvedata"}}, {"model": "auth.permission", "pk": 60, "fields": {"name": "Can view self solve data", "content_type": 15, "codename": "view_selfsolvedata"}}, {"model": "auth.permission", "pk": 61, "fields": {"name": "Can add mark", "content_type": 16, "codename": "add_mark"}}, {"model": "auth.permission", "pk": 62, "fields": {"name": "Can change mark", "content_type": 16, "codename": "change_mark"}}, {"model": "auth.permission", "pk": 63, "fields": {"name": "Can delete mark", "content_type": 16, "codename": "delete_mark"}}, {"model": "auth.permission", "pk": 64, "fields": {"name": "Can view mark", "content_type": 16, "codename": "view_mark"}}, {"model": "auth.permission", "pk": 65, "fields": {"name": "Can add keyword", "content_type": 17, "codename": "add_keyword"}}, {"model": "auth.permission", "pk": 66, "fields": {"name": "Can change keyword", "content_type": 17, "codename": "change_keyword"}}, {"model": "auth.permission", "pk": 67, "fields": {"name": "Can delete keyword", "content_type": 17, "codename": "delete_keyword"}}, {"model": "auth.permission", "pk": 68, "fields": {"name": "Can view keyword", "content_type": 17, "codename": "view_keyword"}}]